<launch>

  <arg name="product" />

  <!-- OMPL Plugin for MoveIt! -->
  <arg name="planning_plugin" value="ompl_interface/OMPLPlanner" />

  <!-- The request adapters (plugins) used when planning with OMPL. 
       ORDER MATTERS -->
  <arg name="planning_adapters" value="default_planner_request_adapters/AddTimeParameterization
				       default_planner_request_adapters/FixWorkspaceBounds
				       default_planner_request_adapters/FixStartStateBounds
				       default_planner_request_adapters/FixStartStateCollision
				       default_planner_request_adapters/FixStartStatePathConstraints" />

  <arg name="start_state_max_bounds_error" value="0.1" />

  <param name="planning_plugin" value="$(arg planning_plugin)" />
  <param name="request_adapters" value="$(arg planning_adapters)" />
  <param name="start_state_max_bounds_error" value="$(arg start_state_max_bounds_error)" />

  <param name="/dummy" command="
      $(find torobo_moveit_config)/scripts/load_ompl_planning.py 
      --model_dir=$(find torobo_description)/config/models
      --srdf=torobo.srdf
      --robot_config=$(find torobo_description)/config/products/$(arg product).yaml
      --ompl_planning_yaml=$(find torobo_moveit_config)/config/ompl_planning.yaml
      --dump_file=/tmp/torobo_rosparam_ompl_planning.yaml
      " />
  <rosparam command="load" file="/tmp/torobo_rosparam_ompl_planning.yaml" />

</launch>
