0, 0, 0, 0, 0, 0, 0, 
0, 0, 0, 0, 0, 0, 0, 
-2.77069, -59.7602, 68.4321, 89.7336, -108.836, -94.5145, 97.2936, 
-2.77069, -59.7141, 68.4066, 89.719, -108.833, -94.513, 97.2926, 
-2.77069, -59.6736, 68.3836, 89.7058, -108.832, -94.5117, 97.2916, 
-2.77069, -59.638, 68.3628, 89.6939, -108.83, -94.5104, 97.2908, 
-2.77069, -59.6063, 68.3437, 89.6828, -108.828, -94.5093, 97.29, 
-2.77069, -59.579, 68.3269, 89.6731, -108.827, -94.5083, 97.2893, 
-2.7707, -59.555, 68.3117, 89.6642, -108.826, -94.5074, 97.2887, 
-2.7707, -59.534, 68.298, 89.6562, -108.825, -94.5066, 97.2881, 
-2.77072, -59.5174, 68.2856, 89.649, -108.823, -94.5058, 97.2876, 
-2.7707, -59.5161, 68.2745, 89.6423, -108.823, -94.5052, 97.2872, 
-2.56398, -59.6154, 68.3139, 90.7008, -109.066, -94.4709, 96.2467, 
-2.56302, -59.615, 68.3045, 90.694, -109.065, -94.4701, 96.2458, 
-2.56302, -59.615, 68.2964, 90.6889, -109.065, -94.4697, 96.2455, 
-2.56303, -59.615, 68.289, 90.6843, -109.064, -94.4694, 96.2452, 
-2.56303, -59.615, 68.2824, 90.6801, -109.063, -94.469, 96.245, 
-2.56303, -59.615, 68.2763, 90.6763, -109.063, -94.4688, 96.2447, 
-2.56303, -59.615, 68.2708, 90.6728, -109.062, -94.4685, 96.2445, 
-2.56304, -59.615, 68.266, 90.6698, -109.062, -94.4683, 96.2443, 
-3.98718, -60.5482, 70.3757, 88.9169, -107.636, -93.5909, 96.9171, 
-3.9906, -60.5422, 70.3634, 88.9181, -107.635, -93.5897, 96.9186, 
-5.04818, -60.268, 70.8779, 88.146, -107.923, -94.3482, 97.326, 
-3.57569, -59.1595, 68.8338, 86.8168, -109.538, -95.6839, 98.2397, 
-5.85002, -59.1948, 70.8574, 86.3614, -108.735, -95.1, 97.463, 
-5.55917, -59.3867, 70.6996, 85.8057, -108.547, -95.2126, 98.6517, 
-5.56303, -59.3899, 70.6971, 85.8075, -108.548, -95.2128, 98.6526, 
-5.56299, -59.3899, 70.695, 85.8069, -108.548, -95.2127, 98.6525, 
-2.45035, -59.4016, 68.3975, 89.952, -109.184, -94.5699, 96.9864, 
-2.41324, -59.5254, 68.3845, 90.0181, -109.194, -94.5637, 96.967, 
-2.41337, -59.5276, 68.3831, 90.0166, -109.194, -94.5636, 96.967, 
-4.3992, -57.7838, 70.0113, 85.9886, -111.149, -94.8881, 98.9402, 
-5.33031, -57.946, 70.2862, 85.3016, -112.397, -94.9397, 98.2163, 
-3.62407, -58.9265, 70.5254, 86.6863, -112.291, -95.0723, 98.5492, 
-5.60676, -58.1652, 70.9786, 85.4806, -112.248, -95.3685, 98.0897, 
0, 0, 0, 0, 0, 0, 0, 
-5.14959, -58.9687, 71.7895, 86.5898, -112.223, -94.1055, 98.0598, 
-8.0457, -56.979, 73.8233, 82.1203, -113.539, -95.1409, 99.9288, 
-8.23136, -57.7267, 74.5596, 82.4993, -113.905, -94.353, 99.3845, 
-8.99229, -56.0584, 75.904, 80.1227, -114.884, -95.3329, 99.5071, 
-9.00284, -56.0781, 75.901, 80.1303, -114.893, -95.3326, 99.5098, 
-7.62228, -53.4178, 76.5775, 80.495, -117.415, -95.6828, 99.1049, 
-7.63675, -53.4372, 76.5756, 80.498, -117.425, -95.6788, 99.1054, 
-7.53713, -52.7788, 79.457, 81.974, -119.23, -93.9329, 99.3999, 
-9.42304, -51.4262, 80.5858, 80.0655, -120.21, -94.1087, 98.8508, 
-11.2872, -51.4831, 82.8773, 75.6947, -121.222, -95.3711, 100.65, 
-11.3275, -51.7169, 82.9057, 75.6216, -121.237, -95.3916, 100.689, 
-12.7217, -50.1608, 85.2458, 74.2992, -122.441, -95.6763, 101.16, 
-12.7182, -50.175, 85.2473, 74.2946, -122.447, -95.6757, 101.161, 
-9.91615, -49.2097, 83.8523, 77.5188, -124.41, -95.6793, 100.693, 
-10.9199, -49.5957, 85.9221, 77.3027, -123.901, -93.9157, 101.379, 
-10.9412, -49.8121, 85.9484, 77.3295, -123.886, -93.8714, 101.394, 
-12.9534, -49.1948, 86.6823, 75.4767, -123.681, -94.6973, 100.278, 
-12.9428, -49.2086, 86.691, 75.4725, -123.683, -94.7002, 100.277, 
-12.5067, -49.5209, 86.0615, 75.9288, -124.845, -95.5408, 100.392, 
-14.5175, -47.629, 89.16, 72.2397, -126.402, -95.6728, 101.588, 
-14.064, -47.9815, 89.1042, 72.4452, -127.498, -95.396, 98.0256, 
-14.013, -48.7422, 89.9352, 71.5438, -129.271, -94.7857, 92.7859, 
-15.0802, -48.5325, 92.6808, 69.2926, -131.995, -95.0833, 90.4921, 
-16.7954, -47.8121, 96.5561, 66.3792, -134.516, -95.5603, 88.7087, 
-17.3534, -48.0041, 96.4827, 65.6596, -134.394, -95.2555, 88.3572, 
-17.3433, -48.0248, 96.4972, 65.6613, -134.396, -95.261, 88.3564, 
-17.3432, -48.0251, 96.5004, 65.659, -134.398, -95.2615, 88.3565, 
-15.5869, -47.0774, 95.3869, 69.0553, -131.341, -93.7536, 94.1853, 
-15.4088, -47.8203, 95.6471, 68.6776, -130.099, -94.0712, 96.9419, 
-18.7165, -47.7647, 97.0516, 65.7869, -129.275, -95.1195, 95.1871, 
-18.3016, -48.0184, 97.6603, 64.978, -132.05, -95.3234, 95.6019, 
-17.345, -47.5876, 99.6763, 66.3325, -132.206, -93.6203, 95.649, 
-17.8202, -47.0395, 100.394, 65.4533, -133.531, -94.1578, 95.9082, 
-17.9098, -46.69, 100.601, 65.2318, -133.797, -94.6757, 94.1704, 
-19.1038, -46.3821, 103.702, 64.9386, -135.569, -92.1533, 94.3048, 
-19.1218, -46.7508, 103.72, 64.9644, -135.589, -92.1134, 94.3069, 
-19.1218, -46.7566, 103.722, 64.9612, -135.59, -92.1136, 94.3069, 
-19.2767, -45.8222, 103.872, 63.3561, -135.767, -93.4246, 93.0649, 
-19.2819, -45.8368, 103.876, 63.3604, -135.771, -93.4267, 93.0652, 
-22.9324, -48.4305, 105.631, 58.3661, -134.68, -94.4568, 93.0412, 
-23.0498, -48.9941, 106.252, 58.2454, -134.185, -94.9183, 92.4887, 
-23.3568, -48.8873, 106.052, 58.0444, -134.102, -94.7, 92.0011, 
-21.9441, -48.109, 105.612, 60.1333, -134.571, -93.8448, 90.3485, 
-21.948, -48.1139, 105.614, 60.1358, -134.573, -93.8439, 90.3474, 
-20.7096, -48.3365, 105.697, 61.8751, -134.357, -91.7974, 89.2302, 
-20.4877, -48.1581, 105.621, 60.3656, -134.492, -92.9008, 89.5703, 
-20.5123, -48.1785, 105.618, 60.3849, -134.497, -92.9057, 89.5736, 
-22.8941, -49.722, 106.843, 59.1639, -133.477, -92.0359, 88.0462, 
-23.5855, -49.4118, 106.515, 57.0953, -134.205, -94.2382, 87.9384, 
-25.1376, -51.0453, 107.84, 54.5467, -133.439, -95.4098, 87.6693, 
-22.8982, -50.8119, 107.431, 56.2537, -133.856, -94.1824, 86.5996, 
-18.0385, -48.8139, 102.826, 56.1714, -134.068, -94.1514, 86.6722, 
-19.6347, -49.3092, 104.68, 56.4009, -134.386, -93.8271, 85.7422, 
-22.4989, -51.4901, 106.907, 56.0106, -132.721, -93.2587, 83.9875, 
-25.8585, -52.4389, 108.141, 53.267, -131.11, -93.1501, 83.2677, 
-23.955, -51.6248, 107.306, 55.7909, -131.938, -93.4997, 82.7185, 
-22.7089, -50.5093, 106.311, 57.7591, -132.234, -92.2765, 81.8008, 
-23.8322, -51.4777, 107.02, 55.7987, -131.394, -92.5173, 82.1995, 
-23.8407, -52.0189, 107.023, 55.7763, -131.388, -92.5198, 82.2016, 
-24.3321, -51.9545, 107.874, 55.9319, -129.867, -91.3396, 81.3312, 
-24.3316, -51.9654, 107.872, 55.9345, -129.872, -91.3401, 81.3307, 
-22.713, -50.3101, 106.764, 58.5718, -130.694, -90.4313, 79.3744, 
-22.71, -50.3317, 106.774, 58.5786, -130.696, -90.432, 79.3717, 
-22.0675, -51.2312, 107.652, 59.5246, -128.758, -88.1547, 80.2407, 
-22.5376, -50.8315, 108.245, 57.5648, -127.802, -89.0833, 80.8715, 
-21.5881, -50.9405, 108.207, 59.1815, -127.931, -89.311, 80.9213, 
-19.9889, -49.3833, 107.742, 63.5959, -127.416, -86.6727, 78.6072, 
-19.9676, -49.8335, 107.744, 63.6706, -127.42, -86.6385, 78.5753, 
-18.3913, -47.996, 107.763, 66.3548, -125.56, -84.8535, 78.7837, 
-18.3061, -48.6493, 108.128, 65.5593, -124.686, -83.7607, 79.0614, 
-20.5398, -48.3381, 108.83, 65.2843, -123.774, -84.2233, 77.1788, 
-20.5016, -48.3595, 108.845, 65.2716, -123.776, -84.226, 77.1744, 
-20.5015, -48.3598, 108.845, 65.2695, -123.774, -84.2257, 77.1744, 
-21.0067, -48.9401, 109.238, 63.3874, -123.286, -85.05, 78.6589, 
-19.0227, -48.3931, 109.177, 66.749, -122.744, -83.1212, 77.4136, 
-18.2339, -46.9543, 108.963, 69.9258, -122.153, -81.4939, 74.7587, 
-19.1164, -48.232, 109.257, 67.9833, -122.117, -82.8499, 76.41, 
-17.8662, -46.4682, 108.983, 70.5294, -121.588, -82.0098, 74.5487, 
-18.2537, -47.2924, 109.084, 68.621, -121.65, -83.0156, 75.654, 
-17.3136, -46.7171, 109.232, 70.1424, -120.523, -81.7175, 75.1387, 
0, 0, 0, 0, 0, 0, 0, 
-16.7243, -46.5932, 109.108, 71.0741, -119.795, -81.105, 74.8232, 
-16.6461, -46.9702, 109.091, 71.1754, -119.806, -81.0597, 74.8015, 
-19.7422, -46.8448, 109.795, 68.3326, -118.569, -82.5754, 74.8229, 
-17.0199, -45.9676, 108.89, 71.5593, -119.126, -80.8486, 73.3663, 
-16.1968, -45.1107, 108.539, 73.031, -118.986, -80.3958, 72.3989, 
-15.7516, -46.0729, 109.259, 73.8763, -117.642, -78.8615, 72.6959, 
-15.4342, -45.0835, 109.043, 75.1544, -117.459, -78.7913, 71.6463, 
-17.3998, -45.6424, 109.522, 71.7022, -116.705, -79.7911, 72.7785, 
-16.4463, -45.518, 109.72, 74.2413, -115.77, -78.3892, 71.6157, 
-16.4098, -45.8967, 109.727, 74.3502, -115.749, -78.3362, 71.5715, 
-14.4257, -43.9064, 108.616, 75.0364, -116.32, -78.8417, 72.3007, 
-15.4125, -44.0022, 109.352, 75.9738, -115.438, -78.2845, 69.8475, 
-15.4436, -44.3723, 109.371, 76.0194, -115.423, -78.2656, 69.7706, 
-16.9478, -45.0771, 110.498, 73.8463, -113.588, -78.1412, 70.0655, 
-16.9481, -45.0909, 110.499, 73.8502, -113.591, -78.1433, 70.0662, 
-16.9481, -45.0911, 110.499, 73.8489, -113.59, -78.1433, 70.0663, 
-13.7034, -43.1286, 110.922, 79.0158, -111.613, -75.2202, 67.1996, 
-14.1459, -42.9933, 112.172, 79.1349, -109.497, -74.6393, 65.754, 
-15.2054, -43.1692, 112.756, 79.4511, -108.712, -74.5586, 63.2163, 
-16.3373, -43.4055, 113.186, 77.8583, -108.204, -75.8767, 63.894, 
-15.9524, -43.3207, 113.783, 79.9071, -106.521, -74.0989, 61.5856, 
-16.0595, -42.659, 113.018, 80.6008, -107.39, -75.2031, 61.511, 
-14.5846, -41.8142, 112.542, 80.6939, -107.446, -75.6306, 63.5349, 
-14.8854, -42.2747, 113.758, 82.9925, -104.608, -73.0355, 59.9483, 
-13.9064, -41.3086, 113.363, 85.3231, -103.781, -71.7103, 57.8177, 
-13.8588, -41.5633, 113.329, 85.4501, -103.76, -71.6403, 57.7177, 
-13.466, -40.6211, 114.389, 85.6739, -101.766, -71.4024, 56.4573, 
-12.5836, -39.3756, 114.108, 88.678, -101.411, -70.8065, 54.3703, 
-15.0696, -39.6777, 115.142, 88.5639, -99.5373, -71.6768, 52.683, 
-15.2272, -40.178, 115.531, 88.8498, -98.9838, -71.4688, 52.4588, 
-15.2264, -40.1732, 115.531, 88.8439, -98.9817, -71.4693, 52.4579, 
-11.3636, -37.7587, 114.314, 91.7554, -98.4679, -68.67, 52.4893, 
-12.4343, -39.2304, 115.826, 92.5106, -96.5525, -68.3289, 51.1589, 
-14.1541, -39.1731, 115.367, 91.2103, -97.4703, -70.3526, 53.0122, 
-11.7085, -38.2518, 114.436, 92.0852, -98.0143, -69.0192, 53.9484, 
-10.7463, -37.2257, 113.994, 94.2976, -98.122, -68.868, 52.3649, 
-11.1507, -38.923, 114.972, 92.965, -96.5814, -67.8885, 53.7147, 
-10.6798, -37.6114, 114.837, 94.7765, -95.7598, -67.8167, 51.6701, 
-8.52199, -36.8507, 114.177, 96.8054, -95.4724, -66.1177, 52.3284, 
-8.53393, -36.8541, 114.17, 96.8045, -95.4728, -66.115, 52.3284, 
-9.8001, -36.6243, 114.446, 98.1746, -93.945, -66.1119, 50.1617, 
-9.56395, -38.0898, 115.096, 96.3401, -93.1025, -65.1286, 51.452, 
-9.5614, -38.3552, 115.095, 96.3394, -93.1073, -65.1189, 51.4538, 
-11.7705, -38.2018, 115.694, 96.4987, -92.0759, -66.5789, 49.0917, 
-11.7453, -38.2131, 115.709, 96.4928, -92.0799, -66.5832, 49.0879, 
-8.40182, -36.6169, 114.434, 98.2552, -93.7529, -65.573, 51.7724, 
-8.39843, -36.8411, 114.423, 98.262, -93.7587, -65.5653, 51.7738, 
-9.75301, -37.2453, 115.598, 97.9452, -90.3606, -64.7664, 50.1073, 
-9.40162, -35.2871, 114.709, 99.298, -90.6396, -65.4882, 48.4375, 
-7.26262, -34.2034, 113.977, 101.11, -90.7634, -63.7148, 48.9269, 
-6.73957, -34.1331, 113.793, 102.43, -90.9167, -63.4258, 48.3123, 
-5.45828, -33.709, 113.453, 103.875, -89.2459, -61.1622, 48.2042, 
-5.45496, -33.8581, 113.435, 103.889, -89.2438, -61.1483, 48.2036, 
-4.15594, -32.237, 112.016, 104.52, -89.6114, -60.1499, 50.5895, 
-2.89478, -31.2436, 112.34, 106.466, -88.085, -59.2761, 48.9864, 
0, 0, 0, 0, 0, 0, 0, 
0, 0, 0, 0, 0, 0, 0, 
-2.86452, -31.6052, 112.825, 106.142, -85.8974, -57.7062, 50.6904, 
-2.61983, -31.2013, 112.714, 107.928, -84.8554, -57.3498, 48.7421, 
-1.41687, -29.8732, 112.409, 110.89, -83.5579, -56.6433, 47.3266, 
-1.38514, -29.8832, 112.377, 110.985, -83.5184, -56.6092, 47.2879, 
-2.68308, -31.2392, 113.596, 109.246, -81.53, -56.7072, 48.2058, 
-1.16444, -29.7447, 112.369, 109.963, -82.7041, -55.6619, 49.8662, 
-1.15209, -29.792, 112.339, 109.982, -82.7124, -55.6454, 49.8789, 
1.67351, -26.4772, 110.344, 113.452, -82.0616, -53.8472, 46.1603, 
3.62414, -26.4117, 110.899, 113.87, -80.3602, -51.3806, 47.5, 
3.65474, -26.3984, 110.873, 113.895, -80.3284, -51.3325, 47.5212, 
3.46258, -26.6953, 110.66, 114.778, -78.8699, -50.5319, 45.8873, 
2.254, -26.8514, 111.017, 113.053, -80.1337, -51.3376, 48.4549, 
2.22801, -26.8532, 111.006, 113.033, -80.1556, -51.3461, 48.5054, 
0.0986011, -28.1691, 112.19, 113.992, -76.3116, -52.513, 44.3041, 
3.28337, -26.113, 111.062, 114.855, -76.9565, -49.8666, 45.864, 
3.40335, -26.0068, 110.997, 114.9, -76.9803, -49.7628, 45.9205, 
1.14195, -27.3257, 112.128, 115.742, -74.6815, -51.3144, 44.5872, 
1.1632, -27.3228, 112.138, 115.728, -74.6817, -51.3198, 44.5838, 
5.49542, -23.913, 109.814, 117.2, -76.6405, -47.7963, 46.0964, 
5.55248, -23.7926, 109.751, 117.236, -76.6601, -47.7422, 46.1161, 
5.55143, -23.7894, 109.755, 117.235, -76.6612, -47.7423, 46.1165, 
2.6459, -26.5421, 112.408, 117.953, -72.0928, -50.077, 43.3301, 
2.64042, -26.5254, 112.402, 117.944, -72.0814, -50.066, 43.3263, 
5.53792, -22.6074, 109.929, 119.816, -74.5678, -48.1869, 44.319, 
6.05107, -22.5482, 110.147, 119.135, -74.035, -47.1439, 44.7639, 
3.67179, -24.0605, 111.399, 119.612, -70.7689, -49.1072, 41.9209, 
5.89919, -22.8595, 111.344, 120.83, -69.9443, -47.3402, 42.0811, 
7.17172, -21.7969, 111.087, 122.022, -68.0855, -46.8005, 40.1927, 
7.16699, -21.8037, 111.085, 122.022, -68.0869, -46.7973, 40.1862, 
7.16584, -21.8051, 111.089, 122.02, -68.0861, -46.7989, 40.1869, 
4.87034, -22.7447, 111.549, 122.726, -67.2524, -49.1625, 38.8515, 
5.77077, -23.5842, 112.629, 122.928, -63.95, -48.7988, 37.7027, 
5.80235, -23.5375, 112.661, 122.925, -63.8206, -48.7675, 37.6588, 
5.80466, -23.5359, 112.662, 122.926, -63.8212, -48.7681, 37.659, 
5.80404, -23.5359, 112.664, 122.927, -63.8216, -48.7698, 37.6592, 
5.8061, -23.536, 112.662, 122.928, -63.8218, -48.7719, 37.6586, 
4.51051, -25.2965, 113.815, 123.448, -60.4102, -51.0638, 35.2867, 
4.49956, -25.2546, 113.825, 123.432, -60.3849, -51.0633, 35.2703, 
3.0323, -27.5027, 115.343, 124.273, -57.6156, -53.6815, 33.1013, 
1.66726, -28.5361, 115.414, 121.121, -56.1931, -52.1845, 32.7703, 
1.5275, -26.1053, 115.373, 123.274, -59.3951, -54.6376, 33.4935, 
1.30433, -27.4818, 116.217, 122.337, -58.2618, -54.325, 33.2314, 
0.365489, -27.0001, 116.199, 122.847, -59.418, -56.088, 33.4472, 
-1.6856, -29.1784, 116.857, 122.744, -58.7331, -58.4941, 31.402, 
0.254953, -28.6752, 117.294, 123.678, -56.7698, -57.7457, 29.8435, 
0.337715, -28.6647, 117.322, 123.687, -56.689, -57.7022, 29.7773, 
0.339394, -28.665, 117.32, 123.691, -56.6887, -57.704, 29.7766, 
0.339144, -28.6651, 117.319, 123.693, -56.6885, -57.7053, 29.7767, 
0.195154, -28.1471, 116.755, 123.654, -57.103, -58.6594, 28.6377, 
0, 0, 0, 0, 0, 0, 0, 
-1.27672, -29.9802, 117.161, 122.524, -57.0435, -60.3804, 27.9147, 
-2.56719, -31.1225, 118.311, 119.934, -58.6552, -60.7803, 30.7412, 
-3.09008, -32.225, 118.984, 120.591, -56.5449, -62.646, 27.7122, 
-3.09596, -32.321, 119.011, 120.574, -56.5252, -62.662, 27.6755, 
-6.79683, -35.6541, 120.586, 118.765, -55.8016, -66.21, 26.7329, 
-4.52516, -34.1048, 119.656, 120.168, -55.1868, -64.8244, 25.4079, 
-6.78466, -35.1238, 120.156, 118.306, -56.4492, -66.866, 26.3092, 
-7.29684, -35.5182, 119.673, 119.187, -56.8717, -67.7962, 24.4396, 
-7.70717, -37.0753, 120.491, 118.64, -55.8281, -68.4184, 23.3225, 
-5.1263, -34.395, 118.427, 117.17, -58.4698, -65.4788, 25.1944, 
-6.56188, -35.8855, 119.53, 116.341, -58.0667, -66.6692, 25.2665, 
-8.36989, -36.2972, 119.214, 116.676, -58.189, -69.2207, 23.0638, 
-7.45417, -36.1598, 119.119, 115.785, -58.7218, -68.5876, 23.4012, 
-8.73129, -37.7411, 120.113, 115.162, -56.8749, -69.8129, 21.8846, 
-11.5228, -40.3473, 121.672, 114.383, -55.5884, -72.8059, 20.4027, 
-9.14852, -38.9138, 120.802, 115.573, -55.9719, -71.2001, 20.1685, 
-10.6496, -40.6737, 121.378, 112.593, -55.8796, -71.6807, 20.3444, 
-10.3902, -40.0531, 120.735, 112.775, -57.7055, -72.0549, 21.0257, 
-8.84437, -39.3229, 119.887, 112.756, -58.0894, -71.0664, 20.2276, 
-10.146, -39.7118, 119.705, 111.039, -59.7924, -72.1672, 21.3, 
-11.7034, -41.8365, 120.689, 109.596, -59.0437, -72.9625, 20.9227, 
-11.2022, -42.2669, 120.757, 109.256, -57.7991, -72.6507, 19.4514, 
-11.2115, -42.2806, 120.752, 109.268, -57.8002, -72.647, 19.4504, 
-12.0634, -42.6857, 120.855, 109.589, -58.0134, -74.6189, 17.7891, 
-12.0587, -42.685, 120.854, 109.589, -58.0129, -74.6196, 17.788, 
-15.3559, -45.4477, 121.344, 106.23, -58.5223, -76.4254, 17.3006, 
-15.8229, -44.5161, 120.293, 105.372, -60.4433, -77.6824, 17.9243, 
-15.8296, -44.8165, 120.306, 105.347, -60.4749, -77.7044, 17.931, 
-15.808, -45.4677, 120.241, 103.164, -60.7211, -77.0206, 18.5254, 
-14.644, -44.3654, 119.459, 103.316, -62.8274, -76.9067, 20.4703, 
-14.0538, -45.1699, 119.381, 103.878, -61.6152, -76.3836, 17.943, 
-15.7175, -45.8485, 119.179, 101.456, -63.2899, -76.9617, 20.5101, 
-17.6847, -47.5512, 120.206, 100.115, -63.2827, -78.2772, 20.9959, 
-16.1812, -47.085, 119.26, 99.7541, -63.616, -76.6765, 21.2538, 
-15.1382, -45.4437, 117.875, 100.488, -65.4438, -77.3015, 21.9866, 
-16.5445, -47.1313, 118.193, 97.7294, -65.8927, -77.0478, 23.6718, 
-16.5902, -47.8774, 118.5, 98.2644, -64.6766, -77.4257, 21.3362, 
-17.1472, -47.6003, 117.855, 98.8165, -65.9514, -78.3652, 21.9035, 
-15.817, -46.1399, 116.571, 99.7327, -66.8453, -78.4826, 21.1338, 
-16.8611, -47.1194, 116.448, 97.4064, -68.0117, -78.4761, 23.1554, 
-15.6247, -46.9321, 115.575, 96.5841, -69.4123, -77.0448, 26.1253, 
-14.4525, -47.4847, 115.086, 97.7013, -70.1729, -76.1872, 26.5475, 
-14.5391, -46.7469, 113.853, 95.9718, -71.8664, -76.2635, 29.1552, 
-15.5039, -48.2374, 113.795, 93.3459, -73.5087, -76.1596, 31.8036, 
-15.503, -48.2346, 113.796, 93.347, -73.5026, -76.1603, 31.8082, 
-15.503, -48.2346, 113.793, 93.3469, -73.5024, -76.158, 31.8081, 
-15.3052, -48.2441, 112.808, 93.971, -75.3535, -76.2364, 32.7316, 
-14.1305, -47.3579, 111.288, 94.754, -78.0384, -76.6652, 34.7011, 
-14.1065, -47.6787, 111.282, 94.7676, -78.0904, -76.6922, 34.7419, 
-13.7403, -47.5678, 109.314, 92.8961, -81.0907, -75.9819, 38.3998, 
-15.4105, -48.9314, 109.612, 90.8021, -81.7126, -76.5344, 40.11, 
-14.3578, -48.9836, 109.822, 90.5221, -81.1979, -76.1354, 40.7013, 
-12.3515, -47.3233, 106.836, 91.1089, -85.2447, -76.8086, 43.4857, 
-12.3489, -47.657, 106.861, 91.1122, -85.2433, -76.8345, 43.4906, 
-14.4523, -48.5517, 108.256, 90.9427, -83.1357, -77.0104, 41.6414, 
-13.8634, -48.538, 107.517, 88.7933, -84.5946, -77.2012, 44.9783, 
-14.7597, -48.7619, 108.167, 88.8498, -83.288, -77.5004, 42.4342, 
-12.629, -47.9839, 106.905, 90.4303, -84.6223, -77.2137, 43.6413, 
-12.5608, -48.2933, 106.884, 90.4805, -84.6609, -77.22, 43.6813, 
-12.5611, -48.2986, 106.882, 90.48, -84.6608, -77.2186, 43.6812, 
-12.5611, -48.2987, 106.88, 90.4801, -84.6612, -77.2172, 43.6811, 
-12.5611, -48.2987, 106.879, 90.4802, -84.6616, -77.2159, 43.681, 
-14.8516, -49.6584, 107.015, 87.0191, -85.4697, -77.7315, 46.8899, 
-13.0165, -49.6781, 105.79, 87.2332, -87.0982, -77.5816, 48.5199, 
-14.9167, -50.4825, 107.148, 85.707, -86.5722, -79.1346, 48.7234, 
-13.0059, -49.3886, 105.732, 88.2681, -87.2186, -78.7045, 48.211, 
-12.5902, -49.7058, 105.732, 89.3699, -86.3537, -77.5435, 47.6658, 
-12.5854, -49.7121, 105.732, 89.3663, -86.355, -77.5431, 47.664, 
-12.5854, -49.7121, 105.73, 89.3669, -86.3554, -77.5422, 47.6639, 
-12.0922, -48.5588, 103.621, 87.0063, -89.9348, -79.5287, 51.8187, 
-13.2768, -50.6759, 104.424, 85.7468, -88.9045, -78.1758, 52.6315, 
-11.5729, -48.6278, 102.524, 88.2379, -90.5869, -79.1865, 52.3754, 
-11.7253, -49.2574, 102.188, 87.1712, -91.403, -79.1277, 53.2751, 
-11.7256, -49.2559, 102.188, 87.1728, -91.4027, -79.1272, 53.2758, 
-10.0855, -49.7361, 101.575, 85.6633, -92.2985, -78.8108, 56.4726, 
-12.2325, -50.9506, 102.227, 84.1164, -92.3298, -79.5624, 56.6693, 
-10.496, -50.2929, 101.328, 85.794, -93.7729, -80.3885, 56.3388, 
-10.5095, -50.2973, 101.321, 85.7984, -93.7736, -80.3841, 56.3386, 
-12.899, -50.1311, 101.898, 83.2472, -95.663, -84.0465, 55.5215, 
-12.7574, -51.1729, 102.017, 81.4086, -95.6013, -83.7104, 57.5634, 
-14.3453, -51.4391, 102.547, 82.8753, -94.4633, -83.4258, 55.4097, 
-14.3022, -51.448, 102.56, 82.8543, -94.4649, -83.4289, 55.4031, 
-15.2672, -52.7472, 103.498, 79.4559, -94.3154, -83.8747, 57.9595, 
-13.409, -52.0858, 102.529, 82.295, -94.6486, -83.5872, 56.6173, 
-16.0726, -52.4344, 103.638, 80.0153, -93.1981, -84.1818, 55.8665, 
-13.9444, -52.424, 102.835, 81.6541, -92.9998, -82.9501, 55.3019, 
-12.3344, -51.1905, 101.176, 83.8449, -93.7776, -83.0016, 54.7195, 
-14.4365, -51.8562, 102.313, 80.4939, -92.1342, -82.7134, 55.7003, 
-14.4172, -53.0798, 102.052, 81.3734, -92.7183, -82.4407, 55.9907, 
-14.4624, -52.7944, 101.809, 81.0772, -92.2187, -82.2302, 55.9951, 
-14.2079, -52.6637, 100.691, 79.1938, -93.5175, -82.6724, 58.5481, 
-12.2771, -52.6418, 99.6414, 81.7605, -93.9784, -81.7513, 58.0048, 
-11.4622, -52.4251, 98.1461, 81.2592, -94.5801, -80.9787, 58.7244, 
-13.9375, -54.2538, 98.8414, 78.8629, -93.8923, -80.1327, 59.3065, 
-12.3382, -53.6329, 97.5713, 81.6286, -94.6056, -79.9907, 58.7825, 
-11.0024, -53.9484, 96.609, 81.3622, -94.8785, -78.962, 59.7547, 
-10.7328, -53.5717, 95.8751, 80.8576, -94.994, -78.8274, 60.3772, 
-11.7523, -54.6217, 96.5022, 80.4602, -95.1837, -79.2148, 61.1535, 
-14.5597, -54.6334, 96.2473, 76.7275, -96.1239, -80.9313, 63.041, 
-12.8026, -55.3958, 95.9826, 78.516, -95.1715, -78.9278, 61.8902, 
-12.7761, -55.8176, 96.0056, 78.5213, -95.1484, -78.9124, 61.874, 
-11.429, -54.975, 93.827, 79.4237, -97.169, -79.8017, 63.3547, 
-13.0909, -55.5814, 93.739, 78.2661, -97.4503, -79.949, 63.6707, 
-13.0554, -55.5835, 93.7557, 78.2568, -97.4461, -79.9552, 63.6705, 
-13.0553, -55.5834, 93.7536, 78.2586, -97.4472, -79.9539, 63.6704, 
-12.1069, -55.205, 91.964, 78.4451, -98.6964, -80.0791, 64.5541, 
-12.7567, -56.729, 92.2882, 75.6659, -98.6459, -79.8083, 67.5965, 
-14.6281, -56.1378, 92.401, 74.3795, -98.4162, -80.6701, 66.2752, 
-13.323, -56.6068, 91.4234, 76.6142, -99.2516, -80.4151, 66.4066, 
-13.2873, -57.0146, 91.4156, 76.6579, -99.2646, -80.4193, 66.4115, 
-13.9617, -58.2563, 91.7303, 75.6843, -98.8337, -79.6586, 67.5954, 
-13.9603, -58.2523, 91.7279, 75.6865, -98.8338, -79.6579, 67.5959, 
-13.9603, -58.2522, 91.7257, 75.6892, -98.835, -79.6569, 67.5958, 
-13.9603, -58.2521, 91.7238, 75.6916, -98.8361, -79.6559, 67.5958, 
-15.7751, -58.4057, 89.5768, 72.1306, -101.75, -81.3569, 70.6403, 
-13.6429, -59.1407, 88.626, 73.6799, -101.848, -80.2983, 71.6635, 
-15.7524, -59.822, 88.7358, 70.0346, -102.286, -81.3702, 74.3469, 
-16.3124, -59.3456, 87.9217, 70.3787, -102.734, -81.8225, 72.9064, 
-16.1138, -59.4763, 87.0649, 71.432, -103.002, -81.8729, 73.9718, 
-17.3571, -59.8701, 87.3387, 69.3544, -102.762, -81.8515, 73.9871, 
-17.3534, -59.8779, 87.3424, 69.3608, -102.764, -81.8533, 73.988, 
-16.8249, -59.8521, 86.533, 68.416, -103.464, -82.6609, 75.5273, 
-16.8321, -59.857, 86.5351, 68.4247, -103.466, -82.6611, 75.5289, 
-16.832, -59.8571, 86.5346, 68.4278, -103.467, -82.66, 75.5288, 
-16.4254, -60.0017, 85.6087, 70.5153, -103.721, -81.668, 74.2366, 
-14.7536, -60.0414, 84.969, 72.0975, -103.982, -81.7686, 75.0435, 
-17.7991, -61.0577, 86.5922, 68.35, -104.236, -83.5091, 75.6235, 
-17.3639, -61.0571, 86.737, 69.3387, -104.171, -84.1456, 74.1905, 
-17.353, -61.5121, 86.7459, 69.3349, -104.157, -84.1588, 74.1606, 
-19.2235, -62.1635, 86.6565, 65.268, -104.158, -84.5295, 77.2026, 
-17.2351, -61.617, 85.5746, 68.6115, -104.385, -84.3742, 75.7277, 
-17.6481, -62.2296, 86.0766, 66.3743, -103.434, -83.9629, 77.5008, 
-16.6463, -62.0545, 85.6782, 69.2955, -103.204, -83.3961, 75.8079, 
-16.5981, -62.4929, 85.6695, 69.422, -103.185, -83.3704, 75.724, 
-18.8667, -61.707, 85.5251, 66.0253, -102.905, -84.0709, 77.2708, 
-18.8775, -62.2121, 85.5227, 65.9832, -102.897, -84.0783, 77.2784, 
-16.7809, -61.2206, 83.595, 69.0464, -103.967, -84.3681, 76.8546, 
-15.6216, -61.7517, 83.5775, 71.5781, -103.331, -83.0763, 75.7041, 
-15.6004, -62.1952, 83.5935, 71.6133, -103.315, -83.0561, 75.6831, 
-11.1171, -59.1607, 81.8535, 71.2081, -101.599, -77.2904, 72.4436, 
-11.0986, -59.5647, 81.859, 71.217, -101.596, -77.285, 72.4298, 
-16.3501, -61.3681, 83.8642, 67.865, -103.438, -81.1388, 75.0803, 
-13.3908, -60.0515, 80.8841, 67.5894, -100.929, -78.3681, 72.7216, 
-13.3674, -59.9214, 82.3121, 67.1742, -97.7937, -73.2493, 69.2397, 
-13.8566, -60.4674, 80.2343, 67.0554, -97.2392, -71.494, 68.2145, 
-11.9276, -59.89, 80.7711, 65.5079, -93.9467, -69.5115, 66.9232, 
-11.947, -60.1693, 78.73, 63.077, -88.925, -66.719, 65.0493, 
-12.1817, -60.7944, 77.8202, 61.9299, -86.6574, -65.498, 64.1393, 
-9.24159, -59.6516, 74.9587, 61.632, -84.3062, -62.9029, 61.8891, 
-10.0994, -59.758, 73.8287, 59.047, -79.7193, -59.7043, 60.023, 
-10.2491, -60.5462, 74.1312, 58.8485, -77.8293, -57.5709, 58.1375, 
-8.61803, -60.126, 71.2062, 57.0731, -74.8558, -55.432, 56.8876, 
-9.46105, -59.9384, 73.9987, 56.9049, -72.7884, -51.0905, 53.79, 
-9.77034, -60.8147, 68.6986, 53.4162, -74.6615, -46.8212, 50.3428, 
-10.3779, -61.5184, 65.7228, 53.104, -74.3623, -45.1427, 49.2952, 
-11.6527, -62.0096, 61.5229, 52.9957, -74.0038, -42.5329, 47.8904, 
-8.74146, -60.2534, 55.8029, 50.2465, -68.9311, -39.5662, 46.1034, 
-9.31497, -60.8309, 55.0269, 48.4697, -65.9872, -37.8722, 45.2141, 
0, 0, 0, 0, 0, 0, 0, 
-4.89674, -58.0881, 49.3552, 45.9529, -58.5873, -31.6656, 41.1104, 
-4.64449, -58.4631, 49.0389, 45.789, -58.4251, -31.5047, 40.9693, 
-5.93741, -58.2807, 53.6179, 46.1684, -54.9824, -25.7718, 36.5633, 
-6.66485, -58.8667, 52.7203, 44.4709, -51.4683, -23.73, 35.4338, 
-7.85712, -59.2085, 51.4887, 41.7751, -46.5892, -20.9182, 34.118, 
-8.06129, -60.2411, 49.2997, 40.0513, -48.1421, -19.2497, 32.8695, 
-4.85794, -58.9912, 49.8221, 37.8131, -49.988, -17.0535, 30.9574, 
-0.164897, -56.5997, 46.2887, 37.9431, -47.6883, -14.3799, 28.5525, 
-0.587266, -57.1631, 44.2173, 37.8739, -47.585, -13.3003, 28.0066, 
-0.65833, -57.7657, 43.9159, 37.7307, -47.5711, -13.1942, 27.9584, 
-2.40052, -58.1942, 48.4307, 39.7916, -54.0502, -19.0973, 32.2239, 
0.852667, -56.7451, 49.3428, 37.6929, -55.7365, -17.0179, 30.338, 
5.73083, -54.0595, 46.5721, 37.7203, -54.1507, -13.8378, 28.3263, 
5.39229, -54.698, 44.3051, 36.023, -56.0293, -11.8802, 26.9685, 
8.32108, -53.3235, 44.8883, 33.9954, -57.8396, -9.79018, 25.3476, 
6.96999, -54.6389, 46.3054, 34.9722, -60.0169, -14.0145, 27.7282, 
6.10812, -55.7417, 47.5795, 35.5818, -61.7904, -16.2326, 29.2599, 
4.58741, -57.0527, 49.5886, 36.4159, -64.3664, -19.6514, 31.5802, 
6.99754, -56.0948, 51.6285, 34.7716, -60.0806, -17.8139, 30.5249, 
6.36893, -57.2727, 52.2275, 35.1578, -60.8948, -19.77, 31.6632, 
4.82581, -58.6249, 54.2618, 36.281, -63.9286, -23.2333, 34.0238, 
2.51396, -59.8287, 56.9356, 37.951, -68.0037, -28.2491, 37.3092, 
1.48787, -61.1925, 57.7831, 38.4041, -69.3863, -30.6711, 38.7935, 
-0.226304, -62.8662, 58.9545, 39.2204, -71.5029, -34.6186, 41.0491, 
-2.79685, -64.5841, 60.3644, 40.3671, -74.2458, -40.067, 44.1576, 
-4.15051, -66.088, 61.2426, 40.8503, -75.8155, -43.0335, 45.8962, 
-6.05169, -67.8241, 62.222, 42.1009, -77.9306, -47.5074, 48.3027, 
-8.924, -69.0274, 63.8774, 43.745, -81.3655, -53.7175, 51.6974, 
-10.4197, -70.5188, 64.7612, 44.6421, -83.1275, -56.987, 53.5831, 
-12.6663, -71.8408, 65.3995, 45.9199, -85.0795, -61.6941, 56.158, 
-13.7671, -73.3036, 65.8358, 46.3304, -86.009, -63.9957, 57.5857, 
-15.436, -74.7307, 66.3225, 47.7486, -87.4631, -67.7987, 59.5936, 
-18.2008, -75.3526, 66.8868, 48.4264, -89.2887, -72.9965, 62.8509, 
-19.5535, -76.3219, 67.2648, 49.0886, -90.4396, -75.7911, 64.491, 
-19.6221, -77.0694, 67.3557, 49.1291, -90.4938, -75.9418, 64.5934, 
-19.6229, -77.0799, 67.3474, 49.1292, -90.4949, -75.9431, 64.5934, 
-22.2037, -76.7875, 67.6026, 52.4786, -93.274, -82.2362, 68.0244, 
-24.4795, -76.9135, 67.7294, 52.9304, -94.9227, -85.8088, 71.0309, 
-27.8304, -76.0576, 67.4237, 53.3144, -97.3184, -90.4892, 75.3311, 
-29.2595, -75.7793, 67.0385, 54.9924, -97.8672, -91.3011, 75.5508, 
-29.2768, -76.4229, 67.0867, 55.0505, -97.8567, -91.2742, 75.5534, 
-29.2774, -76.433, 67.0808, 55.0479, -97.8579, -91.2772, 75.5534, 
-29.2779, -76.4331, 67.0759, 55.0451, -97.8595, -91.2805, 75.5533, 
-29.2784, -76.4331, 67.0714, 55.0425, -97.861, -91.2836, 75.5532, 
-26.5994, -77.0681, 65.0983, 59.1598, -99.2993, -91.4288, 75.1824, 
-28.3595, -77.1221, 65.2256, 55.9246, -98.9227, -91.231, 76.9726, 
-27.596, -76.5753, 64.1442, 56.8002, -99.1359, -91.1315, 76.6481, 
-27.5979, -76.6045, 64.1492, 56.7976, -99.1378, -91.1356, 76.6472, 
-27.5982, -76.6048, 64.1461, 56.7964, -99.139, -91.137, 76.6472, 
-27.5985, -76.6048, 64.1432, 56.7952, -99.1402, -91.1384, 76.6471, 
-28.8924, -77.629, 63.015, 54.7697, -100.134, -90.5448, 79.9814, 
-30.1442, -77.5168, 63.4855, 54.3104, -99.3678, -90.2005, 79.149, 
-28.8595, -77.7156, 62.3578, 54.9632, -100.096, -90.596, 79.8549, 
-26.6413, -78.6326, 62.2716, 60.0319, -99.6754, -89.9414, 77.4087, 
-28.4185, -78.6225, 62.3968, 56.9354, -99.5392, -90.2414, 79.54, 
-26.8108, -78.9009, 61.3663, 59.8854, -99.7757, -89.7337, 77.696, 
-28.1729, -79.3426, 61.1333, 57.4013, -100.073, -90.0206, 79.4479, 
-28.5012, -79.7101, 60.0276, 57.2154, -100.86, -90.1397, 81.0141, 
-29.0232, -79.3843, 60.0569, 56.7921, -100.98, -91.0352, 81.3414, 
-29.6319, -79.7337, 60.0249, 57.8588, -100.333, -89.2933, 79.1882, 
-29.6043, -79.7156, 60.0949, 57.0446, -100.171, -89.9936, 80.7927, 
-30.0109, -79.8182, 59.8313, 57.9576, -100.259, -89.8806, 80.4759, 
-28.2332, -81.2595, 59.2734, 60.9684, -100.389, -89.4538, 78.9915, 
-28.3605, -80.6603, 58.2204, 59.9878, -100.912, -89.8823, 80.2565, 
-27.1072, -81.3273, 58.3092, 62.2794, -100.434, -89.6831, 79.4462, 
-28.8163, -80.7362, 58.4875, 58.7319, -100.306, -90.5392, 81.9154, 
-30.0628, -80.7794, 58.4368, 57.6669, -100.248, -90.4744, 83.5643, 
-28.2624, -80.8931, 57.6668, 61.7685, -100.457, -90.3895, 80.9911, 
-28.0858, -81.429, 57.0815, 60.9732, -100.481, -90.2425, 83.1002, 
-27.9329, -81.3857, 56.8714, 62.79, -100.132, -89.6564, 81.1175, 
-28.5127, -81.2311, 56.4604, 60.6167, -100.714, -90.5658, 82.7435, 
-29.5446, -81.4229, 56.4417, 59.082, -100.236, -90.1143, 84.7579, 
-29.0955, -81.9012, 56.2819, 60.9082, -100.045, -89.7668, 83.9038, 
-27.7592, -83.3527, 56.1451, 64.1113, -99.9734, -89.5487, 82.6522, 
-27.7034, -83.9692, 56.1578, 64.2266, -99.9672, -89.5439, 82.603, 
-28.3146, -83.8641, 56.0928, 63.544, -99.2373, -88.5623, 83.1631, 
-29.1143, -82.2886, 55.4293, 62.6264, -99.8308, -89.7073, 82.3211, 
-27.5865, -84.2947, 55.5154, 65.3005, -99.2057, -88.531, 82.6651, 
-29.3394, -82.6735, 55.4808, 61.4334, -99.3854, -89.9139, 84.3266, 
-29.0909, -82.2703, 54.8687, 60.4241, -99.7087, -90.7845, 84.5185, 
-27.6432, -83.6144, 54.4944, 64.3143, -99.6325, -90.2476, 82.8241, 
-27.0632, -84.609, 54.2017, 66.2997, -99.3866, -89.6707, 82.0719, 
-27.0365, -85.1768, 54.1967, 66.3916, -99.372, -89.6444, 82.0359, 
-29.044, -83.8784, 54.1077, 63.2726, -99.169, -89.8665, 83.5889, 
-29.0268, -83.9033, 54.1124, 63.2633, -99.1695, -89.8704, 83.591, 
-27.9678, -84.7173, 53.5816, 66.215, -99.0856, -89.2241, 82.5407, 
-28.5959, -84.276, 53.526, 64.0066, -99.0666, -90.0144, 83.4177, 
-28.6095, -85.2503, 53.8759, 65.2096, -98.0585, -88.7453, 83.1993, 
-29.8194, -83.8571, 53.1518, 62.6763, -98.8477, -90.0136, 85.0931, 
-29.8095, -83.8824, 53.1621, 62.6687, -98.8467, -90.0173, 85.094, 
-29.7254, -84.5589, 52.8414, 62.4723, -98.7984, -89.4373, 85.0078, 
-27.9997, -85.3344, 52.0392, 65.1625, -99.2307, -89.7252, 84.5432, 
-28.011, -85.3412, 52.0487, 65.163, -99.2319, -89.726, 84.5411, 
-28.4653, -85.8057, 51.9881, 66.4173, -99.6677, -89.953, 83.6455, 
-30.5649, -85.2027, 52.5027, 62.951, -99.0287, -89.7007, 85.4617, 
-28.5033, -86.5456, 51.272, 64.7794, -99.6072, -89.7589, 85.4575, 
-30.1166, -86.5004, 51.2835, 65.2427, -99.4569, -89.0617, 85.028, 
-29.7376, -87.6134, 50.9503, 67.051, -99.2133, -87.8047, 83.8402, 
-30.5966, -89.0458, 50.5469, 66.7636, -99.2416, -86.3972, 84.7658, 
-31.6768, -89.419, 49.3655, 66.0476, -100.713, -86.4897, 85.7342, 
-31.6649, -89.4214, 49.371, 66.0456, -100.709, -86.4908, 85.7343, 
-32.1834, -90.2428, 48.1162, 64.7737, -101.733, -86.219, 88.4577, 
-32.1806, -90.2397, 48.1265, 64.7763, -101.728, -86.2225, 88.463, 
-32.1806, -90.2396, 48.1272, 64.7803, -101.73, -86.2219, 88.463, 
-32.1806, -90.2395, 48.1279, 64.784, -101.731, -86.2214, 88.4629, 
-32.1807, -90.2395, 48.1284, 64.7873, -101.732, -86.2209, 88.4628, 
-32.1807, -90.2394, 48.1289, 64.7903, -101.733, -86.2205, 88.4628, 
-30.4179, -91.0499, 47.4472, 67.8389, -102.234, -86.7746, 87.4551, 
-31.3619, -90.3328, 47.5281, 66.7701, -101.994, -86.9047, 87.6673, 
-29.8755, -91.5617, 47.4229, 70.3102, -102.076, -87.0637, 86.108, 
-31.2213, -91.4197, 47.4554, 67.5304, -101.931, -87.1595, 87.808, 
0, 0, 0, 0, 0, 0, 0, 
-30.3048, -91.4257, 46.6195, 69.3538, -101.523, -86.6948, 87.672, 
-30.3083, -91.452, 46.6316, 69.3464, -101.526, -86.6975, 87.6696, 
-31.1115, -91.5586, 46.9073, 68.978, -101.429, -86.823, 87.9708, 
-31.6743, -90.7812, 46.6075, 66.2995, -101.411, -87.2948, 89.5229, 
-32.0559, -91.691, 47.1103, 68.1796, -100.463, -85.9466, 88.5438, 
-30.6198, -92.0403, 46.1649, 70.5378, -101.373, -86.9287, 87.6484, 
-31.2822, -91.7251, 46.1687, 68.7224, -101.067, -86.9062, 88.6661, 
-31.0096, -91.4417, 45.45, 68.5166, -101.508, -87.6866, 89.3117, 
-31.7833, -91.5797, 45.6819, 68.2803, -101.279, -87.5688, 89.7006, 
-30.8745, -93.372, 45.5146, 72.2144, -100.874, -86.1367, 87.9906, 
-29.8299, -92.6221, 44.2827, 71.9213, -101.843, -87.7846, 89.2261, 
-31.9991, -92.3, 44.7222, 68.9589, -101.714, -87.7916, 91.3529, 
-31.7827, -94.1272, 44.3569, 71.0108, -101.775, -86.9603, 91.6066, 
-31.8065, -92.9879, 43.1936, 70.2801, -102.601, -88.3536, 94.1326, 
-31.7565, -94.5645, 42.3219, 71.925, -103.252, -87.7302, 94.2937, 
-31.5563, -96.1975, 41.7383, 73.4688, -103.584, -87.3844, 95.8896, 
-31.5474, -96.202, 41.7455, 73.4626, -103.578, -87.3846, 95.8898, 
-31.5387, -96.985, 40.9312, 73.5084, -104.995, -88.3208, 97.1623, 
-31.5636, -97.6538, 41.1246, 76.3788, -104.001, -86.6236, 95.301, 
-31.5456, -97.6683, 41.128, 76.3647, -104.001, -86.6222, 95.2954, 
-30.8195, -98.5901, 40.4442, 77.8478, -105.188, -87.5677, 95.7632, 
-31.7612, -98.123, 40.1336, 75.0817, -105.358, -87.9327, 98.1378, 
-33.0956, -97.7845, 40.2762, 74.3343, -105.574, -87.9859, 98.069, 
-32.1549, -98.7702, 40.2106, 76.2906, -105.313, -87.9422, 98.0853, 
-32.8332, -98.105, 39.083, 74.6552, -106.268, -88.3338, 99.7397, 
-32.6084, -98.6946, 39.1633, 73.7785, -106.197, -89.2406, 101.707, 
-32.7524, -99.3153, 39.3866, 75.6406, -105.86, -88.6977, 100.692, 
-32.6879, -98.2596, 38.2979, 73.6276, -107.348, -90.807, 101.977, 
-34.6036, -100.621, 35.4561, 74.784, -104.621, -91.5431, 101.992, 
-34.3506, -101.096, 35.5292, 76.4707, -103.921, -90.7038, 100.719, 
-33.4141, -100.525, 34.7652, 77.9838, -104.835, -92.0595, 99.5157, 
-33.1796, -101.73, 34.6225, 79.9094, -104.271, -90.7864, 98.9602, 
-33.6771, -101.73, 34.7112, 76.5762, -104.721, -92.2255, 101.561, 
-33.541, -101.854, 34.5245, 77.2357, -103.603, -91.2025, 101.432, 
-33.6952, -102.219, 34.4251, 79.9, -103.73, -90.8323, 98.9895, 
-33.2022, -99.6095, 37.6452, 81.5416, -100.632, -91.1275, 93.8719, 
-32.9808, -98.3046, 39.8911, 82.5211, -98.4892, -91.3809, 90.5225, 
-32.9698, -98.6653, 40.0269, 82.6097, -98.3908, -91.3956, 90.343, 
-32.3951, -95.0949, 44.0353, 84.4153, -94.3943, -91.7508, 84.1122, 
-32.1115, -93.2716, 46.5515, 85.6347, -91.831, -92.0012, 80.3264, 
-31.4974, -90.3817, 49.816, 87.3907, -88.5225, -92.3138, 75.2241, 
0, 0, 0, 0, 0, 0, 0, 
-30.9574, -87.4093, 53.7132, 89.5018, -83.9381, -92.7984, 69.0214, 
-30.5231, -85.498, 56.0932, 90.7819, -81.4291, -92.879, 65.3984, 
-30.2452, -82.321, 59.3228, 92.3771, -78.0397, -93.2979, 60.2934, 
-30.0275, -81.0638, 60.8973, 93.4131, -76.6029, -93.4668, 57.6949, 
-29.614, -78.5087, 63.2393, 94.6995, -74.1717, -93.7823, 53.6077, 
-28.5591, -74.4917, 66.7255, 96.6851, -71.1369, -93.8574, 47.7703, 
-28.5642, -72.2807, 68.7871, 97.5913, -69.5395, -94.1185, 44.4181, 
-27.3459, -68.6862, 71.5608, 99.7842, -66.5045, -94.3704, 39.3848, 
-26.6383, -67.295, 72.4808, 101.345, -64.4538, -94.4837, 36.6836, 
-27.105, -63.9303, 74.79, 100.263, -62.4009, -94.4524, 34.1346, 
-27.9888, -61.5212, 75.9919, 100.992, -61.5646, -95.5392, 30.7086, 
-28.0038, -61.6858, 76.0007, 101.209, -61.6467, -95.5015, 30.6555, 
-28.0033, -61.6897, 76.0012, 101.19, -61.638, -95.5064, 30.6557, 
-28.0031, -61.69, 76.0019, 101.172, -61.6298, -95.5113, 30.6559, 
-28.4595, -62.4179, 76.3914, 99.4506, -61.3709, -94.0579, 31.6013, 
-27.5065, -61.6069, 75.6836, 100.318, -61.3709, -94.5091, 32.026, 
-26.1095, -62.3626, 75.5254, 100.733, -61.2885, -94.2321, 31.7152, 
-26.7824, -63.3085, 76.5047, 100.166, -60.2511, -92.5594, 31.9699, 
-23.4932, -61.2461, 76.5808, 97.2142, -61.9992, -89.8076, 30.5113, 
-23.6742, -64.0765, 74.0465, 96.1523, -65.1379, -89.742, 35.2659, 
-24.0831, -65.9212, 72.4206, 95.595, -66.6006, -89.8814, 37.8452, 
-24.4813, -68.4957, 70.2527, 94.8044, -69.0915, -89.8236, 41.7694, 
-24.8802, -71.7794, 67.5394, 93.6326, -72.8871, -89.3213, 47.3948, 
-25.3985, -73.9577, 65.5905, 92.8559, -74.3653, -89.6075, 50.3289, 
-25.104, -74.2284, 66.245, 92.3627, -72.1127, -85.1754, 47.9977, 
-25.4024, -73.2556, 69.1341, 91.5535, -70.8756, -78.7179, 46.1005, 
0, 0, 0, 0, 0, 0, 0, 
-17.8268, -68.6642, 63.2347, 90.6948, -67.9841, -72.3743, 43.1682, 
-16.3329, -68.0283, 63.4159, 89.5134, -66.182, -71.1536, 42.6359, 
-13.3043, -66.6051, 61.9028, 89.2167, -65.7487, -68.2953, 41.9178, 
-9.18418, -63.4644, 61.8189, 85.641, -67.4412, -64.8825, 39.8933, 
-9.61979, -62.5753, 64.8215, 84.9814, -66.4552, -59.0516, 38.2133, 
-9.65407, -62.8126, 64.9598, 85.0228, -66.4176, -58.859, 38.1511, 
-9.77485, -62.8781, 61.4539, 80.9137, -60.536, -55.5857, 36.8027, 
-7.15696, -60.9334, 58.2972, 80.696, -58.5405, -53.3006, 35.2649, 
-7.14081, -61.2544, 53.9643, 76.7371, -61.0496, -49.9926, 33.3372, 
-3.17893, -58.9643, 54.9467, 73.0934, -55.8468, -47.1248, 32.1304, 
-3.4351, -59.9768, 51.9436, 70.6196, -56.8647, -45.0443, 30.609, 
-4.32636, -59.9053, 50.0079, 67.041, -52.8841, -42.0221, 29.9175, 
-4.91898, -59.2959, 53.422, 67.5082, -51.5124, -35.8934, 28.0653, 
-5.12538, -59.7008, 51.6123, 65.4503, -48.4004, -34.3706, 27.3784, 
-5.22898, -60.0123, 48.6478, 62.1096, -43.6638, -32.0899, 26.4028, 
-3.20834, -58.7187, 48.3668, 60.0314, -44.4781, -30.4937, 25.2586, 
0.213199, -56.1877, 48.2263, 56.9431, -46.0833, -28.1005, 23.4118, 
-0.650447, -55.7611, 46.4412, 53.084, -41.7234, -25.1378, 22.8076, 
1.3567, -54.9486, 44.3802, 53.0168, -40.7322, -23.8451, 21.9672, 
4.78303, -53.3152, 42.6779, 53.5678, -41.0265, -21.0418, 21.4555, 
3.59481, -52.3152, 46.9311, 55.1943, -41.8943, -16.8941, 21.0035, 
3.11088, -52.3006, 49.2194, 56.3644, -42.0478, -14.5055, 20.405, 
3.07236, -52.5516, 49.3231, 56.4598, -42.0268, -14.3133, 20.3598, 
2.21157, -51.6792, 55.2089, 60.0295, -42.1306, -8.05715, 18.6002, 
1.66735, -51.5537, 58.5886, 62.092, -41.6434, -3.94044, 17.2618, 
0.84448, -50.6339, 63.7531, 65.2794, -41.9143, 1.34623, 15.8541, 
0.625685, -50.4575, 66.37, 67.2034, -41.682, 4.30743, 14.8966, 
-0.13947, -50.1123, 70.2322, 69.2951, -41.3355, 8.71794, 13.6811, 
-0.557799, -49.6437, 75.7063, 73.1498, -40.5323, 14.6698, 11.6166, 
-0.914657, -49.6124, 78.9081, 75.551, -39.6987, 18.1777, 10.0497, 
-0.916283, -49.7236, 78.9898, 75.752, -39.6307, 18.2555, 10.041, 
-1.10526, -49.4331, 83.8944, 79.4924, -38.1466, 24.1714, 7.22031, 
-1.18345, -49.3707, 86.9882, 82.4447, -37.0296, 27.6473, 5.28428, 
-1.99283, -49.5001, 90.6063, 84.1731, -35.3924, 32.5846, 3.13272, 
-1.89896, -49.3355, 92.4222, 85.9275, -34.6205, 34.9038, 1.63109, 
-1.72192, -49.2029, 96.1402, 89.8553, -33.2246, 38.7436, -1.08853, 
-2.98764, -49.6328, 99.3741, 90.0668, -31.1381, 44.2834, -3.03336, 
-2.76081, -49.2452, 101.903, 91.7063, -30.2594, 45.8026, -5.25646, 
-3.06451, -49.8022, 102.409, 93.4288, -30.3846, 44.9124, -5.31765, 
-3.56661, -50.613, 103.359, 91.1647, -28.7659, 50.1232, -5.42445, 
-2.32557, -48.8056, 102.014, 93.0433, -30.0513, 47.3347, -6.2068, 
-2.2732, -48.7646, 101.962, 93.1797, -30.0542, 47.228, -6.23922, 
-1.22314, -48.6712, 101.754, 92.7411, -28.6984, 52.2645, -6.02244, 
-0.564511, -47.9757, 101.178, 93.9133, -29.7652, 49.3706, -6.29734, 
0.590935, -47.6981, 99.9569, 96.0609, -31.3204, 45.4434, -5.76543, 
0.360221, -48.3214, 100.581, 95.3347, -30.3687, 48.0625, -5.45326, 
0.230594, -48.8344, 101.175, 93.9917, -29.4428, 51.398, -5.79677, 
0.229225, -48.8678, 101.188, 93.9872, -29.3835, 51.4827, -5.80602, 
0.305455, -48.9028, 100.991, 94.268, -29.2224, 52.0609, -5.64593, 
0.306239, -48.9027, 100.991, 94.2648, -29.2261, 52.0599, -5.6459, 
-0.286176, -50.0672, 101.021, 94.5026, -29.3439, 50.596, -4.39499, 
-0.284126, -50.0616, 101.02, 94.5, -29.3454, 50.5949, -4.39404, 
1.55196, -48.4952, 100.082, 93.4043, -29.5524, 52.903, -5.6248, 
1.53336, -48.5075, 100.082, 93.4188, -29.5565, 52.9079, -5.62717, 
1.53327, -48.5077, 100.083, 93.4167, -29.5588, 52.9073, -5.62716, 
1.60562, -49.3008, 100.595, 94.5648, -29.9873, 51.2631, -5.19004, 
1.6029, -49.2918, 100.589, 94.5612, -29.9875, 51.2622, -5.18854, 
1.60286, -49.2917, 100.588, 94.5603, -29.989, 51.2621, -5.18852, 
1.60283, -49.2917, 100.588, 94.5596, -29.9903, 51.2619, -5.18851, 
5.38067, -48.7376, 98.8625, 96.3409, -30.5858, 51.5304, -4.02136, 
7.31136, -48.6478, 97.4935, 98.6607, -31.6995, 50.0933, -3.23865, 
7.34782, -48.5867, 97.4602, 98.7112, -31.713, 50.0641, -3.22379, 
9.71688, -47.6471, 95.5977, 100.362, -32.9377, 49.1159, -3.25416, 
9.70652, -47.6449, 95.5976, 100.367, -32.9382, 49.1161, -3.25404, 
10.8311, -47.3984, 94.7955, 101.534, -33.633, 47.7517, -2.64548, 
10.8273, -47.396, 94.7952, 101.535, -33.6331, 47.7517, -2.64491, 
11.0062, -47.7408, 94.1391, 103.826, -35.7488, 41.7337, -1.42864, 
14.1218, -46.9583, 92.1745, 106.114, -37.1685, 38.8395, -0.745564, 
14.8408, -48.1433, 92.8193, 106.373, -37.4003, 38.3365, 0.157297, 
16.9043, -47.2177, 90.0278, 108.512, -39.0088, 35.9941, 0.545167, 
17.9333, -47.5957, 90.2321, 108.778, -39.3823, 34.871, 1.32761, 
17.903, -47.5801, 90.2135, 108.79, -39.3763, 34.8786, 1.33035, 
17.9029, -47.5799, 90.2146, 108.789, -39.3747, 34.8794, 1.3303, 
0, 0, 0, 0, 0, 0, 0, 
18.678, -48.0895, 88.3482, 111.326, -40.6413, 31.5667, 2.64105, 
18.6839, -47.8611, 88.3223, 111.357, -40.6682, 31.5346, 2.65143, 
16.2834, -48.9238, 91.1579, 108.684, -40.674, 31.5646, 2.81576, 
16.2745, -48.9184, 91.1471, 108.691, -40.6656, 31.5725, 2.81788, 
18.1964, -48.3615, 87.6132, 111.409, -42.3292, 28.252, 3.60974, 
20.1664, -48.2065, 87.7505, 111.137, -42.1257, 29.7216, 3.81241, 
20.1941, -47.9775, 87.7461, 111.145, -42.1363, 29.7353, 3.81554, 
17.0796, -50.1902, 89.1735, 111.371, -42.8372, 26.4164, 5.49382, 
17.0591, -50.012, 89.1946, 111.366, -42.8607, 26.3848, 5.50484, 
17.0592, -50.0087, 89.1936, 111.367, -42.8592, 26.3858, 5.50474, 
17.0592, -50.0086, 89.1926, 111.367, -42.8575, 26.3867, 5.50468, 
17.0591, -50.0086, 89.1917, 111.368, -42.856, 26.3876, 5.50463, 
17.0591, -50.0086, 89.1909, 111.368, -42.8546, 26.3883, 5.50459, 
17.0591, -50.0086, 89.1901, 111.369, -42.8534, 26.389, 5.50454, 
18.5808, -50.7117, 88.9411, 110.842, -42.3549, 27.7254, 6.34733, 
19.7689, -48.8896, 86.3911, 113.35, -43.8823, 25.3916, 5.40058, 
19.7838, -48.8967, 86.4013, 113.341, -43.8871, 25.3847, 5.39911, 
19.7838, -48.8968, 86.4023, 113.34, -43.8861, 25.385, 5.39908, 
19.7838, -48.8968, 86.4032, 113.339, -43.8852, 25.3853, 5.39906, 
19.7837, -48.8968, 86.404, 113.338, -43.8843, 25.3856, 5.39904, 
19.9985, -48.5324, 87.2292, 112.688, -43.3725, 27.1947, 4.94079, 
17.6411, -49.258, 89.2068, 111.036, -42.898, 27.3932, 5.70587, 
20.6169, -49.8723, 86.1515, 113.944, -44.6245, 24.9814, 6.4067, 
20.2493, -48.8859, 87.1828, 112.284, -44.0793, 26.838, 5.65689, 
20.2328, -48.6281, 87.223, 112.22, -44.0576, 26.9144, 5.62579, 
20.2329, -48.6242, 87.2234, 112.22, -44.0576, 26.9146, 5.62572, 
20.2328, -48.6241, 87.2238, 112.219, -44.0574, 26.9147, 5.62571, 
20.2328, -48.6241, 87.2241, 112.219, -44.0572, 26.9149, 5.6257, 
20.2328, -48.6241, 87.2244, 112.218, -44.057, 26.915, 5.62569, 
20.2328, -48.6241, 87.2247, 112.218, -44.0568, 26.9151, 5.62568, 
20.2328, -48.6241, 87.2249, 112.218, -44.0567, 26.9152, 5.62567, 
20.2328, -48.6241, 87.2252, 112.217, -44.0566, 26.9153, 5.62567, 
20.2327, -48.6242, 87.2254, 112.217, -44.0564, 26.9153, 5.62566, 
20.2327, -48.6242, 87.2255, 112.217, -44.0563, 26.9154, 5.62566, 
20.2327, -48.6242, 87.2257, 112.216, -44.0562, 26.9155, 5.62565, 
20.2327, -48.6242, 87.2259, 112.216, -44.0562, 26.9155, 5.62565, 
0, 0, 0, 0, 0, 0, 0, 
18.3572, -49.3493, 86.9941, 113.062, -44.8712, 23.5236, 6.95857, 
19.0394, -48.2269, 87.3528, 111.823, -45.0314, 25.3765, 5.6774, 
17.5965, -50.0171, 88.6931, 111.148, -44.4228, 25.9261, 7.49756, 
17.2924, -50.3831, 89.2917, 111.473, -44.9724, 24.8567, 7.59677, 
17.287, -50.3724, 89.2765, 111.47, -44.9666, 24.8578, 7.60003, 
16.8022, -50.282, 89.1577, 111.862, -45.1535, 24.189, 8.07533, 
19.8668, -48.2924, 86.609, 113.791, -45.7635, 24.8711, 7.15521, 
17.9796, -48.4613, 88.604, 111.27, -45.4624, 25.7968, 6.70384, 
20.329, -50.038, 86.8433, 114.215, -45.7702, 24.6819, 8.61369, 
18.8037, -50.4669, 87.5315, 113.836, -46.0739, 24.298, 8.83812, 
18.8236, -50.456, 87.5362, 113.826, -46.069, 24.2941, 8.84046, 
18.8237, -50.4558, 87.5357, 113.827, -46.0686, 24.2947, 8.84045, 
18.8236, -50.4558, 87.5354, 113.828, -46.0683, 24.2952, 8.84041, 
18.8236, -50.4558, 87.535, 113.829, -46.068, 24.2957, 8.84039, 
18.8236, -50.4558, 87.5347, 113.83, -46.0677, 24.2961, 8.84036, 
18.8236, -50.4558, 87.5344, 113.83, -46.0674, 24.2965, 8.84034, 
18.8236, -50.4558, 87.5341, 113.831, -46.0672, 24.2969, 8.84032, 
18.8236, -50.4558, 87.5339, 113.831, -46.067, 24.2972, 8.8403, 
18.8235, -50.4558, 87.5337, 113.832, -46.0668, 24.2975, 8.84028, 
18.8235, -50.4558, 87.5335, 113.832, -46.0666, 24.2978, 8.84026, 
18.8235, -50.4557, 87.5333, 113.833, -46.0665, 24.298, 8.84025, 
18.8235, -50.4557, 87.5332, 113.833, -46.0663, 24.2982, 8.84024, 
18.8235, -50.4557, 87.5331, 113.833, -46.0662, 24.2984, 8.84023, 
