-179.823, -16.7897, -179.343, 
-178.945, -9.29742, 178.465, 
179.939, -5.28603, 177.397, 
-178.83, -2.4352, 173.981, 
-178.751, -2.46572, 173.765, 
-171.235, -1.70899, 172.982, 
-172.764, -4.88605, 174.39, 
-175.516, -9.33845, 177.065, 
-176.716, -11.5408, 178.174, 
-176.771, -11.7819, 178.249, 
-173.169, -3.00514, -177.541, 
-171.235, 0.969857, -174.487, 
-168.98, 1.68585, -174.862, 
-174.134, -5.73397, -177.469, 
-174.191, -3.59096, 178.616, 
-176.998, -9.41782, 179.435, 
-178.402, -12.5705, -179.81, 
-179.363, -15.1939, -178.68, 
-179.362, -16.5303, -178.492, 
-179.371, -16.5098, -178.487, 
-179.372, -16.5084, -178.488, 
-179.372, -16.5073, -178.489, 
-179.372, -16.5058, -178.489, 
-179.311, -16.1115, -178.952, 
179.775, -16.1091, -178.901, 
179.791, -16.1055, -178.877, 
179.999, -16.5793, -178.375, 
179.998, -16.5827, -178.396, 
-173.046, -15.0534, 179.561, 
-172.97, -12.5283, 176.044, 
-176.353, -14.253, 177.862, 
-176.573, -12.7504, 175.824, 
-175.988, -9.25013, 177.599, 
-176.022, -9.07719, 173.561, 
-177.923, -0.656038, 171.538, 
-178.751, -4.71616, 173.839, 
-179.447, -10.8737, 177.284, 
-179.788, -16.4819, -179.291, 
-179.423, -16.3797, -178.355, 
-179.426, -16.3891, -178.386, 
179.608, -16.6279, -178.478, 
0, -0, 0, 
-179.129, -8.98029, -174.339, 
-179.715, -12.1611, -176.07, 
-179.639, -8.58283, 178.318, 
-179.769, -11.7562, 179.686, 
-179.528, -15.7672, -178.538, 
-177.641, -11.2378, 174.918, 
-178.487, -13.7604, 178.042, 
-173.903, -13.2555, 177.269, 
-178.216, -15.9074, -179.011, 
-177.719, -12.5637, -176.892, 
-178.965, -15.727, -177.552, 
-179.2, -16.8604, -177.885, 
-178.51, -12.7189, -175.684, 
-175.873, -10.7115, -176.756, 
-176.893, -13.5154, -177.293, 
-178.175, -16.0763, -177.902, 
-176.212, -11.7561, 177.23, 
-177.861, -14.5552, 179.673, 
-178.643, -17.7997, -176.965, 
-179.032, -17.5867, -177.34, 
-179.048, -17.5604, -177.37, 
-179.05, -17.5609, -177.37, 
-179.051, -17.5618, -177.37, 
-179.053, -17.5625, -177.37, 
-179.054, -17.5631, -177.371, 
-179.056, -17.5634, -177.371, 
-179.058, -17.5638, -177.371, 
-179.059, -17.5641, -177.372, 
-178.601, -17.5394, -176.625, 
-178.609, -17.5369, -176.623, 
-178.61, -17.5372, -176.624, 
-178.773, -17.255, -175.302, 
-179.165, -17.8956, -175.839, 
-179.168, -17.8941, -175.839, 
-179.169, -17.8944, -175.84, 
-179.003, -17.4881, -174.75, 
-179.877, -17.4494, -174.954, 
-179.912, -17.4409, -174.959, 
-179.909, -17.4417, -174.959, 
-179.909, -17.4422, -174.96, 
-179.905, -17.4431, -174.959, 
-179.903, -17.4438, -174.958, 
-179.901, -17.4446, -174.96, 
-179.662, -18.7184, -174.834, 
-179.519, -17.6889, -174.991, 
-179.79, -17.8188, -174.73, 
-179.849, -18.698, -174.034, 
-179.662, -18.2213, -173.854, 
-179.65, -18.2008, -173.842, 
-179.651, -18.2006, -173.843, 
-179.651, -18.2011, -173.842, 
-179.65, -18.2013, -173.842, 
-179.65, -18.2018, -173.843, 
-179.65, -18.2017, -173.843, 
-179.48, -17.5576, -174.039, 
179.304, -17.0489, -173.007, 
-179.872, -17.2411, -173.561, 
179.758, -17.6022, -174.1, 
179.772, -17.6011, -174.074, 
179.774, -17.6018, -174.074, 
179.776, -17.6023, -174.074, 
179.629, -16.8921, -173.626, 
179.442, -16.7363, -173.421, 
0, -0, 0, 
0, -0, 0, 
-179.882, -11.6944, -177.564, 
-179.862, -11.5087, -177.736, 
179.637, -16.9595, -173.609, 
179.176, -16.759, -173.929, 
179.176, -16.7549, -173.935, 
179.175, -16.7549, -173.936, 
178.726, -17.4823, -174.068, 
178.736, -17.4863, -174.104, 
178.737, -17.4868, -174.104, 
178.738, -17.4874, -174.105, 
178.738, -17.4877, -174.104, 
-178.235, -7.90141, -170.859, 
-178.057, -7.5265, -170.689, 
179.666, 1.95897, -172.773, 
-178.625, 2.88026, -173.268, 
-173.679, 4.36499, -173.989, 
-171.792, 4.83844, -174.209, 
-172.088, 8.96317, -174.695, 
-170.181, 9.41942, -174.932, 
-168.627, 13.7946, 178.104, 
-165.987, 16.4292, 179.268, 
-165.762, 16.4702, 179.437, 
-158.164, 15.1367, 179.318, 
-156.716, 17.5482, 174.946, 
-154.173, 20.3211, 172.786, 
-152.291, 20.6283, 172.192, 
-150.982, 20.4009, 172.504, 
-150.869, 20.2861, 172.582, 
-150.874, 20.2971, 172.575, 
-142.747, 24.721, 174.105, 
0, -0, 0, 
-132.219, 27.9121, 178.005, 
-130.325, 29.2898, 175.826, 
-128.368, 30.435, 173.402, 
-128.227, 30.3892, 173.313, 
-123.859, 34.1397, 177.701, 
-121.119, 36.069, 174.985, 
-116.375, 35.6348, 174.844, 
-111.385, 39.8067, 179.017, 
-107.354, 40.8199, -177.614, 
-101.088, 41.6958, -172.326, 
-97.2043, 38.6159, -173.938, 
-93.2747, 35.2384, -170.221, 
-90.6725, 32.5796, -171.92, 
-93.0967, 34.844, -179.61, 
-91.5456, 36.9578, 176.421, 
-84.8609, 34.8757, 176.221, 
-84.8274, 34.9067, 176.243, 
-80.6377, 40.0325, 173.654, 
-77.037, 35.7511, 176.606, 
-75.8275, 32.7006, 167.619, 
-74.4376, 37.9276, 157.097, 
-71.4313, 33.8781, 159.271, 
-66.8957, 32.4207, 162.695, 
-66.6406, 32.543, 162.862, 
-66.6462, 32.5238, 162.859, 
-66.6505, 32.5041, 162.858, 
-66.6547, 32.4868, 162.856, 
-66.6581, 32.472, 162.854, 
-62.6523, 23.6854, 164.483, 
-61.7177, 22.671, 162.654, 
-60.1588, 21.1923, 159.838, 
-55.8816, 11.339, 161.449, 
-56.947, 11.4892, 165.372, 
-59.0441, 12.0523, 170.727, 
-56.9665, 10.1936, 169.128, 
-54.9976, 5.34948, 168.839, 
0, -0, 0, 
-49.8928, 2.3895, 157.392, 
-51.6448, 2.80088, 160.821, 
-47.1977, 0.299255, 155.799, 
-50.5501, 1.29561, 162.922, 
-49.3792, 0.195059, 164.39, 
-45.1196, -3.46438, 159.126, 
-41.289, -10.9758, 159.465, 
-39.4479, -15.4814, 160.994, 
-38.3, -12.2902, 157.779, 
-32.5319, -13.3108, 149.633, 
-30.7232, -15.0723, 146.346, 
-27.854, -20.182, 145.505, 
-26.2974, -19.3782, 145.244, 
-24.8034, -20.9343, 141.819, 
-24.6403, -21.2007, 141.496, 
-24.8029, -13.5326, 138.978, 
-21.0179, -14.5281, 132.027, 
-16.6196, -19.9205, 130.465, 
-14.2671, -23.4442, 131.165, 
-10.2552, -27.808, 128.906, 
-3.56984, -26.4915, 116.939, 
-2.83527, -24.1184, 116.6, 
-2.54732, -23.5495, 115.214, 
1.79531, -22.0781, 105.973, 
7.74753, -20.3804, 91.7745, 
10.7959, -21.155, 85.3914, 
4.46137, -14.6593, 82.5006, 
-1.62404, -7.94115, 81.5287, 
0.576841, -9.46444, 81.2156, 
0.617139, -9.33136, 81.2126, 
-2.17206, -8.56009, 73.2317, 
-1.51892, -6.7055, 65.5452, 
-4.19693, -6.17854, 59.143, 
-7.40244, -6.66999, 51.6008, 
-9.49535, -6.91278, 47.6506, 
-13.3711, -3.59756, 49.3409, 
-8.40773, -5.66103, 40.751, 
-7.50375, -4.73104, 35.7674, 
-9.85858, -5.17292, 30.7948, 
-2.70808, -6.96703, 32.2682, 
-3.82196, -7.46072, 29.1476, 
-6.17167, -8.34913, 24.1932, 
0, -0, 0, 
0.548288, -12.6259, 6.9287, 
-1.50436, -13.9609, 2.30411, 
-3.99785, -16.2393, -3.85435, 
-5.27044, -17.6107, -6.85036, 
-6.95721, -20.0209, -11.5849, 
-7.1619, -20.0415, -11.5891, 
-9.09663, -24.3199, -18.5004, 
-10.14, -26.9017, -22.2632, 
-11.0526, -30.8575, -27.7308, 
-11.3208, -36.5299, -35.078, 
-11.1628, -40.2327, -39.5972, 
-10.1574, -45.0969, -45.7815, 
-9.53479, -47.7903, -48.9124, 
-8.01666, -51.5608, -53.7893, 
-3.9045, -56.7849, -62.2611, 
-1.01701, -59.636, -67.2873, 
4.68155, -63.5113, -75.8289, 
16.7304, -68.0755, -91.2238, 
26.755, -70.3207, -103.016, 
44.2611, -71.8881, -122.62, 
69.7983, -70.5588, -150.396, 
82.8447, -68.2665, -164.531, 
96.374, -63.8439, -179.001, 
101.611, -61.1418, 175.455, 
107.9, -56.6746, 169.009, 
114.329, -49.966, 162.791, 
117.662, -46.1185, 160.04, 
0, -0, 0, 
127.557, -33.1259, 154.743, 
130.684, -29.1227, 153.92, 
134.69, -24.1149, 153.6, 
139.644, -17.7951, 154.504, 
142.88, -14.7331, 155.494, 
146.961, -10.7737, 157.224, 
149.189, -8.9313, 158.387, 
152.869, -6.27394, 160.627, 
158.825, -3.04729, 164.909, 
161.515, -1.91523, 166.978, 
166.525, -0.754586, 170.694, 
169.699, -0.211806, 173.56, 
169.695, -0.251912, 173.579, 
169.698, -0.247185, 173.58, 
169.701, -0.242156, 173.58, 
169.703, -0.237748, 173.581, 
169.602, 0.60661, 174.359, 
170.006, 0.753522, 173.899, 
169.859, 0.634398, 173.203, 
169.859, 0.631607, 173.2, 
169.859, 0.630998, 173.2, 
169.67, 0.117269, 173.672, 
169.873, -0.529709, 172.826, 
169.87, -0.540794, 172.813, 
169.448, 0.042347, 172.272, 
169.85, 0.0170926, 173.087, 
170.445, -0.95413, 172.919, 
170.444, -0.950474, 172.918, 
170.444, -0.948752, 172.919, 
170.513, -1.90485, 173.526, 
0, -0, 0, 
0, -0, 0, 
170.517, -1.89599, 173.526, 
170.164, -1.93687, 174.092, 
170.168, -1.92339, 174.104, 
170.169, -1.92139, 174.104, 
171.208, -2.65756, 174.146, 
171.21, -2.69558, 174.129, 
171.385, -3.01513, 175.085, 
171.387, -3.00956, 175.084, 
171.02, -2.47051, 174.969, 
171.023, -2.47708, 174.966, 
171.024, -2.47605, 174.966, 
171.299, -3.60884, 174.836, 
171.818, -3.34566, 175.093, 
172.196, -3.7838, 175.897, 
170.793, -3.89498, 174.913, 
171.648, -3.57851, 175.03, 
171.46, -3.17366, 175.907, 
171.977, -3.92376, 175.603, 
171.805, -3.6738, 175.89, 
171.131, -3.73968, 176.009, 
171.271, -4.76879, 175.924, 
171.337, -4.57245, 176.476, 
171.326, -4.57327, 176.458, 
171.326, -4.57236, 176.458, 
171.325, -4.57157, 176.459, 
171.325, -4.57088, 176.46, 
171.325, -4.57027, 176.46, 
171.325, -4.56975, 176.461, 
171.324, -4.56928, 176.461, 
171.324, -4.56887, 176.461, 
171.013, -4.9015, 177.659, 
171.077, -4.72712, 177.225, 
171.074, -4.76306, 177.203, 
171.074, -4.75927, 177.204, 
171.623, -4.32412, 176.867, 
171.62, -4.35083, 176.84, 
170.659, -3.6035, 176.935, 
170.383, -2.7772, 175.208, 
170.113, -2.48976, 176.413, 
0, -0, 0, 
0, -0, 0, 
170.267, -1.3151, 176.03, 
170.41, -0.828071, 174.725, 
169.427, -1.14379, 175.245, 
169.429, -1.1448, 175.24, 
169.758, -1.13371, 174.048, 
169.738, 0.00867267, 174.37, 
169.746, -0.0220264, 174.346, 
169.744, -0.0238221, 174.346, 
169.566, 0.836462, 173.542, 
169.565, 0.833112, 173.551, 
168.241, 1.31538, 173.051, 
169.595, 1.70774, 173.19, 
168.365, 2.35731, 172.594, 
168.375, 2.34593, 172.595, 
168.138, 2.60083, 171.84, 
167.922, 3.20327, 170.904, 
168.555, 4.05703, 171.026, 
168.58, 5.31997, 170.14, 
168.576, 5.2956, 170.152, 
168.297, 5.75774, 169.45, 
168.298, 5.75254, 169.449, 
167.905, 5.96957, 169.271, 
168.331, 7.24984, 168.084, 
168.318, 7.21636, 168.499, 
168.548, 7.70537, 167.869, 
167.835, 8.16744, 167.106, 
167.829, 8.17679, 167.144, 
167.882, 9.32083, 166.894, 
168.382, 8.82229, 166.206, 
168.368, 8.83846, 166.232, 
168.366, 8.84257, 166.231, 
0, -0, 0, 
0, -0, 0, 
167.492, 9.6019, 165.273, 
168.093, 9.37415, 164.713, 
167.776, 9.49623, 165.772, 
168.167, 9.84466, 165.676, 
166.994, 9.43643, 163.746, 
167.545, 10.1589, 164.08, 
167.546, 10.1459, 164.07, 
167.545, 10.1462, 164.069, 
167.545, 10.1467, 164.068, 
167.183, 10.9405, 164.121, 
167.439, 11.3902, 164.983, 
166.97, 11.5138, 163.248, 
166.985, 11.4993, 163.239, 
166.983, 11.501, 163.238, 
166.982, 11.5026, 163.238, 
167.111, 11.7028, 163.276, 
166.961, 13.1331, 161.511, 
166.976, 13.1182, 161.504, 
166.975, 13.12, 161.503, 
167.013, 14.1068, 160.762, 
167.011, 14.105, 160.768, 
167.011, 14.1054, 160.768, 
167.011, 14.1057, 160.767, 
167.01, 14.106, 160.767, 
166.079, 14.3967, 161.409, 
166.081, 14.3949, 161.406, 
166.033, 14.96, 159.866, 
166.023, 14.9484, 159.848, 
166.202, 14.3694, 161.084, 
165.679, 14.743, 160.51, 
165.606, 15.0502, 160.104, 
165.642, 14.992, 160.115, 
165.681, 15.1026, 160.626, 
165.681, 15.1017, 160.622, 
165.681, 15.1018, 160.622, 
165.68, 15.1019, 160.621, 
0, -0, 0, 
0, -0, 0, 
165.68, 15.1022, 160.62, 
165.121, 15.9851, 159.847, 
165.119, 15.9828, 159.853, 
165.119, 15.9829, 159.853, 
165.118, 15.983, 159.852, 
165.118, 15.9831, 159.852, 
165.118, 15.9832, 159.852, 
165.117, 15.9833, 159.852, 
165.117, 15.9834, 159.851, 
165.117, 15.9835, 159.851, 
165.117, 15.9835, 159.851, 
165.448, 16.1234, 159.309, 
165.511, 16.0352, 159.316, 
165.511, 16.0343, 159.317, 
165.512, 16.0346, 159.317, 
165.512, 16.0349, 159.318, 
165.512, 16.0352, 159.318, 
165.512, 16.0354, 159.318, 
165.512, 16.0356, 159.319, 
165.512, 16.0358, 159.319, 
165.512, 16.036, 159.319, 
165.512, 16.0361, 159.319, 
165.512, 16.0363, 159.32, 
165.512, 16.0364, 159.32, 
169.871, 14.8243, 157.713, 
166.015, 16.4615, 158.104, 
165.729, 16.883, 158.679, 
0, -0, 0, 
165.033, 16.3879, 158.593, 
165.888, 16.5487, 158.076, 
166.164, 17.4293, 158.274, 
166.157, 17.4125, 158.252, 
166.157, 17.4129, 158.252, 
166.158, 17.4133, 158.252, 
166.158, 17.4137, 158.252, 
165.365, 17.7127, 156.59, 
165.369, 17.7081, 156.587, 
165.222, 17.9195, 157.339, 
165.199, 17.5976, 156.441, 
165.556, 17.8304, 157.089, 
165.879, 17.773, 155.938, 
165.214, 18.1616, 156.23, 
165.314, 18.0532, 156.275, 
165.316, 18.0514, 156.275, 
165.316, 18.0516, 156.275, 
164.988, 18.3247, 157.033, 
165.237, 18.2357, 156.114, 
165.399, 18.08, 156.114, 
165.562, 18.2918, 155.444, 
165.566, 18.2861, 155.412, 
165.566, 18.2866, 155.412, 
164.873, 19.0731, 154.288, 
164.946, 18.722, 154.698, 
164.941, 18.725, 154.702, 
165.169, 18.8027, 154.896, 
165.622, 18.8348, 154.719, 
165.374, 19.2312, 153.987, 
165.549, 19.0916, 154.008, 
166.018, 19.3484, 153.564, 
166.348, 18.9931, 154.251, 
165.49, 19.6411, 153.704, 
165.53, 19.6287, 153.722, 
165.808, 19.5276, 152.963, 
166.248, 20.1576, 153.11, 
166.492, 19.9847, 153.186, 
166.318, 20.6358, 153.203, 
166.176, 20.7628, 152.003, 
166.446, 20.5738, 152.071, 
166.492, 20.335, 151.955, 
166.244, 20.2876, 152.168, 
165.848, 20.3685, 152.578, 
166.353, 21.1946, 152.954, 
165.698, 21.7719, 152.293, 
165.917, 21.4377, 152.571, 
166.384, 21.5348, 151.742, 
166.569, 21.611, 151.862, 
166.572, 21.6079, 151.861, 
166.573, 21.6086, 151.862, 
166.573, 21.6093, 151.862, 
166.573, 21.6099, 151.862, 
166.574, 21.6105, 151.863, 
166.574, 21.611, 151.863, 
166.575, 21.6115, 151.863, 
0, -0, 0, 
165.684, 22.5919, 150.623, 
165.932, 21.9405, 149.774, 
165.811, 22.9926, 149.693, 
165.69, 22.9915, 149.932, 
166.004, 23.1117, 149.149, 
164.957, 23.2869, 149.543, 
165.308, 23.1017, 149.686, 
165.797, 22.5635, 149.803, 
165.297, 23.2049, 150.166, 
165.737, 22.832, 149.801, 
164.903, 23.4344, 149.823, 
165.265, 23.2676, 149.973, 
165.394, 23.5563, 149.892, 
166.048, 23.9578, 148.945, 
165.276, 23.5029, 148.17, 
165.173, 24.1766, 147.9, 
165.199, 24.1675, 147.954, 
165.2, 24.1691, 147.954, 
165.2, 24.1707, 147.955, 
165.201, 24.1722, 147.955, 
165.201, 24.1735, 147.956, 
165.202, 24.1747, 147.956, 
166.02, 23.948, 147.124, 
165.536, 24.7258, 147.546, 
165.948, 24.3153, 147.597, 
165.687, 24.8132, 146.657, 
164.93, 25.1574, 146.41, 
164.958, 25.1534, 146.418, 
164.959, 25.1549, 146.418, 
164.959, 25.1562, 146.418, 
164.96, 25.1575, 146.418, 
164.96, 25.1586, 146.419, 
165.76, 25.6387, 146.167, 
166.224, 25.9742, 146.116, 
166.272, 25.9417, 146.526, 
166.31, 25.942, 146.582, 
166.311, 25.9435, 146.583, 
166.906, 26.3322, 145.289, 
166.489, 26.3929, 144.938, 
166.35, 26.0902, 144.653, 
166.5, 26.8803, 145.54, 
167.022, 26.9455, 144.237, 
167.633, 26.8181, 144.461, 
166.868, 27.0659, 144.162, 
166.5, 27.3749, 143.261, 
167.126, 27.5035, 143.89, 
166.93, 26.9942, 143.75, 
167.497, 27.2076, 143.812, 
166.698, 28.3084, 141.963, 
166.707, 28.2894, 141.976, 
166.708, 28.2914, 141.977, 
166.709, 28.2933, 141.978, 
166.709, 28.295, 141.978, 
166.71, 28.2966, 141.979, 
166.71, 28.2979, 141.98, 
0, -0, 0, 
0, -0, 0, 
168.047, 28.8331, 141.052, 
168.066, 28.5956, 141.318, 
168.367, 28.5221, 141.224, 
167.951, 28.4088, 141.901, 
168.493, 28.6928, 141.845, 
168.289, 28.149, 140.999, 
168.165, 28.1174, 140.834, 
167.952, 28.3287, 141.182, 
168.928, 28.663, 141.822, 
168.861, 28.8208, 141.339, 
167.914, 29.3023, 139.863, 
168.312, 29.392, 140.366, 
168.218, 29.0211, 140.404, 
168.672, 28.8976, 139.713, 
168.678, 28.9042, 139.567, 
168.331, 28.8163, 139.055, 
168.323, 29.2867, 139.826, 
168.338, 29.283, 139.86, 
168.339, 29.2838, 139.861, 
168.339, 29.2846, 139.862, 
168.549, 29.5269, 139.899, 
169.204, 29.8017, 140.209, 
169.043, 30.2573, 139.79, 
168.833, 29.6386, 139.88, 
168.839, 29.6393, 139.905, 
168.722, 30.4013, 139.878, 
169.411, 29.4792, 138.969, 
168.951, 29.5662, 140.1, 
168.243, 30.3096, 138.911, 
168.267, 30.2971, 138.958, 
168.267, 30.2976, 138.959, 
169.107, 30.2878, 140.045, 
168.795, 30.153, 140.067, 
167.583, 30.1566, 140.379, 
168.429, 30.1645, 141.324, 
168.227, 30.0208, 140.246, 
169.244, 29.5855, 141.622, 
169.186, 29.2518, 142.633, 
168.963, 29.2912, 142.776, 
0, -0, 0, 
168.158, 28.7007, 143.481, 
168.612, 28.183, 144.18, 
168.726, 28.3104, 144.799, 
168.214, 28.0139, 143.656, 
168.606, 27.753, 144.742, 
167.459, 28.1732, 144.644, 
167.497, 28.166, 144.661, 
168.029, 27.7694, 145.813, 
168.249, 27.3075, 146.755, 
167.558, 27.4529, 146.375, 
167.983, 27.3794, 146.88, 
167.233, 26.678, 146.794, 
167.333, 26.7858, 147.357, 
167.436, 26.5624, 147.214, 
167.913, 26.9325, 147.796, 
167.831, 26.3107, 148.519, 
167.852, 25.9849, 149.034, 
167.507, 25.75, 147.836, 
167.356, 25.4915, 147.778, 
167.338, 24.6063, 148.411, 
167.36, 24.6052, 148.427, 
167.36, 24.6037, 148.428, 
0, -0, 0, 
167.465, 22.7763, 150.787, 
167.891, 22.5816, 150.964, 
167.896, 22.5761, 150.967, 
168.421, 21.7786, 151.057, 
167.849, 21.6671, 152.724, 
168.194, 21.6396, 150.931, 
168.01, 20.928, 153.024, 
168.737, 21.4995, 152.762, 
168.167, 21.095, 153.298, 
168.003, 20.1048, 153.42, 
168.988, 20.1733, 154.249, 
168.567, 20.1741, 154.588, 
168.612, 20.16, 154.61, 
168.261, 18.6661, 154.544, 
169.172, 18.9748, 154.756, 
169.458, 18.7985, 154.846, 
169.27, 18.0673, 155.556, 
168.899, 17.344, 155.8, 
169.316, 16.7262, 157.13, 
169.558, 16.5298, 157.199, 
169.093, 16.9654, 157.027, 
169.651, 17.0215, 158.083, 
169.703, 16.142, 157.495, 
168.945, 16.1832, 158.461, 
168.981, 16.1715, 158.43, 
168.503, 16.2232, 158.254, 
168.512, 16.2161, 158.266, 
168.666, 14.8835, 158.352, 
168.278, 15.4046, 158.671, 
169.118, 14.6474, 158.882, 
168.758, 14.4499, 159.454, 
168.939, 14.5454, 159.448, 
169.17, 14.9997, 158.966, 
169.299, 14.8611, 159.014, 
169.017, 14.6683, 159.364, 
168.96, 15.8298, 160.206, 
168.99, 15.8029, 160.176, 
168.99, 15.8017, 160.175, 
168.99, 15.8009, 160.174, 
168.99, 15.8001, 160.173, 
168.99, 15.7994, 160.172, 
170.296, 14.9939, 160.421, 
170.368, 14.9561, 161.598, 
170.851, 15.0729, 160.131, 
170.85, 15.0728, 160.155, 
171.511, 15.7851, 161.014, 
171.551, 14.9317, 160.689, 
171.743, 14.1564, 161.858, 
171.724, 14.292, 161.762, 
170.928, 14.8093, 161.234, 
170.978, 14.7268, 161.258, 
170.979, 14.7237, 161.257, 
171.475, 13.6307, 161.294, 
170.979, 14.3279, 161.492, 
171.019, 14.2602, 161.526, 
171.02, 14.2576, 161.525, 
171.02, 14.2565, 161.523, 
171.02, 14.2555, 161.521, 
171.358, 13.9173, 162.094, 
171.826, 13.1418, 161.836, 
171.829, 13.1414, 161.83, 
172.841, 12.023, 162.563, 
172.654, 11.6513, 162.207, 
172.14, 12.0348, 162.823, 
172.402, 10.7578, 163.482, 
172.397, 10.7707, 163.495, 
172.624, 10.9247, 163.941, 
172.623, 10.9184, 163.937, 
172.374, 10.7722, 164.768, 
173.116, 9.90528, 164.937, 
172.411, 9.28487, 164.516, 
173.243, 9.39678, 165.083, 
173.243, 9.39507, 165.08, 
0, -0, 0, 
173.719, 8.3532, 166.787, 
173.781, 8.13949, 166.686, 
173.405, 7.85546, 166.913, 
174.099, 6.78421, 167.797, 
174.001, 6.55008, 166.669, 
173.909, 7.26153, 167.361, 
173.913, 7.25682, 167.372, 
174.506, 6.862, 168.414, 
174.504, 6.91915, 168.444, 
174.504, 6.9181, 168.442, 
174.505, 6.91652, 168.44, 
174.505, 6.91506, 168.439, 
174.506, 6.91377, 168.438, 
174.506, 6.9126, 168.436, 
175.156, 7.0463, 168.558, 
175.147, 7.109, 168.572, 
175.434, 6.04525, 168.918, 
174.347, 6.92436, 168.18, 
174.34, 7.01235, 168.198, 
174.337, 6.01201, 167.967, 
175.48, 6.08709, 167.893, 
174.76, 6.97972, 168.882, 
175.004, 6.86638, 168.133, 
175.127, 6.56827, 167.786, 
175.128, 6.61125, 167.777, 
175.128, 6.61201, 167.777, 
175.128, 6.61163, 167.777, 
176.233, 5.81267, 168.335, 
176.237, 5.8023, 168.329, 
175.326, 6.78835, 168.118, 
175.37, 6.00075, 168.257, 
175.375, 6.01867, 168.272, 
175.375, 6.01805, 168.271, 
0, -0, 0, 
175.376, 6.01673, 168.27, 
175.376, 6.01616, 168.269, 
175.376, 6.01565, 168.268, 
175.871, 5.30809, 168.87, 
175.874, 5.32507, 168.89, 
175.875, 5.32467, 168.889, 
176.26, 4.75144, 168.706, 
176.263, 4.82419, 168.705, 
176.264, 4.8249, 168.705, 
171.208, 5.27192, 158.773, 
173.496, 4.96817, 162.836, 
176.655, 4.42251, 167.762, 
177.456, 4.33322, 168.635, 
177.48, 4.45729, 168.665, 
177.48, 4.45795, 168.664, 
177.539, 4.36907, 169.137, 
177.446, 4.86815, 168.242, 
178.296, 3.7262, 168.388, 
178.386, 4.23438, 169.296, 
178.132, 3.53761, 169.017, 
178.576, 3.04274, 168.911, 
179, 3.13881, 170.165, 
178.675, 2.77558, 169.569, 
179.411, 2.42895, 169.989, 
179.256, 1.99179, 169.189, 
176.546, 0.902715, 168.175, 
179.161, 0.866971, 169.695, 
-179.021, 0.450179, 170.303, 
-179.235, 0.0578093, 170.937, 
-179.193, 0.226563, 170.956, 
176.33, 3.02572, 165.14, 
178.307, 1.79418, 167.809, 
-178.973, -1.14296, 171.33, 
-177.892, -1.67354, 172.154, 
177.121, 1.17973, 168.78, 
0, -0, 0, 
170.068, 2.73356, 162.762, 
168.789, 2.59581, 159.36, 
165.914, 5.68477, 156.554, 
159.306, 6.33548, 152.725, 
155.793, 6.0716, 153.882, 
150.605, 5.62, 156.247, 
150.359, 5.77962, 156.404, 
145.177, 1.969, 149.193, 
145.173, 2.1364, 149.173, 
140.396, 2.64523, 145.48, 
138.439, 0.183293, 142.025, 
134.99, -4.3797, 135.733, 
132.647, -5.10552, 137.403, 
129.884, -5.07485, 136.749, 
127.888, -9.50971, 132.994, 
126.375, -14.7723, 129.144, 
126.533, -17.5598, 126.977, 
126.142, -20.8534, 129.253, 
125.948, -20.861, 129.51, 
124.057, -28.7175, 123.943, 
121.069, -29.9442, 128.075, 
117.527, -36.9879, 133.49, 
110.893, -40.6585, 135.637, 
110.691, -42.5015, 138.118, 
109.153, -48.2616, 142.993, 
112.224, -54.9629, 138.576, 
112.346, -58.3833, 136.937, 
116.17, -61.2686, 132.512, 
106.511, -62.0612, 145.904, 
102.406, -63.9375, 151.969, 
91.5371, -63.2728, 166.305, 
91.8266, -69.7191, 164.899, 
86.1408, -69.3094, 172.251, 
71.2456, -72.7156, -169.721, 
47.8199, -73.926, -141.508, 
37.2035, -75.5008, -131.497, 
33.4498, -70.6423, -123.961, 
24.9719, -65.0815, -119.395, 
16.3435, -67.3294, -112.742, 
12.3649, -64.7191, -112.214, 
8.37197, -60.9563, -113.36, 
7.16519, -58.9731, -114.473, 
-1.58272, -59.3508, -106.653, 
-6.59916, -54.6368, -96.7996, 
-3.96397, -51.3265, -96.228, 
0, -0, 0, 
0.220441, -40.6379, -88.0692, 
2.22392, -38.614, -87.56, 
2.22932, -35.5967, -91.3052, 
5.25528, -30.5011, -97.4294, 
8.48155, -27.2414, -101.892, 
9.37011, -27.3666, -96.0887, 
9.5737, -22.9046, -99.2924, 
3.6878, -25.0039, -84.7352, 
6.06368, -21.7004, -87.052, 
-1.28723, -24.8273, -84.3441, 
-1.35883, -23.9229, -91.6453, 
-0.24059, -21.2968, -88.4644, 
4.66068, -16.5948, -94.0387, 
11.0293, -11.6653, -91.2061, 
16.0499, -7.74078, -87.7448, 
21.4372, -2.66865, -91.6482, 
18.2048, -5.48581, -80.6549, 
21.5901, -2.8014, -82.2264, 
22.9266, -2.54595, -77.7914, 
23.6851, -1.22444, -71.2939, 
24.7691, 1.7737, -73.4417, 
31.1112, 5.91661, -69.4704, 
32.7438, 0.862901, -67.3351, 
34.2926, 0.908128, -67.6637, 
36.9396, 1.73686, -62.1858, 
38.2177, -3.04712, -53.7842, 
40.083, -3.06315, -53.4888, 
40.0743, -3.06075, -53.4937, 
40.0555, -3.06161, -53.4954, 
40.407, -9.2604, -44.5634, 
42.1817, -13.0494, -39.5801, 
43.3897, -12.6875, -39.9544, 
45.6498, -12.1721, -40.6536, 
53.5309, -11.1294, -37.9691, 
55.6606, -15.8938, -32.9401, 
56.0656, -28.7196, -26.1921, 
55.1105, -30.1929, -25.578, 
57.6162, -30.3419, -26.8241, 
57.6105, -30.338, -26.8251, 
50.2979, -34.5056, -14.8546, 
52.4394, -33.7509, -16.1292, 
54.067, -31.6202, -18.0247, 
53.3975, -43.9675, -12.61, 
56.3888, -43.7296, -14.4503, 
66.0454, -40.1909, -15.8777, 
58.6209, -42.4965, -17.0923, 
61.5437, -49.8353, -18.1809, 
0, -0, 0, 
49.686, -56.9669, -9.65869, 
53.3878, -54.9794, -12.9967, 
54.6631, -65.4219, -12.234, 
46.4127, -80.7184, -3.04891, 
65.3673, -82.0652, -20.2787, 
66.2637, -73.0309, -19.756, 
84.6739, -86.0435, -38.3243, 
118.203, -85.0149, -70.4923, 
100.716, -82.0084, -52.583, 
37.0828, -84.0003, 1.26335, 
34.8716, -84.0916, 4.18547, 
79.9314, -76.9448, -33.5185, 
52.0932, -71.8106, -7.29842, 
55.9884, -65.5653, -10.2302, 
54.2795, -69.5708, -6.23234, 
52.5443, -69.8107, -2.23608, 
42.124, -67.9184, 6.27603, 
55.7908, -64.7642, -0.890985, 
56.3825, -53.0691, -0.361176, 
57.2203, -55.3543, 2.99442, 
66.2321, -52.1285, 0.716334, 
64.4492, -64.9101, 2.18997, 
71.3998, -63.3052, -0.206145, 
0, -0, 0, 
36.8229, -58.6328, 21.636, 
32.564, -61.9137, 27.1636, 
22.582, -60.6914, 31.4084, 
20.9071, -60.0695, 32.3745, 
28.9423, -57.7661, 27.2952, 
40.1929, -55.152, 23.2261, 
30.9329, -54.2325, 25.1641, 
40.6059, -52.2857, 14.8893, 
51.2392, -49.5487, 10.018, 
47.5212, -53.1392, 22.1978, 
54.8754, -51.7989, 18.8483, 
62.429, -48.8249, 15.0439, 
73.8827, -40.0368, 11.9035, 
75.7479, -44.76, 10.2718, 
76.9404, -53.4545, 8.90291, 
73.3318, -53.7093, 11.7514, 
75.0038, -59.4088, 9.88655, 
77.0948, -67.3659, 6.59391, 
86.851, -66.0572, 2.88145, 
90.0634, -65.8996, 0.205758, 
102.77, -77.9906, -14.0448, 
107.042, -73.0059, -18.3801, 
115.739, -75.4235, -26.429, 
167.186, -81.2043, -80.8163, 
147.925, -78.0512, -61.4969, 
136.175, -74.9254, -46.2843, 
123.049, -76.6486, -32.0244, 
110.912, -72.5146, -19.5844, 
103.827, -72.612, -12.7794, 
143.84, -82.5675, -55.7029, 
152.527, -81.8071, -64.5284, 
79.757, -80.6043, -0.489434, 
86.4873, -75.7825, -2.23159, 
91.351, -75.4225, -6.60673, 
59.5543, -73.8775, 17.5865, 
56.1528, -72.7724, 22.5857, 
71.5047, -65.0634, 6.76105, 
67.2547, -62.199, 7.927, 
76.3949, -61.5601, 3.01877, 
79.3326, -61.6232, 0.663561, 
0, -0, 0, 
70.5634, -60.1478, 10.2156, 
75.1239, -56.8919, 8.34718, 
74.5084, -67.5933, 8.57055, 
80.8625, -66.1607, 5.48951, 
87.5225, -62.5529, 4.34334, 
89.0406, -65.9826, 4.82084, 
88.9298, -72.2717, 6.03018, 
94.9053, -68.7824, 5.00866, 
88.0366, -72.3681, 18.8928, 
93.8644, -64.0245, 23.1835, 
91.1879, -63.6705, 26.201, 
92.9389, -68.841, 24.6117, 
93.8049, -74.0705, 24.2917, 
95.2992, -72.3034, 21.6304, 
94.0737, -69.3614, 20.8987, 
81.6871, -69.812, 33.2246, 
83.4591, -68.5676, 31.0016, 
84.5314, -66.4703, 29.0236, 
83.2642, -63.6305, 28.9407, 
85.6881, -63.3931, 26.7356, 
98.1062, -61.8038, 23.1706, 
100.894, -61.4896, 21.0621, 
102.681, -69.4296, 18.8538, 
105.727, -69.4405, 15.9727, 
97.1924, -70.6566, 24.5243, 
99.2405, -73.3247, 17.0625, 
94.2867, -70.3998, 19.8633, 
99.452, -67.1161, 18.0239, 
97.6817, -64.292, 18.7428, 
79.6487, -69.7478, 37.7757, 
80.4251, -71.9272, 34.1736, 
81.0658, -75.0223, 28.1639, 
78.1585, -80.0264, 31.0492, 
-121.995, -86.4421, -131.68, 
159.021, -86.7183, -47.0637, 
122.714, -79.764, -13.0196, 
108.533, -79.2176, -0.958683, 
108.266, -74.3501, 5.46263, 
114.165, -79.0344, 0.468736, 
118.721, -78.5897, -3.98672, 
118.739, -78.5811, -4.00727, 
118.727, -78.5791, -3.99736, 
93.938, -82.2648, 12.7982, 
106.124, -85.3171, 0.854911, 
-166.468, -88.3982, -85.798, 
127.891, -87.1093, -17.4092, 
119.136, -84.1595, -9.02969, 
167.548, -86.9569, -57.5427, 
-112.183, -83.2712, -137.524, 
-108.989, -79.8333, -140.628, 
0, -0, 0, 
-99.6743, -67.8273, -149.834, 
-101.868, -68.1891, -147.782, 
-99.5722, -60.6615, -150.6, 
-100.286, -64.2466, -144.466, 
-87.2264, -62.3197, -157.962, 
-84.437, -59.8833, -158.361, 
-85.4351, -60.2687, -157.299, 
-82.5961, -64.232, -161.78, 
-90.4583, -61.0539, -155.962, 
-91.3645, -68.4444, -158.363, 
-87.6749, -67.4699, -161.221, 
-88.974, -69.9459, -160.751, 
-103.542, -72.4043, -140.567, 
-107.434, -72.6593, -136.489, 
-132.361, -79.03, -116.521, 
-148.953, -82.1633, -99.6813, 
-179.731, -81.6248, -65.9209, 
169.387, -81.1157, -54.9465, 
-162.714, -78.3003, -83.9824, 
-136.057, -79.4431, -113.731, 
-138.011, -84.2884, -112.761, 
-164.831, -84.5423, -86.7204, 
140.159, -84.8256, -31.7195, 
32.7313, -86.5276, 71.075, 
56.8947, -82.5292, 47.2242, 
34.9886, -80.3075, 67.4624, 
65.7546, -77.1344, 43.3122, 
59.561, -75.1603, 48.4898, 
75.52, -72.2297, 36.6698, 
79.5999, -72.0101, 33.0266, 
51.4999, -71.7035, 54.0933, 
40.9054, -73.8047, 64.121, 
57.1083, -75.6608, 51.3153, 
78.0752, -70.3105, 38.8713, 
89.1574, -70.2338, 30.3853, 
73.5848, -70.5661, 41.2582, 
75.1869, -62.3775, 36.5694, 
68.248, -62.3065, 39.5743, 
62.3169, -66.0756, 39.6092, 
59.3305, -61.7657, 39.8972, 
56.0184, -67.7453, 43.848, 
71.6003, -64.1379, 25.9934, 
49.3177, -65.9961, 51.3386, 
60.9768, -64.8038, 43.7674, 
46.6517, -65.4384, 54.3471, 
16.8441, -73.8167, 85.5308, 
4.04816, -74.1652, 98.2317, 
1.38441, -74.8752, 102.523, 
11.8759, -81.0641, 100.3, 
23.9413, -80.7428, 87.7713, 
42.7444, -82.9529, 71.5711, 
50.4173, -78.1858, 62.293, 
55.7159, -77.0076, 57.136, 
44.0005, -79.7721, 63.9849, 
45.9615, -74.2748, 59.9647, 
48.5102, -74.6694, 57.4312, 
26.3448, -70.3552, 74.9566, 
36.4661, -67.2521, 62.9994, 
36.4606, -68.6462, 63.6545, 
39.3499, -67.3234, 60.3939, 
30.9312, -65.1379, 66.4897, 
41.2667, -60.6174, 50.8542, 
49.2493, -60.4917, 45.4796, 
42.7683, -59.3246, 50.8184, 
50.0808, -53.8488, 39.9589, 
51.899, -54.1519, 38.2741, 
39.5555, -57.9466, 46.0068, 
28.2774, -63.6734, 58.4984, 
30.0457, -59.3018, 56.0269, 
32.1012, -57.8973, 53.812, 
21.5296, -56.1486, 60.2166, 
29.7756, -60.9933, 57.7628, 
31.3627, -63.2724, 57.2661, 
19.9016, -61.9294, 64.6188, 
24.1021, -58.9546, 61.7164, 
31.1561, -58.1364, 52.697, 
26.1684, -59.6639, 54.8415, 
16.7366, -55.3206, 60.7389, 
24.3255, -56.7159, 52.0035, 
25.4583, -58.1885, 50.5654, 
17.375, -59.1944, 55.759, 
17.1047, -60.0306, 55.8573, 
31.067, -54.6352, 36.6527, 
39.3477, -51.7672, 24.0903, 
26.8755, -58.5373, 39.9686, 
19.4531, -62.0654, 49.097, 
18.7985, -63.3764, 50.3009, 
31.635, -63.6232, 44.1144, 
33.4351, -64.442, 42.7369, 
33.4377, -64.4487, 42.7307, 
3.98189, -56.8193, 61.6549, 
2.43278, -56.141, 62.5271, 
17.3909, -52.2412, 46.5939, 
19.7189, -51.9644, 44.6663, 
26.6012, -50.192, 34.7666, 
27.6847, -50.7449, 33.6438, 
27.6929, -50.7498, 33.6339, 
26.8152, -50.6105, 35.6801, 
36.1078, -50.9853, 32.1078, 
