104.749, 10.0147, -159.58, -90.5255, -5.17434, -61.5731, 144.386, 
105.246, 10.3174, -159.167, -90.8948, -5.18758, -61.5966, 145.234, 
105.242, 10.2573, -159.166, -90.8671, -5.18807, -61.5959, 145.233, 
105.225, 10.3338, -159.041, -88.2315, -5.34038, -64.4221, 145.581, 
105.92, 10.3194, -158.78, -90.3045, -5.83603, -61.821, 146.892, 
105.11, 11.7219, -159.234, -87.0427, -6.09575, -63.8423, 145.18, 
104.763, 10.1757, -158.976, -89.4764, -5.27861, -63.0291, 144.921, 
104.405, 9.77411, -158.843, -89.2044, -5.10085, -63.2129, 144.368, 
104.408, 9.7603, -158.839, -89.1943, -5.10012, -63.2138, 144.365, 
104.404, 9.73219, -158.839, -89.1802, -5.09936, -63.214, 144.365, 
104.405, 9.71212, -158.838, -89.1654, -5.10077, -63.2125, 144.365, 
104.406, 9.69341, -158.836, -89.1541, -5.10081, -63.2121, 144.363, 
104.403, 9.68714, -158.835, -89.1449, -5.09849, -63.2132, 144.361, 
104.405, 9.68899, -158.835, -89.1334, -5.10095, -63.2119, 144.363, 
104.406, 9.69151, -158.834, -89.1234, -5.10219, -63.2106, 144.363, 
104.406, 9.69078, -158.831, -89.117, -5.10073, -63.2107, 144.36, 
104.082, 9.90775, -158.518, -90.0598, -4.75457, -62.5153, 143.708, 
104.16, 10.9241, -158.454, -88.719, -5.10662, -62.4882, 144.881, 
104.794, 11.1055, -158.347, -89.1031, -6.29237, -62.5033, 145.536, 
104.789, 11.1037, -158.348, -89.0972, -6.29118, -62.5021, 145.536, 
104.789, 11.1037, -158.347, -89.0927, -6.29133, -62.502, 145.536, 
104.789, 11.1041, -158.346, -89.0882, -6.29162, -62.5025, 145.536, 
104.789, 11.1042, -158.346, -89.0844, -6.29186, -62.5023, 145.535, 
104.789, 11.1042, -158.345, -89.0811, -6.29196, -62.5023, 145.535, 
104.594, 9.95556, -158.014, -89.6541, -5.44787, -62.2098, 144.999, 
103.691, 10.475, -158.428, -89.0696, -4.77595, -62.8178, 144.028, 
104.279, 12.0797, -158.251, -86.9231, -6.04832, -63.2955, 144.992, 
104.274, 12.0824, -158.254, -86.923, -6.04819, -63.2982, 144.993, 
104.273, 12.0816, -158.253, -86.9215, -6.04761, -63.2975, 144.993, 
104.273, 12.0816, -158.253, -86.9196, -6.0476, -63.2973, 144.993, 
104.273, 12.0816, -158.252, -86.9178, -6.04759, -63.2972, 144.992, 
103.608, 11.0923, -158.343, -88.3142, -5.63737, -64.3468, 143.876, 
105.045, 11.8983, -158.371, -88.3913, -8.45638, -63.9139, 146.772, 
104.968, 14.021, -158.482, -85.2005, -8.66619, -65.6199, 145.875, 
104.961, 14.3257, -158.497, -85.0558, -8.67169, -65.6965, 145.833, 
104.961, 14.3289, -158.496, -85.0547, -8.67238, -65.6967, 145.833, 
105.41, 15.2811, -158.565, -82.6929, -9.78939, -68.1588, 145.469, 
105.803, 14.3653, -158.352, -84.3421, -9.54214, -67.9366, 146.695, 
105.806, 14.5762, -158.355, -84.3472, -9.53848, -67.9294, 146.698, 
102.912, 13.1119, -152.474, -80.2304, -7.68791, -63.8202, 140.97, 
102.845, 13.9055, -152.981, -80.6433, -8.4271, -66.5544, 142.585, 
101.34, 15.4705, -154.504, -82.0268, -8.49662, -70.4961, 142.879, 
101.297, 15.4694, -154.554, -82.0577, -8.49697, -70.5767, 142.883, 
95.4406, 13.8124, -149.714, -81.9271, -7.06377, -70.8791, 141.915, 
0, 0, 0, 0, 0, 0, 0, 
89.3244, 10.3078, -144.393, -79.4582, -5.79181, -72.4536, 139.541, 
86.0983, 7.96794, -138.967, -75.2901, -7.97341, -73.7874, 138.171, 
84.3423, 7.3653, -137.301, -75.129, -10.3228, -71.6999, 135.313, 
80.0963, 6.21066, -133.729, -75.1797, -9.52339, -71.8163, 134.714, 
76.8603, 5.2929, -131.007, -75.2422, -13.6966, -67.733, 129.497, 
75.5058, 4.15441, -130.762, -75.2925, -14.8489, -65.2577, 126.558, 
73.3808, 3.40189, -128.987, -75.3799, -17.8595, -62.3764, 122.779, 
71.2429, 2.59934, -123.624, -72.3578, -17.3028, -59.4801, 118.992, 
69.9557, 1.24348, -120.96, -70.3907, -15.8859, -57.0985, 116.159, 
68.2046, -0.74244, -117.294, -67.5532, -13.8275, -53.6712, 112.156, 
66.1875, -1.87717, -111.782, -64.3518, -12.9274, -50.6422, 108.288, 
65.1495, -2.84283, -108.96, -62.9197, -12.6595, -49.32, 106.301, 
63.7957, -4.4689, -105.08, -60.5355, -11.7057, -46.9009, 102.743, 
62.0045, -5.91429, -100.038, -57.899, -11.1415, -44.3007, 99.1453, 
60.9378, -7.93387, -97.8331, -56.3653, -10.0188, -42.3747, 96.6342, 
57.8334, -11.8186, -98.4939, -56.7517, -6.49989, -45.2722, 95.7669, 
55.723, -13.537, -93.6189, -54.3147, -5.80046, -42.7244, 92.1394, 
54.7224, -15.6957, -90.7902, -52.6886, -5.11684, -40.9192, 89.7185, 
52.9704, -17.8236, -89.3246, -52.8626, -8.32727, -38.2271, 86.2274, 
51.018, -19.5229, -84.3526, -50.2524, -7.91479, -35.5315, 82.7254, 
50.1271, -21.2461, -81.7297, -48.9157, -9.35215, -35.9546, 82.8532, 
48.7707, -23.8983, -78.5379, -46.7158, -7.8963, -33.3084, 79.6829, 
47.1509, -25.604, -73.7515, -44.1457, -10.8519, -34.2481, 80.0897, 
46.2747, -27.2585, -71.2438, -42.8316, -12.4568, -34.8532, 80.3761, 
45.1639, -29.0347, -67.9748, -41.0962, -11.864, -33.019, 78.015, 
45.1022, -30.028, -67.669, -40.9471, -11.8135, -32.916, 77.8762, 
42.8577, -31.9897, -68.6308, -41.5133, -15.1284, -28.1843, 72.1224, 
41.0923, -34.3999, -65.4625, -39.0075, -17.0736, -30.125, 72.1555, 
39.4659, -36.0751, -60.9379, -36.3404, -15.5789, -27.1474, 68.2493, 
37.3948, -37.6325, -55.6678, -33.0339, -13.0158, -22.6956, 62.7937, 
36.3175, -39.008, -52.5429, -31.3923, -12.3046, -20.8248, 60.3833, 
34.8544, -40.4559, -48.2088, -28.8711, -15.3752, -22.5297, 61.0535, 
32.8557, -41.2266, -42.5368, -25.9039, -14.2091, -19.2028, 56.6898, 
31.2236, -43.2969, -39.6011, -23.5332, -16.1314, -21.7244, 57.1672, 
0, 0, 0, 0, 0, 0, 0, 
25.3327, -45.0789, -36.7123, -23.8542, -15.8812, -28.7773, 61.159, 
24.2268, -46.7811, -35.3582, -22.9467, -14.1441, -26.9549, 58.9832, 
23.1478, -48.4385, -32.4194, -21.1375, -12.3312, -23.9463, 55.3579, 
21.5507, -49.2734, -33.1111, -22.2666, -16.7748, -20.1755, 50.7567, 
20.7722, -50.5496, -33.5239, -22.8502, -18.8769, -18.3516, 48.5192, 
19.7052, -51.8896, -30.4998, -21.3388, -21.6247, -19.6836, 49.1973, 
18.2531, -52.9746, -25.976, -19.0868, -25.3107, -21.8236, 50.4255, 
17.6206, -54.2742, -23.9807, -18.154, -26.9767, -22.766, 50.9795, 
16.1368, -56.4717, -21.0993, -15.8812, -29.1056, -25.8343, 51.7961, 
14.8975, -57.9745, -17.8998, -13.8266, -26.5531, -22.3692, 47.4687, 
14.2482, -59.4399, -15.7606, -12.6392, -28.2102, -23.3498, 47.8301, 
13.3176, -60.6917, -16.5986, -13.724, -30.891, -20.9241, 44.8125, 
10.7943, -61.1216, -19.5775, -16.5435, -26.724, -25.0624, 47.1869, 
9.42553, -62.2379, -21.1019, -18.2134, -24.298, -27.3993, 48.6574, 
8.44089, -63.596, -17.7955, -16.6874, -23.063, -24.9732, 45.5686, 
7.27481, -64.2855, -18.9119, -17.7168, -26.6914, -21.1362, 40.9707, 
6.71472, -66.292, -17.7502, -16.7692, -24.8177, -19.0277, 38.7118, 
5.87601, -67.5681, -14.2605, -15.1182, -23.4193, -16.528, 35.524, 
3.85129, -67.1493, -16.973, -17.9675, -19.2346, -20.8591, 38.6484, 
3.30449, -68.9328, -18.7175, -18.9438, -20.097, -19.0065, 36.4973, 
2.52577, -70.2369, -15.4752, -17.0368, -23.123, -20.6788, 37.4587, 
1.03707, -71.8904, -11.9358, -13.4623, -25.7148, -25.3351, 39.2595, 
0.557654, -73.4639, -13.6131, -14.3552, -23.655, -27.1215, 40.0762, 
0.0657752, -75.1338, -11.4175, -12.8409, -21.5281, -24.4424, 36.8065, 
-0.780166, -75.5335, -7.01343, -10.5332, -19.5641, -21.0676, 32.6485, 
-1.11721, -76.9958, -5.21398, -9.56942, -18.4316, -19.3971, 30.536, 
-1.57874, -78.1615, -2.1713, -7.68562, -21.1286, -20.9708, 31.6393, 
-2.4017, -78.4893, -3.6993, -9.50775, -24.9726, -17.8533, 27.6625, 
-3.3335, -79.8386, -8.68508, -11.7214, -26.647, -12.4599, 22.4664, 
-3.70013, -81.5495, -7.16227, -10.4759, -24.5286, -9.90324, 19.5479, 
-4.27053, -82.0827, -10.034, -12.5276, -20.6989, -12.9427, 21.6508, 
-5.21242, -82.0893, -5.20943, -10.0374, -18.6586, -10.0384, 17.7055, 
-5.64282, -83.8595, -3.71143, -8.27693, -19.6683, -12.4426, 18.8507, 
-6.10301, -85.255, -6.97448, -10.1401, -16.1236, -15.6152, 20.5137, 
-6.96401, -85.163, -2.29899, -7.75107, -13.975, -12.5983, 16.5149, 
-7.31824, -86.1722, 0.229324, -6.45783, -16.1241, -13.5712, 17.5103, 
-7.63041, -87.2437, -2.2403, -8.15438, -18.4856, -10.6092, 14.1233, 
-8.57583, -85.2184, -6.95467, -12.9121, -13.3522, -15.3992, 18.5111, 
-9.06124, -86.0691, -4.30617, -11.6742, -12.0084, -13.8625, 16.381, 
-9.43402, -87.259, -7.79685, -13.3502, -7.96613, -16.9134, 18.0688, 
-10.18, -86.8697, -3.02626, -10.713, -12.3351, -19.0334, 20.4167, 
-10.3825, -87.7056, -0.18955, -8.92562, -15.0561, -20.3452, 21.7573, 
-10.6927, -89.2932, 1.27425, -6.79648, -11.3558, -16.5547, 18.2885, 
-11.3309, -88.5875, 6.20579, -3.94315, -9.35262, -13.2887, 14.0696, 
-11.5933, -90.2625, 3.7503, -5.30877, -10.2718, -10.4863, 11.4433, 
-12.0767, -90.5896, 7.12783, -3.3916, -8.97327, -8.28804, 8.24053, 
-12.7711, -89.3691, 5.45391, -6.02608, -13.9631, -5.14352, 3.89698, 
-13.0673, -90.2317, 7.82433, -4.8127, -13.0345, -3.55032, 1.5515, 
-13.5329, -90.1019, 11.9103, -2.28812, -16.6797, -5.33838, 3.74487, 
-14.2329, -88.5451, 9.81664, -5.47289, -22.2501, -2.23105, -0.756772, 
-14.4156, -90.2961, 10.5456, -4.14351, -19.4551, 0.454359, -3.19036, 
-14.7004, -91.8232, 12.1154, -1.33898, -20.6217, -3.81601, -0.384707, 
-15.0183, -92.6912, 14.622, 2.97265, -22.4794, -10.21, 3.81711, 
-15.1713, -94.3208, 11.7102, 1.26494, -19.2482, -12.8024, 5.47154, 
-15.2092, -94.538, 12.2802, 2.28779, -19.6083, -14.802, 6.68725, 
-15.5867, -93.8612, 15.9929, 4.45895, -17.5371, -12.6379, 3.31811, 
-15.5065, -94.4224, 13.1363, 2.05127, -14.1686, -14.7849, 4.73247, 
-15.3355, -94.2159, 15.9442, 4.43589, -16.8181, -17.3163, 6.65061, 
-15.2667, -94.5382, 16.7304, 5.26641, -17.5802, -18.3847, 7.33524, 
-15.161, -94.5383, 17.845, 6.55191, -18.6103, -19.8756, 8.30717, 
-15.0207, -94.5372, 19.5935, 8.68541, -20.1309, -22.1889, 9.8272, 
-14.9477, -94.5384, 20.3731, 9.60451, -20.7432, -23.3234, 10.5406, 
-14.8433, -94.538, 21.5294, 11.2445, -21.6496, -25.2042, 11.6807, 
-14.8221, -94.5385, 22.7497, 13.3378, -22.3959, -27.6746, 13.1833, 
-14.801, -94.538, 23.2405, 14.0021, -22.6663, -28.5553, 13.7114, 
-14.7913, -94.5381, 24.0917, 15.3132, -23.1551, -30.1478, 14.6984, 
-14.8168, -94.5398, 25.6314, 18.0002, -23.9916, -33.3304, 16.7307, 
-14.7965, -94.5381, 25.9098, 18.3199, -24.1013, -33.7614, 16.9971, 
-14.7898, -94.5381, 26.5012, 19.284, -24.371, -34.9291, 17.7516, 
-14.6278, -93.7855, 29.4604, 21.9003, -26.7784, -36.4119, 18.9957, 
-14.5903, -94.5381, 30.4528, 24.1772, -27.1187, -39.0407, 20.7491, 
-14.6194, -94.5381, 31.0885, 25.436, -27.3431, -40.4586, 21.7048, 
-14.6424, -94.5381, 32.1627, 27.7068, -27.7443, -43.0255, 23.4247, 
-14.6098, -94.5381, 32.6059, 28.4359, -27.8751, -43.7731, 23.9262, 
-14.6036, -94.5381, 33.3367, 30.0161, -28.0816, -45.5084, 25.1309, 
-14.6189, -94.5381, 34.5106, 32.8333, -28.391, -48.5984, 27.3515, 
-14.5772, -94.5381, 35.1537, 34.1345, -28.5785, -49.9033, 28.264, 
-14.5801, -94.5381, 36.0419, 36.1112, -28.822, -51.9835, 29.7496, 
-14.5361, -94.5381, 36.4255, 36.8026, -28.9132, -52.5533, 30.1584, 
-14.4927, -94.5381, 37.0326, 38.1449, -29.0869, -53.8761, 31.0865, 
-14.5244, -94.5381, 37.9039, 40.349, -29.2604, -56.1674, 32.7029, 
-14.4895, -94.5381, 38.3206, 41.2067, -29.3645, -56.8771, 33.1878, 
-14.4727, -94.5382, 39.0161, 42.8089, -29.5314, -58.4396, 34.2722, 
-14.4398, -94.5381, 40.005, 45.3438, -29.7017, -60.9087, 35.994, 
-14.3764, -94.5381, 40.6849, 47.0194, -29.8235, -62.3756, 37.0427, 
-14.3009, -94.5381, 41.4979, 48.9894, -29.9704, -64.1346, 38.3261, 
-14.2246, -94.5381, 42.6463, 51.9456, -30.1095, -67.016, 40.4574, 
-14.1255, -94.5381, 43.2716, 53.4333, -30.2499, -68.1233, 41.2856, 
-13.94, -94.5381, 44.3401, 56.1244, -30.4684, -70.452, 43.059, 
-13.8729, -94.5381, 44.7863, 57.1583, -30.5634, -71.0195, 43.4881, 
-13.686, -94.5381, 45.5374, 59.103, -30.7806, -72.4358, 44.6609, 
-13.4522, -94.5381, 46.4975, 61.8653, -31.038, -74.6882, 46.5154, 
-13.3245, -94.5381, 47.0146, 63.2134, -31.1682, -75.4123, 47.1322, 
-12.6876, -94.5381, 48.6253, 67.7857, -31.5667, -79.015, 50.2768, 
-12.2942, -94.5381, 49.6304, 70.9498, -31.819, -81.5553, 52.4835, 
-12.0462, -94.5381, 50.2896, 72.8694, -31.9896, -82.6411, 53.4783, 
-11.6106, -94.5381, 51.2476, 75.8394, -32.2017, -84.7689, 55.461, 
-11.4183, -94.5381, 51.7351, 77.2098, -32.369, -85.3595, 56.0548, 
-10.9335, -94.5385, 52.6918, 80.0399, -32.7058, -87.3451, 57.9225, 
-10.1696, -94.5381, 54.0125, 83.5474, -32.9024, -89.6932, 60.2466, 
-9.68412, -94.538, 54.7998, 85.588, -33.18, -90.6806, 61.2824, 
-8.9846, -94.5381, 55.9762, 88.8891, -33.3733, -92.7513, 63.3445, 
-7.55717, -94.3085, 57.8154, 93.6779, -34.196, -95.8313, 66.5443, 
-6.80615, -94.5298, 58.7665, 96.1832, -34.5914, -96.9795, 67.9046, 
-5.5834, -94.2418, 60.4472, 100.084, -35.2155, -99.1951, 70.3083, 
-4.67663, -94.2925, 61.7558, 103.109, -35.5923, -100.635, 72.0207, 
-3.03008, -93.6469, 63.336, 107.478, -36.2451, -102.902, 74.7345, 
0.166658, -92.1276, 64.8159, 112.804, -37.1274, -104.353, 79.4985, 
0.396084, -91.0632, 65.5146, 114.381, -37.3075, -105.437, 80.9424, 
0.399358, -91.2911, 65.588, 114.652, -37.3427, -105.401, 80.951, 
0.251743, -91.3052, 65.7477, 115.818, -37.1756, -106.818, 79.8987, 
3.01863, -92.1598, 65.6015, 117.158, -37.1599, -105.219, 81.5337, 
2.98724, -92.1532, 65.6, 117.147, -37.1603, -105.217, 81.5372, 
3.15662, -91.4715, 64.544, 117.669, -37.8247, -105.736, 82.012, 
1.47439, -92.4602, 67.0014, 118.208, -36.2919, -106.25, 80.0835, 
2.25388, -92.2232, 66.4831, 117.083, -36.6718, -104.614, 82.0385, 
3.39707, -91.9375, 66.4022, 117.878, -36.1912, -104.356, 82.7085, 
0, 0, 0, 0, 0, 0, 0, 
2.71947, -91.4454, 66.1448, 118.91, -36.3266, -105.398, 82.318, 
2.72496, -91.45, 66.1431, 118.895, -36.3256, -105.402, 82.3173, 
3.85788, -92.4785, 68.9147, 120.297, -33.8572, -103.726, 82.6578, 
3.85329, -92.4722, 68.8983, 120.286, -33.8517, -103.724, 82.6558, 
6.77446, -92.6829, 67.8377, 121.935, -33.9597, -102.315, 84.0862, 
6.74316, -92.6859, 67.8483, 121.937, -33.9669, -102.313, 84.0893, 
6.74293, -92.686, 67.8468, 121.93, -33.9656, -102.314, 84.0892, 
5.34423, -91.881, 68.195, 122.345, -33.4218, -103.918, 83.2347, 
5.35393, -91.8889, 68.1934, 122.334, -33.4216, -103.921, 83.2333, 
5.35387, -91.8891, 68.1926, 122.328, -33.4206, -103.922, 83.2333, 
5.35379, -91.8891, 68.1919, 122.323, -33.4197, -103.923, 83.2333, 
5.35373, -91.8892, 68.1913, 122.319, -33.4189, -103.924, 83.2333, 
7.66255, -93.389, 69.4493, 123.678, -30.9511, -101.621, 82.7697, 
5.3806, -93.4741, 71.2117, 123.16, -29.6111, -103.033, 81.1216, 
6.92512, -93.5633, 70.9414, 123.322, -29.2593, -102.393, 81.7771, 
9.23391, -91.9113, 69.416, 123.372, -29.8187, -101.291, 80.7596, 
7.30624, -92.4919, 72.36, 123.493, -28.2312, -102.31, 79.4818, 
7.21286, -92.6681, 72.5039, 123.513, -28.1724, -102.345, 79.4275, 
4.8007, -91.7932, 72.0247, 122.271, -28.8666, -104.466, 79.0455, 
5.45092, -92.8053, 73.6933, 121.87, -26.4516, -102.361, 78.4537, 
5.46652, -93.0017, 73.7447, 121.858, -26.4053, -102.308, 78.4406, 
6.18395, -93.1302, 72.8651, 121.926, -26.6467, -102.356, 78.2707, 
6.24925, -92.5293, 72.45, 122.684, -27.3304, -104.153, 78.5709, 
5.02634, -92.6572, 74.2195, 121.202, -25.3024, -103.357, 77.7803, 
5.02111, -92.2321, 73.0781, 121.371, -25.8665, -104.45, 77.7104, 
4.99996, -93.3561, 73.5064, 120.695, -24.6656, -102.825, 76.7422, 
3.88163, -93.4222, 74.4512, 120.448, -23.6835, -103.997, 75.7298, 
5.00631, -93.5094, 73.6927, 121.545, -24.3052, -104.816, 75.9494, 
4.44863, -93.4882, 73.9275, 120.466, -23.6871, -103.93, 74.313, 
3.69293, -93.5359, 75.8349, 119.326, -22.1295, -103.789, 74.196, 
5.1246, -93.665, 75.0993, 120.818, -21.9245, -104.551, 73.6933, 
5.1208, -94.2046, 76.1427, 120.283, -20.6836, -104.215, 73.0653, 
3.70738, -94.538, 76.8259, 118.81, -20.1838, -103.928, 71.4102, 
3.7137, -94.538, 76.8232, 118.811, -20.1823, -103.929, 71.4094, 
1.63786, -93.7529, 75.9311, 116.877, -20.4377, -105.586, 69.7067, 
1.64819, -93.7738, 75.9374, 116.878, -20.4416, -105.588, 69.7063, 
-0.534353, -93.2101, 75.5523, 114.921, -20.3397, -106.757, 69.1784, 
0.679481, -94.5376, 76.0725, 116.002, -19.0212, -105.741, 67.8162, 
1.13644, -93.9903, 77.0318, 115.193, -18.5249, -105.07, 67.2647, 
1.53702, -94.538, 77.3387, 115.138, -18.0389, -104.322, 65.7101, 
0.728083, -93.925, 76.9563, 114.54, -18.2608, -105.095, 66.1534, 
0, 0, 0, 0, 0, 0, 0, 
-0.998997, -93.6626, 76.1974, 113.435, -17.7787, -106.385, 64.3667, 
-2.04265, -93.842, 76.3384, 110.787, -18.998, -106.283, 64.257, 
-2.62324, -94.5384, 77.4313, 110.889, -17.526, -106.2, 62.4727, 
0, 0, 0, 0, 0, 0, 0, 
-2.67229, -94.1329, 76.1736, 110.354, -17.6722, -106.977, 62.2337, 
-4.62732, -93.8148, 76.8393, 108.084, -17.3799, -106.968, 60.5252, 
-5.23963, -93.7539, 76.7294, 107.575, -17.2476, -107.063, 59.5962, 
-4.04076, -94.1666, 76.37, 107.96, -17.1077, -106.377, 58.7433, 
-5.50732, -93.6478, 75.6488, 106.779, -17.3562, -107.533, 58.6144, 
-6.77522, -94.3029, 76.887, 105.545, -16.0079, -107.896, 57.4676, 
-6.93204, -94.1874, 77.0235, 104.7, -16.4886, -107.278, 56.263, 
-6.93347, -94.1947, 77.0242, 104.704, -16.4893, -107.278, 56.2624, 
-6.94583, -93.8106, 75.5502, 104.684, -17.2982, -108.714, 56.2564, 
-6.94879, -93.8167, 75.5559, 104.687, -17.3006, -108.714, 56.2574, 
-9.02634, -93.4664, 74.8532, 102.958, -17.6119, -109.444, 56.0542, 
-8.55267, -93.7914, 74.1872, 102.948, -18.3758, -109.341, 56.6114, 
-10.9002, -93.9709, 73.9991, 100.272, -18.8623, -109.793, 56.4539, 
-11.8263, -93.9805, 73.689, 99.3737, -18.2095, -109.242, 56.0477, 
-9.7724, -94.5379, 74.1097, 101.937, -18.1971, -110.079, 55.5135, 
-10.9009, -93.7562, 72.8735, 100.688, -19.5769, -110.876, 56.5897, 
-11.1997, -94.5085, 73.6298, 100.308, -17.7506, -109.768, 53.4866, 
-11.0875, -93.9017, 72.6301, 100.141, -19.9956, -111.471, 55.5641, 
-11.6502, -93.7925, 72.0567, 98.7372, -20.017, -111.351, 55.7451, 
-11.9679, -94.0097, 71.6508, 97.7297, -20.263, -110.229, 56.3912, 
-13.5427, -93.6334, 70.1721, 95.4783, -22.109, -110.536, 57.549, 
-13.7599, -93.4536, 68.9312, 96.0773, -23.6738, -111.758, 58.4782, 
-13.8731, -92.9901, 68.4563, 94.8108, -24.0502, -110.788, 59.931, 
-14.1651, -92.9895, 67.3581, 94.1824, -25.6347, -111.551, 61.0654, 
-14.1647, -92.9897, 67.3625, 94.1845, -25.6346, -111.551, 61.0661, 
-14.2284, -93.0094, 66.884, 94.2541, -26.011, -111.666, 61.494, 
-16.3961, -93.5439, 66.9075, 91.991, -26.7403, -111.793, 61.5951, 
-16.6007, -92.3204, 64.5878, 91.0627, -29.2402, -112.919, 63.8121, 
-17.6784, -92.7983, 64.1355, 90.2285, -30.1286, -112.519, 64.5858, 
-16.8036, -93.8827, 63.6244, 91.9714, -31.0213, -113.347, 64.7284, 
-18.2197, -92.2802, 62.0012, 89.6773, -31.9663, -114.872, 64.8922, 
-18.2221, -92.7933, 61.9716, 89.6534, -31.9525, -114.878, 64.8931, 
-18.706, -92.7249, 61.748, 87.7183, -33.0299, -113.995, 67.1518, 
-17.3883, -93.3666, 60.8737, 89.279, -32.8527, -113.796, 66.6615, 
-17.1583, -93.19, 60.9601, 91.0429, -32.5798, -115.279, 66.2545, 
-17.1528, -93.2018, 60.9635, 91.0381, -32.5842, -115.281, 66.2536, 
-17.1528, -93.2019, 60.9654, 91.0391, -32.5853, -115.28, 66.2535, 
-17.1528, -93.2019, 60.9671, 91.0401, -32.5864, -115.28, 66.2534, 
0, 0, 0, 0, 0, 0, 0, 
-19.1854, -92.6153, 60.6767, 87.8338, -33.178, -114.909, 66.9916, 
-18.7389, -92.3012, 59.1571, 88.2764, -34.3011, -116.048, 67.7031, 
0, 0, 0, 0, 0, 0, 0, 
-18.8007, -92.0294, 58.9942, 87.0149, -34.5052, -115.459, 68.9654, 
-20.3987, -91.5022, 58.1717, 85.9874, -35.5148, -117.039, 68.7851, 
-18.8592, -92.3536, 58.645, 86.0843, -35.6044, -116.562, 70.3796, 
-19.4723, -93.0834, 58.9954, 86.6951, -34.8443, -115.611, 69.5563, 
-20.1306, -91.2558, 57.8279, 85.7684, -35.961, -117.043, 70.9435, 
-18.5445, -92.3252, 57.085, 88.238, -37.0577, -118.056, 71.6158, 
-18.5082, -92.8556, 57.0529, 88.287, -37.0723, -118.079, 71.6315, 
-19.2314, -93.1278, 57.3492, 86.5836, -36.0556, -116.112, 71.4514, 
-20.7482, -92.0032, 56.378, 85.1074, -37.2354, -117.462, 72.0086, 
-20.4138, -91.6766, 56.0147, 85.1352, -37.5942, -117.555, 73.1367, 
-20.399, -92.1785, 55.9805, 85.1268, -37.5996, -117.559, 73.1845, 
-20.3992, -92.1875, 55.9815, 85.1283, -37.5998, -117.559, 73.1844, 
-19.4214, -92.8023, 54.8836, 87.2522, -38.9469, -119.105, 73.609, 
-20.84, -91.6118, 54.6535, 84.1359, -38.865, -118.405, 74.4131, 
-22.5354, -89.7318, 56.3256, 81.5619, -41.9626, -119.701, 71.7655, 
-20.7327, -88.7678, 57.762, 81.5187, -44.4103, -118.735, 70.7202, 
-21.1229, -88.4257, 58.2598, 79.2956, -44.1023, -118.685, 71.3441, 
-21.1347, -88.4458, 58.2577, 79.3018, -44.1084, -118.682, 71.3466, 
-19.6705, -84.9095, 63.0693, 79.8355, -49.9433, -114.759, 69.2389, 
-18.2774, -85.7781, 62.4715, 82.1121, -51.205, -117.334, 67.3033, 
-18.2305, -86.3157, 62.4561, 82.2274, -51.2334, -117.418, 67.2388, 
-18.3606, -84.9452, 61.4258, 81.5011, -51.5946, -118.22, 67.7687, 
-20.3844, -84.8467, 62.8493, 79.3342, -49.7347, -116.256, 67.7453, 
-17.9536, -86.2453, 62.4059, 83.1408, -49.0716, -116.558, 65.9633, 
-19.6816, -85.9267, 62.1185, 80.7847, -49.1457, -115.898, 66.7004, 
-18.8477, -85.6266, 61.9711, 80.7311, -48.3799, -114.718, 67.9427, 
-20.0542, -85.6671, 61.7064, 79.3912, -48.991, -114.873, 68.5247, 
-20.3071, -85.7257, 60.7954, 79.8557, -49.3954, -115.479, 67.6798, 
-19.652, -87.1585, 60.6373, 81.0139, -49.2714, -114.443, 67.6636, 
-20.0676, -86.685, 59.8043, 78.6796, -50.0445, -113.663, 69.7753, 
-19.8834, -85.9156, 59.0158, 80.0287, -49.6771, -113.285, 69.7644, 
-21.1391, -86.3814, 57.8088, 77.9028, -50.7137, -112.329, 70.2121, 
-21.6293, -86.7204, 57.6356, 77.9534, -51.2244, -112.341, 70.9572, 
-20.3678, -87.176, 57.3214, 78.7254, -50.9013, -111.697, 71.5494, 
-22.2142, -86.5125, 56.7055, 77.9618, -51.0693, -112.064, 70.4964, 
-20.0584, -87.9059, 56.0785, 80.5802, -51.5624, -112.621, 70.5942, 
-22.0709, -87.2099, 56.6946, 77.7482, -51.0762, -111.691, 71.7531, 
-22.8663, -87.1679, 56.106, 77.1306, -51.2532, -111.558, 71.816, 
-21.5192, -87.4712, 54.5433, 77.9813, -52.1072, -111.685, 72.2935, 
-21.8408, -88.0249, 54.461, 80.0519, -52.5746, -112.908, 71.4568, 
-23.4874, -87.1991, 54.4064, 76.2888, -52.6686, -112.286, 73.019, 
-24.911, -86.6052, 54.0205, 73.9236, -52.8274, -111.973, 73.3746, 
-23.3172, -86.928, 53.0827, 74.9226, -53.0146, -110.96, 75.1739, 
-22.7976, -87.4145, 51.4211, 76.6549, -54.3955, -112.403, 74.3046, 
-22.7927, -87.4341, 51.434, 76.651, -54.3938, -112.406, 74.303, 
-24.8509, -86.5801, 51.7119, 74.0504, -53.6437, -111.007, 74.7058, 
-24.3498, -87.7866, 51.4923, 74.3571, -54.4573, -111.367, 75.665, 
-24.9119, -88.0022, 51.4862, 73.2594, -54.0182, -110.623, 75.5522, 
-25.7208, -87.0281, 50.1048, 74.1884, -55.6123, -112.792, 74.9602, 
-25.6506, -87.667, 50.8604, 72.6288, -54.4411, -110.857, 76.278, 
-27.2533, -86.6057, 50.0796, 70.4348, -55.1655, -110.756, 77.1945, 
-26.9534, -87.2223, 48.8687, 71.0821, -55.9105, -110.571, 77.2143, 
-26.1651, -87.4621, 47.7447, 71.8113, -56.8123, -111.218, 77.6506, 
-28.6401, -86.52, 48.1852, 69.3912, -56.6578, -111.206, 77.5209, 
-27.6634, -87.8243, 47.7807, 72.1276, -56.9421, -111.728, 76.9255, 
-27.7042, -87.5262, 47.0138, 69.5337, -57.6549, -110.875, 79.8745, 
-27.5651, -88.0922, 46.5184, 69.5308, -58.2962, -111.11, 81.324, 
-28.547, -86.6402, 47.8702, 68.7038, -58.8211, -109.473, 79.596, 
-28.5706, -87.235, 47.8857, 68.665, -58.8181, -109.446, 79.5605, 
-28.5708, -87.2451, 47.8861, 68.6682, -58.8188, -109.445, 79.5606, 
-28.1505, -84.9648, 48.2505, 67.9348, -61.8111, -109.263, 79.2666, 
-27.0829, -87.2329, 48.06, 71.0177, -61.8655, -108.975, 78.3695, 
-27.6913, -86.5154, 47.9385, 67.7342, -61.9574, -108.581, 80.479, 
-27.2824, -86.2883, 48.0364, 68.0867, -62.6963, -107.891, 81.0725, 
-27.7213, -85.0646, 49.4346, 67.7826, -65.1084, -110.108, 78.7259, 
-28.5774, -83.5602, 50.3969, 63.7788, -65.1297, -109.405, 79.6495, 
-28.6482, -83.6776, 51.4891, 65.9513, -65.1897, -109.207, 77.3324, 
-28.3692, -82.6703, 51.4003, 63.8153, -66.3464, -108.04, 79.5927, 
-27.3048, -83.8703, 51.5521, 65.3815, -66.0337, -107.666, 80.3876, 
-27.6686, -84.0011, 51.8761, 65.2173, -65.156, -107.294, 79.4798, 
-26.3962, -85.3754, 51.8987, 69.2816, -64.793, -107.626, 77.9668, 
-27.2872, -84.4966, 50.7723, 69.0225, -65.9712, -109.239, 77.3714, 
-28.1571, -84.1537, 51.2555, 65.5348, -65.156, -107.766, 79.7856, 
-28.2499, -84.865, 51.078, 67.0024, -64.942, -107.829, 78.8657, 
-26.4619, -86.0882, 49.9417, 70.6375, -65.6829, -108.706, 78.0881, 
-26.1323, -85.6343, 48.9747, 71.0534, -65.926, -109.116, 78.2727, 
-27.3143, -85.0114, 49.4298, 67.6833, -65.3101, -108.229, 80.3607, 
-27.3776, -86.458, 47.3155, 66.1414, -68.999, -108.264, 85.5454, 
-27.5006, -87.7354, 46.5903, 64.8845, -71.0307, -107.955, 88.3577, 
-27.8536, -87.4163, 47.606, 65.8286, -68.4665, -107.308, 84.2608, 
-27.843, -88.6303, 46.8823, 65.1793, -69.5823, -107.347, 86.177, 
-27.9409, -90.349, 44.7617, 64.3303, -71.9451, -107.561, 89.7327, 
-28.1489, -90.3591, 43.1226, 62.1069, -75.2517, -107.593, 94.8077, 
-28.0659, -91.6637, 42.0143, 61.4387, -77.1722, -107.547, 97.3977, 
-28.2097, -92.5574, 39.9407, 60.5494, -80.3212, -107.59, 101.327, 
-28.4487, -90.1112, 38.9156, 59.8739, -81.7769, -109.757, 105.28, 
-28.5491, -88.8126, 40.7246, 57.7363, -83.1417, -109.271, 106.397, 
-27.4977, -87.8378, 42.9998, 59.4149, -85.7892, -108.047, 105.756, 
0, 0, 0, 0, 0, 0, 0, 
-26.8677, -88.3867, 43.059, 61.0817, -84.4974, -106.804, 105.295, 
-28.1716, -86.7728, 43.6397, 58.2397, -84.073, -107.701, 105.492, 
-28.436, -86.671, 43.7417, 54.5994, -88.6011, -106.251, 110.607, 
-28.573, -85.4556, 45.2798, 54.4194, -87.3935, -106.249, 109.596, 
-28.6479, -83.6014, 48.1311, 53.5188, -88.6022, -104.463, 109.305, 
-28.2177, -83.726, 47.666, 54.2689, -88.6105, -104.784, 109.168, 
-28.2445, -84.0859, 47.9071, 52.3082, -91.2007, -104.517, 112.722, 
-28.5045, -84.0024, 49.309, 49.8634, -95.8145, -103.676, 117.863, 
-26.7241, -84.9932, 49.3455, 51.7166, -98.4685, -103.359, 119.716, 
-26.1681, -84.3519, 52.2231, 54.6885, -94.8293, -102.413, 115.734, 
-26.2434, -84.2363, 53.1762, 55.8002, -93.3345, -102.127, 113.501, 
-27.0625, -83.9892, 53.2268, 52.5892, -95.7911, -102.363, 116.873, 
-27.2547, -83.4955, 50.7609, 49.5238, -98.3058, -103.727, 121.363, 
-26.266, -84.2167, 50.088, 51.8254, -98.5228, -103.722, 120.301, 
-26.0141, -83.3771, 52.3227, 53.9976, -95.5665, -103.121, 115.749, 
-25.9711, -82.5933, 53.3134, 54.8829, -93.9737, -103.359, 113.356, 
-27.2937, -81.063, 53.9353, 52.0706, -92.7413, -103.407, 114.414, 
-27.0687, -84.8102, 50.4066, 52.2038, -97.0962, -103.357, 119.378, 
-27.0026, -85.4296, 51.1079, 52.6612, -96.3856, -103.205, 116.333, 
-28.1303, -82.1004, 53.9419, 50.9049, -92.273, -103.063, 116.535, 
-27.7455, -83.6314, 51.836, 51.0095, -94.4875, -103.489, 118.976, 
-27.743, -84.355, 51.8221, 51.0063, -94.4922, -103.488, 118.99, 
-26.5724, -83.4438, 53.0025, 52.3206, -98.4403, -102.722, 120.654, 
-26.6612, -83.8137, 53.9255, 52.5882, -97.6442, -102.58, 116.988, 
-26.5315, -83.7574, 55.0475, 53.5869, -96.4975, -102.37, 111.668, 
-26.5661, -84.2607, 55.754, 53.8707, -95.7587, -102.251, 108.518, 
-27.1745, -83.812, 55.2796, 52.1321, -96.9494, -102.74, 112.739, 
-27.2995, -84.3079, 55.9182, 52.0733, -96.6497, -102.615, 110.764, 
-27.3783, -84.5137, 56.721, 52.2444, -95.7943, -102.501, 107.055, 
-27.5649, -83.7327, 57.9322, 52.5336, -95.1207, -102.426, 102.054, 
-27.4603, -84.1043, 58.6882, 53.0616, -94.937, -102.252, 99.1739, 
-27.4727, -83.9399, 59.1751, 53.6501, -94.2883, -102.326, 94.9184, 
-27.2643, -83.5229, 61.1704, 53.888, -95.6666, -101.421, 92.5927, 
-27.554, -81.6148, 64.3563, 52.9341, -97.6535, -100.19, 89.2826, 
-28.026, -78.8477, 65.863, 52.3143, -97.5428, -99.4961, 83.925, 
-27.7526, -78.9877, 65.9435, 53.3223, -97.0899, -99.0532, 81.2434, 
-28.0644, -76.3805, 69.796, 52.6576, -100.519, -96.922, 79.3819, 
-26.9695, -73.9424, 71.5551, 55.6255, -101.571, -93.7211, 74.8275, 
-26.9109, -72.1986, 73.3446, 54.0838, -103.411, -92.9629, 76.1387, 
-26.165, -72.2942, 73.2362, 56.2422, -102.995, -91.6943, 74.1538, 
-25.6273, -73.1876, 73.0778, 56.854, -102.767, -90.9245, 74.7473, 
-25.98, -73.0165, 72.9585, 57.5586, -102.152, -89.9798, 74.3432, 
-26.9554, -71.9317, 72.5419, 53.8867, -102.554, -91.7869, 76.9178, 
-26.9516, -72.1835, 72.4893, 55.8618, -102.061, -90.865, 74.6191, 
-24.2264, -73.0444, 71.464, 59.6438, -102.237, -90.0315, 74.5608, 
-25.4823, -73.8409, 71.6338, 57.6388, -102.184, -90.1488, 75.6816, 
-25.6311, -74.1969, 70.9727, 58.4128, -102.042, -89.0443, 75.085, 
-26.6678, -73.9815, 70.4131, 56.861, -102.264, -89.0309, 75.6826, 
-26.7858, -74.3325, 69.8898, 58.0325, -102.651, -88.7894, 74.6852, 
-28.4485, -72.9721, 71.324, 53.5433, -104.038, -89.5943, 77.0884, 
-26.4538, -74.1352, 70.9371, 56.9991, -103.927, -88.7672, 76.2482, 
-26.48, -74.1185, 70.4069, 58.7942, -103.687, -87.5648, 74.7527, 
-25.3373, -74.545, 69.6669, 59.2712, -104.084, -87.8151, 75.9028, 
-26.8641, -74.1722, 69.4963, 56.2714, -104.1, -88.3225, 77.5806, 
-26.1402, -74.6014, 68.7755, 56.4762, -104.678, -88.726, 78.9312, 
-26.1515, -74.6044, 68.7818, 56.4789, -104.678, -88.7274, 78.9329, 
-27.6441, -74.9836, 68.799, 57.0539, -104.706, -88.0107, 77.3424, 
-28.5233, -75.1094, 68.3054, 54.0664, -104.902, -88.382, 80.0132, 
-27.5292, -75.801, 67.7664, 57.0236, -105.066, -87.9428, 78.131, 
-26.9802, -76.0589, 67.4432, 59.4192, -104.629, -86.8521, 76.9212, 
-27.063, -75.4657, 67.0511, 57.8214, -104.858, -88.186, 78.7082, 
-28.1304, -75.3629, 68.2259, 54.9792, -105.337, -86.9816, 80.4558, 
-26.7224, -75.3469, 67.0995, 56.3028, -106.152, -87.7187, 80.7614, 
-26.0147, -75.5186, 66.8613, 60.1088, -105.694, -86.166, 77.6058, 
-27.5454, -76.6817, 66.9621, 56.8919, -105.668, -86.1887, 80.2574, 
-26.1902, -77.9988, 66.204, 60.9521, -106.32, -85.9155, 79.607, 
-27.633, -77.8422, 65.8977, 58.0465, -106.305, -86.3361, 81.2334, 
-27.2322, -77.8369, 65.2924, 57.3237, -106.397, -86.658, 81.9459, 
-25.5261, -78.7685, 65.4996, 61.6774, -105.696, -85.5245, 79.8419, 
-26.4869, -78.1222, 64.7125, 61.5147, -106.199, -86.0672, 79.7175, 
-26.4507, -78.1706, 64.7316, 61.493, -106.195, -86.0723, 79.714, 
-27.7351, -77.2691, 64.4406, 57.5687, -106.064, -86.993, 82.3762, 
-26.8249, -78.7119, 64.1572, 58.7009, -105.996, -86.5369, 82.8784, 
-25.7882, -79.2137, 64.0759, 61.494, -105.92, -86.7819, 82.7777, 
0, 0, 0, 0, 0, 0, 0, 
-26.4066, -78.2422, 62.6956, 61.2064, -105.817, -86.316, 82.0291, 
-25.9611, -79.4593, 62.7246, 63.8365, -105.989, -86.0432, 81.4037, 
-26.4982, -78.3529, 61.8452, 61.5255, -106.303, -86.9982, 83.1727, 
-24.6526, -80.1348, 61.9242, 64.6587, -105.523, -85.6634, 82.9575, 
-24.6256, -80.7202, 61.9448, 64.6925, -105.509, -85.6502, 82.9539, 
-27.0239, -80.0231, 62.3312, 62.9371, -105.272, -85.9473, 83.5184, 
-26.6084, -79.256, 60.713, 60.9577, -106.446, -87.3491, 85.5182, 
-27.4643, -78.7632, 61.0901, 61.1656, -105.436, -86.5901, 84.7204, 
-27.4541, -78.7881, 61.0916, 61.1599, -105.437, -86.59, 84.7189, 
-27.4541, -78.7883, 61.0918, 61.1609, -105.437, -86.5895, 84.7188, 
-27.4541, -78.7883, 61.092, 61.1618, -105.437, -86.589, 84.7188, 
-25.4011, -81.6999, 60.9371, 64.9718, -105.58, -85.4534, 84.495, 
-26.8031, -80.2168, 60.6122, 63.9362, -105.64, -86.1456, 83.3041, 
-26.3881, -79.7278, 59.9283, 62.6459, -105.54, -86.2807, 84.2577, 
-26.1293, -79.9789, 59.522, 63.3787, -106.094, -87.0121, 84.1086, 
-24.5674, -81.8668, 59.4554, 67.1921, -105.622, -85.3854, 82.8909, 
-26.8754, -81.2355, 59.6554, 64.2036, -105.268, -85.5763, 84.0986, 
-26.894, -81.2919, 60.0356, 62.8411, -104.235, -85.3569, 85.3935, 
-27.5475, -80.8729, 59.9819, 63.0467, -104.241, -85.5356, 84.6858, 
-27.3089, -79.8084, 59.328, 61.3219, -104.98, -87.4971, 85.6702, 
-26.6858, -81.2136, 59.5057, 64.6096, -104.558, -86.108, 83.7726, 
-26.3471, -81.1777, 58.4604, 64.6193, -105.009, -86.3691, 84.8792, 
-25.8179, -81.666, 58.2036, 66.2908, -105.01, -86.0367, 83.8072, 
-25.8149, -81.6697, 58.2055, 66.2883, -105.01, -86.0363, 83.8058, 
-25.8149, -81.6697, 58.2048, 66.2886, -105.01, -86.0359, 83.8058, 
-26.9526, -82.5033, 58.4929, 64.8082, -104.519, -85.2133, 85.5689, 
-26.9473, -82.4989, 58.4905, 64.809, -104.518, -85.2132, 85.5702, 
-27.2813, -82.444, 57.5762, 65.1811, -105.578, -85.7721, 85.5355, 
-27.2743, -82.45, 57.5808, 65.1777, -105.576, -85.7728, 85.5347, 
-27.6958, -83.2038, 57.8646, 65.2809, -105.081, -84.9176, 85.2374, 
-27.7032, -83.6841, 56.5629, 63.3152, -106.124, -85.3445, 87.6027, 
-28.0127, -84.8114, 56.3555, 65.6384, -105.794, -83.2811, 85.8648, 
-28.2921, -85.8217, 55.2258, 66.2316, -107.761, -83.2707, 87.698, 
-28.151, -86.1935, 56.3689, 67.4326, -109.355, -81.2039, 87.1584, 
-27.132, -88.2913, 56.1132, 68.5775, -109.609, -80.7258, 88.307, 
-28.6458, -85.8902, 55.9949, 65.6188, -110.203, -80.9929, 88.7743, 
-28.4264, -85.9699, 55.9069, 64.7502, -110.336, -81.9115, 89.4281, 
-26.4708, -86.0526, 57.3159, 68.7111, -111.556, -80.6084, 87.9603, 
-26.3986, -85.9716, 57.3734, 70.1669, -110.9, -80.088, 87.1632, 
-26.4013, -86.4865, 57.3929, 70.1796, -110.892, -80.0915, 87.1612, 
-28.3983, -85.9289, 57.6427, 65.5466, -111.791, -80.6758, 90.0931, 
-28.0323, -85.6941, 57.493, 67.3936, -110.682, -79.3848, 89.2869, 
-27.9415, -85.2776, 57.5975, 64.7989, -112.316, -81.3138, 91.3433, 
-27.5659, -86.1758, 57.8206, 67.2811, -111.84, -80.344, 89.4492, 
-26.9802, -85.155, 56.8944, 68.5849, -111.942, -80.6858, 88.6495, 
-26.0353, -86.4351, 56.7153, 70.2484, -111.895, -80.253, 88.7291, 
-27.4342, -86.1042, 56.5581, 67.547, -111.946, -80.9856, 90.4176, 
-27.3304, -86.1084, 56.5353, 66.3247, -111.424, -81.5869, 92.3063, 
-26.398, -86.5298, 55.705, 68.2023, -111.744, -80.8415, 90.6115, 
-28.1727, -85.8347, 56.3856, 67.5328, -110.646, -80.2276, 90.1647, 
-27.9804, -86.9699, 56.0254, 68.1551, -110.921, -79.9926, 90.8125, 
-25.9335, -87.3233, 55.3694, 70.4517, -110.998, -80.2554, 90.1892, 
-27.118, -86.4828, 55.053, 69.7207, -111.051, -80.648, 90.5501, 
-26.4141, -87.4866, 55.3141, 71.6364, -110.785, -80.3086, 89.7539, 
-26.4449, -86.8345, 54.2811, 70.0643, -111.186, -80.8652, 91.0484, 
-26.5081, -87.6402, 54.3083, 69.449, -111.391, -81.5381, 92.6093, 
-26.6315, -86.9903, 53.4779, 70.0479, -111.525, -81.7571, 92.5335, 
-27.1757, -87.6756, 53.464, 70.8835, -111.435, -81.3981, 92.9646, 
-24.8904, -89.5611, 51.8735, 73.9397, -112.444, -81.4766, 94.3262, 
-24.9243, -91.5045, 51.8632, 75.7477, -112.857, -81.6346, 96.2637, 
-27.0277, -90.526, 51.0817, 72.3245, -113.142, -81.8083, 98.3678, 
-26.7356, -91.672, 50.8917, 74.4463, -113.02, -80.8086, 97.1012, 
-25.4123, -93.1833, 50.1911, 76.7041, -113.606, -81.3268, 97.9335, 
-25.3297, -94.4243, 50.6476, 78.1227, -112.897, -80.3097, 97.7255, 
-26.0873, -92.9406, 49.4738, 75.9249, -114.096, -81.7074, 98.4433, 
-26.2812, -93.2557, 49.1287, 75.2882, -114.035, -81.5373, 99.3072, 
-26.9145, -93.4495, 48.7763, 73.9552, -114.337, -82.3624, 101.722, 
-26.7049, -93.3485, 48.4717, 75.531, -115.029, -82.3742, 99.8514, 
-28.4161, -93.5801, 49.1511, 74.618, -114.337, -81.865, 100.61, 
-27.126, -92.7831, 49.3284, 75.8882, -115.532, -81.0095, 100.608, 
-27.2529, -93.2536, 48.8007, 75.0195, -115.834, -81.5091, 101.978, 
0, 0, 0, 0, 0, 0, 0, 
-26.146, -93.2235, 48.9184, 76.4041, -117.343, -82.313, 103.295, 
-25.1655, -93.6987, 49.5784, 76.3416, -119.156, -83.555, 105.867, 
-25.7554, -93.5785, 49.5722, 76.8748, -118.849, -82.4588, 104.109, 
-25.0661, -94.073, 49.7053, 79.7355, -117.742, -80.606, 102.123, 
-25.4483, -93.0228, 49.9883, 76.1655, -119.266, -81.7247, 104.762, 
-25.714, -92.8919, 49.9174, 77.2769, -118.975, -81.2856, 103.998, 
-24.3601, -93.582, 49.6465, 80.0378, -118.437, -79.9438, 102.354, 
-25.5443, -93.5325, 49.91, 78.7215, -118.295, -80.5082, 103.898, 
-25.7324, -92.1214, 51.6726, 79.5994, -115.849, -80.8797, 100.223, 
-25.874, -89.6242, 54.2403, 80.9921, -112.494, -81.2204, 95.0691, 
-25.8307, -88.7781, 55.47, 81.8348, -111.01, -81.253, 92.5271, 
-25.6643, -86.658, 57.5479, 83.2176, -108.416, -81.2714, 88.2196, 
-25.5491, -83.3574, 60.2551, 84.9476, -104.841, -81.4752, 82.4132, 
-25.4578, -81.8801, 61.8641, 86.0591, -102.825, -81.572, 79.0932, 
-25.3417, -79.2123, 64.2869, 87.6318, -99.6239, -81.6099, 74.1266, 
-25.1788, -78.1224, 65.4032, 88.6857, -98.0618, -81.6854, 71.5182, 
-25.1455, -76.31, 66.9051, 89.8894, -95.9147, -81.9587, 67.9398, 
-24.9476, -73.4792, 68.8781, 91.5854, -92.527, -82.3079, 62.8358, 
-24.9024, -72.33, 70.0163, 92.5525, -90.7063, -82.4575, 60.1675, 
-24.918, -70.322, 71.6519, 93.7444, -87.8266, -82.8208, 56.0421, 
-24.8287, -67.0295, 73.5662, 95.3871, -83.9663, -83.9195, 50.1949, 
-24.8241, -65.6422, 74.7751, 96.442, -81.4661, -84.3151, 46.9111, 
-24.4845, -63.3409, 75.938, 98.1295, -78.1962, -85.3987, 42.2937, 
-24.321, -62.1762, 76.4625, 99.1843, -76.2961, -85.9643, 39.8966, 
-24.0876, -60.0411, 77.4238, 100.235, -72.9397, -86.8499, 36.0459, 
-26.2239, -57.3483, 80.4241, 99.973, -67.8913, -88.5008, 30.758, 
-24.6421, -56.8265, 79.7725, 100.431, -66.3032, -87.7108, 30.1214, 
-25.9045, -56.2723, 80.03, 99.0472, -66.9299, -88.6292, 29.8401, 
-25.8993, -56.2815, 80.0389, 99.033, -66.9231, -88.6347, 29.8407, 
-24.6597, -57.0718, 80.1088, 100.671, -66.1864, -87.3723, 29.455, 
-22.8994, -56.214, 79.0285, 102.884, -66.5139, -88.2011, 29.1385, 
-23.9795, -56.7479, 80.2112, 100.78, -65.8833, -87.824, 28.7221, 
-25.065, -56.368, 80.2789, 100.073, -66.0178, -87.9228, 29.3035, 
-24.3073, -57.1865, 80.5108, 99.0065, -72.0043, -86.2849, 35.534, 
-23.8054, -57.9979, 80.3921, 98.5228, -75.194, -85.3725, 38.8802, 
-23.4729, -60.4822, 78.7341, 97.4529, -78.9394, -84.5454, 43.8336, 
-23.2549, -61.7338, 78.056, 96.8612, -80.9904, -84.0835, 46.4378, 
-23.0247, -63.6415, 76.9103, 95.8394, -83.9653, -83.3828, 50.4016, 
-22.6154, -66.2548, 75.2152, 94.481, -87.9871, -82.5572, 55.9128, 
-22.7242, -67.9002, 74.1452, 93.5613, -89.8824, -82.5859, 59.0484, 
-22.9732, -70.1014, 72.4879, 92.0517, -92.6599, -83.0465, 63.7452, 
-23.1642, -71.3941, 71.5882, 91.1938, -93.8714, -83.4099, 66.0457, 
-23.2969, -73.1113, 70.4232, 90.1146, -95.9523, -83.6111, 69.5574, 
-23.31, -75.578, 68.5959, 88.8111, -99.0849, -83.9012, 74.6657, 
-23.3546, -76.9469, 67.7086, 87.9899, -100.488, -84.0687, 77.1403, 
-23.5863, -79.0762, 65.8763, 86.515, -102.765, -84.5229, 81.3151, 
-23.8142, -81.5806, 63.2855, 84.7422, -105.795, -85.2352, 86.9819, 
-23.9167, -83.3303, 62.0022, 83.5749, -107.535, -85.5211, 90.298, 
-23.8753, -85.2131, 60.3968, 82.4326, -110.459, -85.4772, 94.7491, 
-23.8421, -86.5516, 59.5389, 81.7209, -111.879, -85.5069, 97.0605, 
-23.7879, -88.1751, 58.3806, 80.7675, -113.757, -85.5952, 100.405, 
-23.5303, -89.8347, 56.6084, 79.6004, -117.132, -85.4309, 105.523, 
-23.6706, -91.1782, 54.7498, 78.784, -118.659, -85.6459, 108.069, 
-23.7096, -92.7644, 52.7591, 77.6719, -120.829, -85.9895, 112.207, 
-23.0296, -93.8434, 51.1997, 77.3205, -124.774, -84.9646, 117.696, 
-22.8145, -93.0299, 51.2425, 78.9624, -124.06, -84.2076, 115.812, 
-21.725, -92.8108, 51.7823, 78.6973, -128.452, -82.6834, 119.521, 
-20.1844, -94.1955, 52.1869, 80.546, -128.952, -81.7175, 120.692, 
-20.3094, -92.2199, 53.4901, 79.4895, -127.644, -82.0663, 118.106, 
-20.3124, -92.5699, 53.5151, 79.3851, -127.563, -82.0922, 118.062, 
-19.9479, -91.0551, 52.6046, 78.7419, -127.792, -83.0023, 117.636, 
-19.9539, -91.0747, 52.6141, 78.747, -127.799, -83.0024, 117.635, 
-17.7762, -92.0122, 53.8228, 82.2259, -127.434, -76.721, 117.202, 
-16.3494, -93.01, 54.7655, 84.5446, -126.531, -72.8699, 116.496, 
-14.6983, -93.5033, 56.1081, 87.4797, -125.747, -67.2297, 116.036, 
-13.6803, -94.2628, 56.5505, 89.3578, -125.175, -64.334, 115.441, 
-13.7208, -94.538, 55.75, 88.9162, -127.324, -64.1699, 119.131, 
-13.331, -94.4138, 56.289, 89.5564, -127.055, -62.8637, 118.582, 
-12.7585, -94.538, 57.1235, 90.8439, -125.914, -60.4255, 117.702, 
-11.3113, -94.2421, 57.0085, 90.0152, -129.055, -63.1922, 120.691, 
-11.2382, -94.4951, 57.7001, 90.9107, -127.932, -61.0466, 119.303, 
-10.1851, -94.0472, 57.8325, 92.8816, -126.524, -58.1452, 116.823, 
-12.2482, -93.5622, 57.4542, 89.0895, -129.943, -62.544, 121.119, 
-11.3983, -93.5442, 58.0338, 90.5918, -128.467, -59.5242, 118.721, 
-9.49929, -93.2622, 59.0673, 94.6028, -126.461, -56.3359, 115.496, 
-9.96676, -93.3863, 58.5215, 93.1443, -127.871, -58.4377, 117.117, 
-10.3345, -93.285, 59.2054, 93.2023, -126.274, -55.8557, 115.86, 
-9.9745, -92.2422, 58.4829, 92.9275, -126.546, -56.5405, 115.299, 
-10.5086, -93.5148, 57.5351, 92.3716, -129.779, -60.9357, 118.587, 
-9.1174, -93.0423, 58.4295, 94.1798, -128.181, -57.9167, 116.296, 
-7.85857, -93.4491, 59.3107, 96.2982, -125.905, -54.8102, 115.259, 
-8.28537, -93.8498, 58.5097, 94.8276, -127.844, -57.6385, 117.233, 
-10.0987, -93.1916, 59.6424, 93.3699, -125.979, -55.4018, 116.882, 
-10.1299, -93.4243, 59.6838, 93.347, -125.945, -55.3689, 116.874, 
-9.67857, -93.209, 58.0278, 92.0804, -130.57, -60.0322, 119.612, 
-9.83644, -92.8222, 59.0628, 92.8694, -128.625, -57.0282, 117.922, 
-7.4989, -93.1078, 58.8491, 95.7842, -128.111, -55.623, 116.06, 
-8.407, -93.6498, 58.9609, 93.9954, -129.246, -57.5369, 118.536, 
-9.11011, -93.195, 57.9983, 92.2179, -130.783, -60.6079, 119.8, 
-8.76168, -92.9066, 58.4241, 91.8856, -132.261, -60.3072, 121.725, 
-8.7648, -92.9111, 58.4253, 91.8871, -132.262, -60.3073, 121.727, 
-8.76483, -92.9111, 58.4251, 91.8868, -132.263, -60.3073, 121.727, 
-8.76486, -92.9111, 58.425, 91.8864, -132.264, -60.3074, 121.727, 
-8.76489, -92.9111, 58.4248, 91.8861, -132.265, -60.3074, 121.727, 
-8.76491, -92.9111, 58.4247, 91.8858, -132.265, -60.3075, 121.727, 
-8.76493, -92.9111, 58.4246, 91.8856, -132.266, -60.3075, 121.726, 
-8.76495, -92.9111, 58.4244, 91.8854, -132.266, -60.3075, 121.726, 
-8.76497, -92.9111, 58.4243, 91.8852, -132.267, -60.3075, 121.726, 
-7.29375, -92.6901, 58.0405, 95.1018, -131.861, -58.0918, 119.324, 
-5.40228, -92.6195, 58.7055, 96.9335, -132.996, -57.2001, 118.539, 
-4.20424, -93.4403, 58.6723, 98.5182, -132.827, -57.2173, 118.781, 
-2.61336, -93.0672, 58.2119, 98.8594, -133.118, -57.2552, 118.074, 
-2.62281, -93.0688, 58.216, 98.8603, -133.119, -57.2559, 118.073, 
-3.14279, -92.3204, 58.5394, 98.7801, -132.432, -55.4733, 117.056, 
-3.14015, -92.3267, 58.5415, 98.7763, -132.433, -55.4728, 117.055, 
-1.88796, -92.544, 57.9013, 99.8311, -132.485, -55.8935, 117.302, 
-1.55474, -93.2159, 59.0338, 101.616, -131.199, -53.1388, 115.992, 
-0.505285, -92.3493, 59.7817, 102.881, -129.302, -50.0616, 113.693, 
1.584, -91.2226, 60.7762, 105.442, -126.668, -45.845, 110.48, 
3.54187, -91.1329, 60.3794, 106.567, -126.404, -45.1899, 109.291, 
3.61086, -91.1997, 60.3629, 106.651, -126.416, -45.1816, 109.252, 
3.416, -92.0613, 61.5914, 106.616, -124.8, -43.5295, 110.08, 
5.45915, -91.3454, 60.1978, 108.167, -125.172, -43.2466, 108.398, 
6.43361, -91.1959, 62.6279, 111.101, -122.7, -39.5345, 105.891, 
6.44809, -91.2182, 62.666, 111.192, -122.683, -39.4865, 105.851, 
7.16378, -89.0416, 61.6665, 111.437, -122.384, -38.6491, 103.47, 
7.15535, -89.0612, 61.6807, 111.433, -122.389, -38.6501, 103.466, 
0, 0, 0, 0, 0, 0, 0, 
6.11767, -90.2201, 61.2617, 108.526, -123.213, -40.2719, 105.906, 
6.11104, -90.2074, 61.2602, 108.537, -123.208, -40.2776, 105.912, 
8.03265, -89.0826, 61.8031, 111.956, -121.315, -37.3676, 103.284, 
7.23695, -90.6008, 62.7795, 109.979, -120.669, -37.0352, 105.128, 
9.24125, -90.1676, 62.3817, 112.176, -120.955, -37.2527, 103.673, 
9.22726, -90.1727, 62.3847, 112.171, -120.957, -37.2497, 103.67, 
9.28992, -87.8446, 62.095, 112.935, -120.237, -35.4588, 100.664, 
9.29488, -87.8679, 62.1073, 112.925, -120.243, -35.4571, 100.658, 
9.29483, -87.8683, 62.1079, 112.92, -120.241, -35.4564, 100.658, 
9.29479, -87.8683, 62.1083, 112.916, -120.24, -35.4558, 100.658, 
9.29474, -87.8684, 62.1086, 112.913, -120.239, -35.4553, 100.658, 
9.22733, -87.8507, 63.156, 113.762, -118.932, -33.5919, 100.222, 
9.23052, -87.8521, 63.1545, 113.756, -118.932, -33.5893, 100.221, 
9.23049, -87.8521, 63.1545, 113.753, -118.931, -33.5889, 100.221, 
9.23046, -87.8522, 63.1546, 113.751, -118.93, -33.5885, 100.221, 
9.23043, -87.8522, 63.1546, 113.749, -118.929, -33.5882, 100.221, 
9.23041, -87.8522, 63.1547, 113.747, -118.928, -33.5878, 100.221, 
9.23039, -87.8523, 63.1547, 113.745, -118.927, -33.5876, 100.221, 
9.23037, -87.8523, 63.1548, 113.744, -118.927, -33.5873, 100.221, 
9.23035, -87.8523, 63.1548, 113.743, -118.926, -33.5871, 100.221, 
9.23033, -87.8523, 63.1548, 113.741, -118.926, -33.5869, 100.221, 
9.23032, -87.8523, 63.1549, 113.74, -118.925, -33.5867, 100.221, 
9.23031, -87.8523, 63.1549, 113.739, -118.925, -33.5865, 100.221, 
9.23029, -87.8524, 63.1549, 113.738, -118.924, -33.5863, 100.221, 
9.23028, -87.8524, 63.1549, 113.737, -118.924, -33.5862, 100.221, 
9.23027, -87.8524, 63.1549, 113.737, -118.924, -33.5861, 100.222, 
9.23027, -87.8524, 63.1549, 113.736, -118.923, -33.586, 100.222, 
9.23026, -87.8524, 63.1549, 113.735, -118.923, -33.5859, 100.222, 
9.23025, -87.8524, 63.155, 113.735, -118.923, -33.5858, 100.222, 
9.27071, -87.6848, 63.6953, 113.44, -118.452, -33.0582, 99.7901, 
9.26999, -87.685, 63.6946, 113.441, -118.451, -33.058, 99.79, 
9.26999, -87.685, 63.6942, 113.44, -118.451, -33.058, 99.79, 
9.26998, -87.685, 63.6939, 113.44, -118.451, -33.0579, 99.79, 
8.8615, -87.9642, 63.6199, 111.395, -118.207, -33.4292, 101.055, 
9.43655, -87.0347, 63.3199, 113.339, -118.224, -32.4969, 99.0292, 
9.43742, -87.0188, 63.3182, 113.357, -118.227, -32.4952, 99.0227, 
9.43747, -87.0187, 63.3182, 113.356, -118.227, -32.4951, 99.0227, 
9.43748, -87.0187, 63.3182, 113.356, -118.227, -32.495, 99.0228, 
9.43749, -87.0188, 63.3181, 113.355, -118.226, -32.4949, 99.0228, 
9.43751, -87.0188, 63.3181, 113.354, -118.226, -32.4948, 99.0228, 
9.76941, -87.5241, 63.0322, 113.426, -118.491, -33.044, 99.6071, 
8.42222, -87.7952, 65.334, 113.624, -116.844, -30.7975, 99.1737, 
8.44097, -87.7932, 65.3211, 113.615, -116.84, -30.7912, 99.1733, 
8.44103, -87.7932, 65.3202, 113.616, -116.839, -30.7912, 99.1733, 
9.15546, -89.1432, 65.1952, 113.766, -117.331, -32.0767, 100.699, 
9.14995, -89.1349, 65.1918, 113.771, -117.329, -32.0772, 100.701, 
9.14995, -89.1348, 65.1914, 113.773, -117.33, -32.0772, 100.701, 
9.14995, -89.1348, 65.191, 113.774, -117.33, -32.0773, 100.701, 
9.14996, -89.1347, 65.1907, 113.776, -117.33, -32.0773, 100.701, 
9.14996, -89.1347, 65.1904, 113.777, -117.33, -32.0774, 100.701, 
9.14997, -89.1347, 65.1902, 113.778, -117.33, -32.0774, 100.701, 
9.14997, -89.1347, 65.1899, 113.779, -117.33, -32.0775, 100.7, 
9.14997, -89.1347, 65.1897, 113.78, -117.33, -32.0775, 100.7, 
9.14998, -89.1347, 65.1895, 113.781, -117.33, -32.0775, 100.7, 
9.14998, -89.1347, 65.1894, 113.782, -117.33, -32.0775, 100.7, 
9.14998, -89.1346, 65.1892, 113.782, -117.33, -32.0776, 100.7, 
9.14998, -89.1346, 65.1891, 113.783, -117.33, -32.0776, 100.7, 
9.14999, -89.1346, 65.189, 113.784, -117.33, -32.0776, 100.7, 
