-26.4147, 12.4457, -23.8374, -105.155, 162.383, 96.6698, -51.4029, 
-26.4146, 12.4537, -23.8366, -105.145, 162.387, 96.679, -51.403, 
-26.4145, 12.4606, -23.836, -105.136, 162.391, 96.6871, -51.4032, 
-26.4144, 12.4666, -23.8354, -105.128, 162.394, 96.6945, -51.4033, 
-26.4143, 12.4718, -23.8348, -105.121, 162.397, 96.7011, -51.4034, 
-26.4143, 12.4765, -23.8344, -105.114, 162.4, 96.7071, -51.4035, 
-26.4142, 12.4805, -23.8339, -105.108, 162.402, 96.7125, -51.4036, 
-27.1686, 12.7959, -22.0507, -105.376, 162.121, 97.2178, -49.8478, 
-27.1724, 12.7984, -22.0532, -105.372, 162.124, 97.2225, -49.8473, 
-27.1723, 12.8013, -22.0531, -105.367, 162.125, 97.2265, -49.8473, 
-27.1723, 12.8038, -22.053, -105.363, 162.127, 97.2301, -49.8473, 
-27.1722, 12.806, -22.0528, -105.36, 162.128, 97.2334, -49.8473, 
-26.1306, 12.1779, -21.0153, -102.442, 159.937, 97.1834, -50.3311, 
-28.0725, 13.3738, -20.2141, -105.407, 162.017, 96.8492, -50.0175, 
-24.3539, 12.7825, -20.1564, -100.914, 158.126, 96.8583, -50.0867, 
-26.1867, 12.2609, -19.7304, -101.162, 159.654, 97.1866, -50.6937, 
-29.8305, 11.3521, -18.8217, -102.015, 162.256, 97.6781, -51.3632, 
-30.5094, 12.7555, -19.0961, -105.167, 162.776, 98.0253, -50.5584, 
-29.6016, 12.1467, -18.1068, -102.513, 160.777, 97.9753, -51.0013, 
-30.4049, 10.2822, -20.0012, -102.879, 163.576, 97.7615, -51.9739, 
-30.4129, 11.8252, -20.2236, -102.967, 163.277, 98.5446, -52.6943, 
-30.4101, 11.813, -20.2234, -102.968, 163.278, 98.5471, -52.6954, 
-30.4094, 11.8199, -20.2248, -102.971, 163.276, 98.5487, -52.6967, 
-30.4108, 11.8199, -20.2236, -102.968, 163.278, 98.5494, -52.6949, 
-31.195, 10.6173, -17.728, -102.764, 163.89, 98.1571, -50.7719, 
-31.2062, 10.6277, -17.7403, -102.758, 163.892, 98.1567, -50.7694, 
-31.2062, 10.6317, -17.7416, -102.757, 163.893, 98.1572, -50.7695, 
-31.2051, 10.6382, -17.7423, -102.757, 163.892, 98.1594, -50.7708, 
-37.4153, 10.4164, -12.7058, -103.698, 163.913, 98.6744, -51.1494, 
-35.9988, 9.81439, -11.6568, -100.479, 161.355, 98.6205, -51.4929, 
-32.151, 9.29873, -11.4848, -95.9429, 157.491, 98.5575, -51.516, 
-32.738, 9.26351, -12.4126, -97.6851, 158.519, 99.406, -51.0835, 
-33.5548, 10.1072, -13.9186, -100.758, 161.875, 98.5195, -51.0136, 
-34.4883, 11.3295, -15.2602, -104.076, 163.297, 97.6714, -51.3622, 
-34.4905, 11.3332, -15.257, -104.081, 163.296, 97.6646, -51.3609, 
-34.4905, 11.3332, -15.257, -104.081, 163.296, 97.6654, -51.3606, 
-34.4899, 11.3332, -15.2577, -104.08, 163.297, 97.666, -51.3615, 
-34.4904, 11.3322, -15.2575, -104.079, 163.297, 97.6677, -51.3612, 
-34.4907, 11.3314, -15.2577, -104.079, 163.297, 97.6666, -51.3604, 
-34.4903, 11.3316, -15.2581, -104.08, 163.297, 97.667, -51.3611, 
-34.4904, 11.3317, -15.2581, -104.08, 163.297, 97.6677, -51.3608, 
-34.4912, 11.3299, -15.2577, -104.078, 163.298, 97.6675, -51.3598, 
-34.526, 12.6659, -15.7144, -104.18, 163.477, 98.5695, -52.6552, 
-34.5225, 12.657, -15.7154, -104.183, 163.476, 98.5695, -52.6574, 
-34.5225, 12.6541, -15.7151, -104.183, 163.476, 98.5696, -52.6574, 
-34.5224, 12.6517, -15.7149, -104.183, 163.476, 98.5698, -52.6574, 
-34.5224, 12.6496, -15.7147, -104.183, 163.476, 98.5699, -52.6574, 
-34.5224, 12.6477, -15.7145, -104.183, 163.476, 98.57, -52.6574, 
-34.5224, 12.646, -15.7143, -104.183, 163.477, 98.5701, -52.6574, 
-34.5224, 12.6446, -15.7142, -104.182, 163.477, 98.5702, -52.6574, 
-34.5224, 12.6434, -15.7141, -104.182, 163.477, 98.5703, -52.6574, 
-35.0346, 11.9613, -15.381, -104.126, 163.492, 98.3899, -53.3293, 
-34.9376, 14.1094, -14.7006, -106.101, 162.816, 98.8855, -51.9689, 
-35.0882, 14.2202, -14.4175, -106.064, 162.977, 98.852, -52.6517, 
-35.2688, 10.82, -14.6272, -103.592, 163.554, 98.6236, -51.9702, 
-34.512, 10.6068, -13.5918, -104.217, 164.152, 98.2217, -50.8908, 
-34.5419, 10.6208, -13.6165, -104.21, 164.149, 98.2214, -50.8849, 
-34.542, 10.6248, -13.6173, -104.21, 164.149, 98.2218, -50.8849, 
-35.4711, 13.2894, -14.6034, -105.269, 163.12, 99.3941, -51.9945, 
-33.4074, 11.9372, -15.9814, -104.287, 164.404, 98.7584, -51.5953, 
-33.3804, 11.9188, -15.9995, -104.274, 164.419, 98.7489, -51.5901, 
-33.3805, 11.919, -15.9994, -104.274, 164.419, 98.749, -51.5901, 
-33.3805, 11.9189, -15.9994, -104.274, 164.419, 98.7491, -51.5901, 
-33.3806, 11.9188, -15.9993, -104.274, 164.419, 98.7492, -51.5901, 
-33.3806, 11.9188, -15.9993, -104.274, 164.419, 98.7493, -51.5901, 
-33.533, 12.5323, -16.0896, -103.928, 163.246, 99.6491, -52.377, 
-33.5318, 12.528, -16.0887, -103.93, 163.247, 99.6495, -52.3775, 
-33.3158, 12.0056, -15.7273, -103.379, 163.687, 99.9966, -52.7906, 
-33.317, 12.0063, -15.7283, -103.379, 163.686, 99.9968, -52.7905, 
-32.8697, 11.9488, -16.1233, -103.471, 163.124, 99.1429, -52.5202, 
-32.9206, 13.0962, -16.1707, -104.448, 163.073, 99.3974, -52.964, 
-32.92, 13.0919, -16.1698, -104.448, 163.072, 99.3969, -52.9641, 
-32.9201, 13.0897, -16.1695, -104.448, 163.072, 99.3969, -52.9641, 
-32.727, 11.7988, -16.3572, -104.071, 163.6, 98.6933, -53.4183, 
-32.244, 14.3368, -15.0943, -106.422, 162.468, 99.5817, -52.1248, 
-32.3792, 12.8258, -15.5766, -104.208, 162.62, 99.9136, -52.7042, 
-33.0583, 15.0173, -16.5565, -106.641, 161.861, 98.6852, -53.8352, 
-32.6798, 13.4863, -16.1545, -105.999, 161.862, 98.0953, -53.276, 
-32.6793, 13.4951, -16.1569, -105.999, 161.864, 98.0954, -53.2759, 
-32.8459, 12.3579, -17.1928, -105.585, 162.078, 97.2421, -54.9494, 
-32.8422, 12.363, -17.1896, -105.583, 162.078, 97.2414, -54.9506, 
-32.8422, 12.3639, -17.1895, -105.583, 162.077, 97.2414, -54.9506, 
-32.8423, 12.3647, -17.1894, -105.583, 162.077, 97.2413, -54.9505, 
-32.8423, 12.3654, -17.1893, -105.583, 162.077, 97.2413, -54.9505, 
-32.8423, 12.3659, -17.1893, -105.583, 162.077, 97.2413, -54.9505, 
-32.8423, 12.3665, -17.1892, -105.583, 162.077, 97.2413, -54.9504, 
-32.8423, 12.3669, -17.1891, -105.583, 162.077, 97.2412, -54.9504, 
-32.3071, 12.863, -16.2889, -104.588, 161.805, 98.19, -54.4303, 
0, 0, 0, 0, 0, 95.3975, -67.609, 
-32.3107, 12.8581, -16.292, -104.59, 161.805, 98.1911, -54.4298, 
-32.3107, 12.858, -16.2919, -104.59, 161.805, 98.1909, -54.4298, 
-32.3107, 12.8579, -16.2919, -104.59, 161.805, 98.1908, -54.4298, 
-32.0963, 12.4822, -16.037, -104.725, 162.206, 98.3491, -54.1635, 
-32.0971, 12.4843, -16.0376, -104.724, 162.205, 98.3489, -54.1634, 
-32.0971, 12.4849, -16.0377, -104.724, 162.205, 98.349, -54.1634, 
-32.8018, 14.2296, -17.8419, -105.798, 160.349, 97.2853, -57.597, 
-32.1809, 12.8569, -17.187, -103.708, 162.077, 98.4888, -56.6159, 
-32.3225, 16.1365, -16.7857, -105.97, 160.706, 98.5824, -56.4582, 
-32.3242, 16.2245, -16.792, -105.997, 160.692, 98.5873, -56.457, 
-32.7202, 13.6019, -17.6725, -104.303, 161.296, 97.572, -56.407, 
-32.7116, 13.6118, -17.6642, -104.299, 161.298, 97.5711, -56.4084, 
-32.7116, 13.6117, -17.6639, -104.298, 161.298, 97.5707, -56.4083, 
-32.7115, 13.6115, -17.6636, -104.298, 161.298, 97.5704, -56.4083, 
-32.5372, 14.4492, -17.1099, -104.629, 161.157, 98.9195, -56.1228, 
-32.5389, 14.446, -17.111, -104.629, 161.157, 98.9193, -56.1224, 
-31.9911, 16.1152, -16.3685, -105.594, 161.633, 98.5778, -55.7413, 
-31.9974, 16.1034, -16.3732, -105.598, 161.632, 98.5789, -55.7402, 
-32.3675, 14.314, -17.6429, -107.418, 161.021, 96.2253, -56.2057, 
-32.2943, 13.7687, -17.8411, -104.48, 160.678, 97.5626, -57.1912, 
-32.2927, 13.7474, -17.8481, -104.4, 160.67, 97.6007, -57.2183, 
-32.3556, 13.8218, -18.1644, -103.99, 161.652, 97.5904, -57.0956, 
-32.5081, 14.0983, -18.0053, -106.126, 160.653, 96.5596, -56.3807, 
-31.6405, 13.4227, -16.2787, -105.465, 161.389, 96.8596, -53.8494, 
-31.6231, 13.3942, -16.2429, -105.454, 161.403, 96.8643, -53.8054, 
-31.6233, 13.3959, -16.2434, -105.454, 161.403, 96.8643, -53.8054, 
-31.6234, 13.3977, -16.2438, -105.454, 161.403, 96.8644, -53.8054, 
-32.0421, 12.373, -17.1579, -103.49, 160.637, 96.9226, -55.3477, 
-32.6118, 14.2951, -18.1955, -103.664, 161.023, 98.0048, -56.8685, 
-32.6234, 14.3474, -18.2207, -103.67, 161.03, 98.0281, -56.8975, 
-32.6233, 14.3455, -18.2202, -103.669, 161.03, 98.0278, -56.8974, 
-32.8611, 13.3531, -19.1975, -102.899, 160.935, 96.7935, -57.3277, 
-32.8572, 13.3543, -19.1942, -102.9, 160.936, 96.7934, -57.3285, 
-32.8572, 13.355, -19.1939, -102.899, 160.936, 96.793, -57.3285, 
-32.8572, 13.3556, -19.1937, -102.899, 160.936, 96.7927, -57.3285, 
-33.0157, 8.97321, -18.6201, -101.653, 159.497, 99.7345, -55.533, 
-33.0435, 11.9608, -18.7883, -102.761, 160.244, 97.703, -56.1245, 
-33.0322, 12.1142, -19.448, -102.546, 161.373, 94.6738, -56.593, 
-32.1553, 13.1455, -17.5318, -103.577, 161.481, 95.8025, -54.4867, 
-32.1189, 13.1816, -17.4552, -103.621, 161.484, 95.85, -54.4066, 
-32.1192, 13.182, -17.4556, -103.62, 161.484, 95.8496, -54.4067, 
-32.9008, 11.5235, -19.5208, -101.512, 162.308, 95.1001, -56.7706, 
-32.8969, 13.5937, -19.0217, -101.749, 161.202, 97.1035, -56.5792, 
-32.8969, 13.6071, -19.0254, -101.753, 161.2, 97.1092, -56.5793, 
-32.8969, 13.6057, -19.0251, -101.752, 161.2, 97.1088, -56.5793, 
-32.8969, 13.6044, -19.0247, -101.752, 161.2, 97.1084, -56.5793, 
-32.9093, 8.62938, -18.8748, -99.3237, 160.85, 99.1037, -55.1189, 
-33.3412, 10.5269, -20.0916, -99.6202, 161.575, 96.637, -57.6179, 
-33.1846, 11.9958, -19.9752, -100.893, 161.776, 95.5312, -57.9897, 
-32.9834, 7.90316, -18.616, -99.8841, 160.69, 98.5108, -54.3619, 
-33.3656, 10.0953, -18.6016, -100.86, 159.193, 99.2619, -54.6157, 
-33.4083, 10.1754, -20.0238, -98.8799, 161.855, 95.853, -57.7535, 
-33.8928, 7.70635, -20.0857, -98.7719, 160.468, 97.0058, -56.6591, 
-33.0595, 8.27974, -19.0701, -101.064, 159.798, 97.6329, -54.7902, 
-33.337, 9.66786, -19.7757, -101.071, 160.518, 95.591, -56.2397, 
-33.5761, 9.05613, -21.0193, -98.8007, 162.113, 93.6123, -58.6631, 
-33.7261, 9.62908, -21.4955, -97.5857, 162.898, 94.9634, -60.0608, 
-34.0018, 7.29933, -21.0601, -97.2201, 160.29, 97.9677, -57.8781, 
-34.0956, 4.92604, -21.427, -96.1964, 160.812, 97.0981, -57.36, 
-33.9999, 8.60277, -20.8571, -99.2592, 160.352, 97.3476, -56.3392, 
-33.794, 9.83733, -21.4068, -97.8842, 161.966, 94.9453, -58.0961, 
-34.1203, 7.8629, -21.8206, -98.0928, 160.245, 96.0545, -57.5652, 
-34.1089, 7.90346, -21.8101, -98.0657, 160.255, 96.044, -57.5653, 
-33.9916, 6.71827, -21.808, -95.1711, 161.315, 97.7395, -57.2008, 
-33.9927, 6.71381, -21.8094, -95.1789, 161.314, 97.7445, -57.2012, 
-34.4526, 6.29764, -22.5785, -97.9745, 161.457, 94.1918, -57.4584, 
-34.3125, 7.21115, -22.4197, -96.3561, 161.851, 96.2531, -57.3119, 
-34.6084, 5.01697, -23.4566, -93.5785, 162.672, 95.5409, -58.0346, 
-34.6108, 4.94919, -23.4532, -93.5658, 162.677, 95.5412, -58.039, 
-34.6108, 4.95477, -23.4541, -93.5653, 162.677, 95.5407, -58.039, 
-34.5038, 5.79216, -23.4236, -94.1478, 163.782, 95.3901, -57.3984, 
-34.504, 5.79211, -23.4242, -94.1484, 163.781, 95.3897, -57.3982, 
0, 0, 0, 0, 0, 95.3975, -67.609, 
-30.8596, 5.94847, -27.4141, -93.4496, 163.043, 95.1942, -57.2007, 
-30.8551, 5.95301, -27.4193, -93.4536, 163.04, 95.1993, -57.201, 
-30.6029, 5.80146, -28.3963, -93.5756, 163.143, 94.741, -57.2485, 
-24.3901, 6.45264, -34.3803, -94.3201, 162.748, 94.195, -56.7854, 
-23.4793, 4.00951, -36.2666, -91.9913, 164.274, 93.5518, -56.8471, 
-23.4675, 3.97589, -36.2919, -91.9559, 164.298, 93.5466, -56.8484, 
-19.1595, 4.49331, -41.4783, -93.2016, 164.411, 92.2101, -57.1616, 
-16.1939, 5.40803, -44.0947, -93.7811, 164.18, 91.5366, -56.3823, 
-16.1041, 5.51809, -44.1824, -93.804, 164.169, 91.5226, -56.3576, 
-16.1042, 5.51162, -44.1818, -93.8047, 164.168, 91.5223, -56.3582, 
-16.9358, 5.41024, -38.5179, -88.7792, 159.301, 91.5791, -56.4724, 
-16.3749, 4.94354, -36.5839, -85.7223, 156.811, 91.5983, -56.9252, 
-14.2795, 5.15541, -40.5625, -87.5487, 159.146, 91.6791, -56.3036, 
-14.5166, 5.17408, -38.8576, -85.9842, 157.642, 91.7247, -56.2855, 
-13.8038, 5.22933, -35.9528, -82.434, 154.079, 91.8118, -56.2064, 
-11.6853, 4.95729, -33.3076, -77.3874, 149.497, 91.7691, -56.4158, 
-9.80052, 5.128, -35.752, -78.1227, 150.135, 91.7416, -56.0971, 
-7.51329, 5.47034, -39.7436, -79.7546, 151.729, 91.8157, -55.7625, 
-3.40735, 6.64684, -45.4296, -82.1504, 153.264, 92.022, -54.7471, 
-1.17596, 6.79116, -48.6255, -82.7425, 154.11, 91.9771, -54.8109, 
1.47701, 6.81505, -52.8262, -83.5244, 155.486, 91.9706, -55.0044, 
3.99053, 6.40526, -58.8036, -86.4862, 158.979, 91.6038, -54.927, 
6.8717, 7.28299, -61.8997, -86.862, 158.995, 91.786, -54.3418, 
10.4267, 7.30635, -66.3737, -87.4099, 160.122, 92.0208, -54.2134, 
11.8115, 7.24888, -68.6792, -87.7752, 160.91, 91.9647, -54.4876, 
11.9697, 7.15079, -66.3665, -84.8188, 158.325, 91.9403, -54.8869, 
9.70595, 7.22621, -68.6181, -80.1982, 153.896, 91.9048, -55.0369, 
7.74185, 7.51118, -68.8599, -78.2474, 152.025, 91.9085, -55.1552, 
8.50522, 7.74452, -69.8633, -80.908, 154.487, 91.6523, -55.2881, 
8.92832, 7.37502, -66.5267, -77.1253, 151.228, 91.6294, -55.8192, 
10.0888, 7.49413, -65.7579, -75.1811, 149.345, 91.6522, -55.9169, 
8.2514, 7.53246, -66.7849, -72.3066, 146.539, 91.6627, -56.0151, 
11.8312, 8.23533, -70.0091, -74.563, 148.617, 91.9416, -55.0223, 
13.7123, 8.91454, -71.5866, -80.1386, 153.158, 91.8962, -54.0684, 
16.4245, 9.08683, -71.4818, -77.604, 150.634, 91.8622, -54.171, 
17.642, 8.5405, -73.7441, -80.9923, 154.631, 91.4042, -54.23, 
17.9875, 9.07038, -74.2064, -83.1798, 156.14, 91.4351, -53.6789, 
19.4037, 8.93289, -76.7232, -86.4652, 158.947, 90.8282, -53.3153, 
17.2381, 9.08454, -75.924, -89.9647, 161.906, 90.9068, -54.2142, 
17.2022, 9.18821, -75.9274, -90.0072, 161.931, 90.8902, -54.2285, 
19.5737, 6.95626, -79.2708, -89.7833, 163.804, 90.508, -55.3987, 
19.5909, 7.01715, -79.293, -89.7781, 163.804, 90.4897, -55.4074, 
18.8544, 7.3815, -77.5854, -89.1767, 163.954, 91.1223, -53.6921, 
18.8518, 7.37114, -77.5871, -89.1792, 163.955, 91.1248, -53.691, 
22.1773, 7.1962, -83.286, -88.7044, 164.236, 90.2179, -55.7094, 
25.1521, 7.57324, -85.3832, -87.7282, 164.375, 90.2868, -54.9025, 
25.1621, 7.68942, -85.3946, -87.7249, 164.365, 90.2804, -54.8992, 
0, 0, 0, 0, 0, 95.3975, -67.609, 
25.1615, 7.66608, -85.3932, -87.7248, 164.366, 90.282, -54.8997, 
30.4998, 7.95241, -90.4254, -87.2934, 164.271, 89.8991, -54.6717, 
30.6463, 8.09167, -90.571, -87.2831, 164.262, 89.8818, -54.6649, 
30.6469, 8.07629, -90.5704, -87.2834, 164.263, 89.8817, -54.6647, 
30.6474, 8.06211, -90.5705, -87.2838, 164.264, 89.8813, -54.6647, 
30.6462, 8.05068, -90.5683, -87.2834, 164.263, 89.8824, -54.665, 
30.6461, 8.03917, -90.5677, -87.2834, 164.263, 89.8827, -54.665, 
34.4969, 9.15673, -93.3795, -87.6392, 163.118, 88.7501, -53.27, 
31.01, 9.00354, -91.3013, -87.1835, 163.742, 89.3429, -54.557, 
33.1198, 10.4832, -93.323, -87.3259, 162.681, 88.0778, -54.0526, 
35.0247, 10.1923, -93.4131, -86.1027, 163.196, 89.0209, -52.5983, 
31.69, 10.2695, -91.2909, -85.1278, 163.582, 90.0733, -53.6151, 
32.5357, 10.4021, -91.5379, -84.7899, 163.986, 89.5987, -53.3882, 
31.8044, 11.0042, -92.6613, -84.5098, 162.948, 88.9154, -54.5314, 
35.8928, 11.9585, -94.8803, -85.5736, 162.335, 87.5262, -52.4013, 
35.9732, 12.0867, -94.9506, -85.5951, 162.317, 87.5027, -52.3602, 
35.9731, 12.0748, -94.9479, -85.595, 162.318, 87.5024, -52.3602, 
35.973, 12.0625, -94.9453, -85.595, 162.318, 87.5021, -52.3602, 
35.9729, 12.0515, -94.9429, -85.595, 162.319, 87.5018, -52.3602, 
35.9728, 12.0421, -94.9409, -85.595, 162.319, 87.5015, -52.3602, 
35.9727, 12.0337, -94.9389, -85.595, 162.32, 87.5013, -52.3603, 
35.9727, 12.0265, -94.9373, -85.5949, 162.32, 87.5011, -52.3603, 
35.9726, 12.0201, -94.9358, -85.5949, 162.321, 87.5009, -52.3603, 
35.9726, 12.0145, -94.9344, -85.5949, 162.321, 87.5008, -52.3603, 
35.9725, 12.0096, -94.9332, -85.5949, 162.321, 87.5006, -52.3603, 
40.935, 14.3112, -98.6456, -82.1211, 159.617, 89.5694, -52.9143, 
41.05, 14.4874, -98.7589, -82.0324, 159.551, 89.6203, -52.928, 
41.0502, 14.475, -98.757, -82.0329, 159.552, 89.6194, -52.9277, 
41.0502, 14.461, -98.7539, -82.0341, 159.552, 89.6187, -52.9274, 
41.0502, 14.4495, -98.7516, -82.0342, 159.552, 89.6193, -52.9279, 
41.0503, 14.4391, -98.7496, -82.0348, 159.552, 89.6191, -52.9277, 
44.3699, 15.7314, -100.828, -79.5495, 158.564, 92.106, -53.1055, 
42.9473, 16.1692, -100.768, -81.1201, 158.45, 89.4391, -54.1895, 
42.9189, 16.272, -100.8, -81.148, 158.45, 89.3852, -54.2087, 
42.9191, 16.2622, -100.796, -81.1485, 158.449, 89.3853, -54.2088, 
41.4082, 14.415, -99.2546, -81.7156, 160.372, 89.3331, -54.2482, 
42.6249, 15.8711, -100.619, -79.9051, 158.232, 89.9456, -55.2001, 
42.6511, 15.9752, -100.672, -79.8566, 158.182, 89.9617, -55.2221, 
42.6512, 15.9678, -100.67, -79.857, 158.182, 89.9615, -55.2221, 
42.6512, 15.9602, -100.668, -79.8574, 158.182, 89.9612, -55.2221, 
42.6512, 15.9537, -100.667, -79.8577, 158.182, 89.961, -55.2221, 
46.9368, 19.3777, -103.534, -78.679, 155.519, 89.661, -53.9695, 
43.7348, 17.5415, -101.912, -79.6297, 157.342, 88.9103, -55.0313, 
43.7167, 17.5938, -101.923, -79.6306, 157.35, 88.9109, -55.0371, 
43.7191, 17.5885, -101.923, -79.6304, 157.349, 88.9103, -55.0369, 
48.705, 19.1087, -104.044, -77.8297, 154.789, 89.2808, -52.1955, 
49.1818, 20.7955, -104.858, -77.9313, 153.69, 88.782, -53.2774, 
49.1927, 20.765, -104.846, -77.9226, 153.686, 88.7784, -53.28, 
44.3885, 18.1024, -102.136, -78.9963, 156.859, 88.0553, -55.1979, 
44.3109, 18.0706, -102.107, -79.015, 156.911, 88.0443, -55.2289, 
44.3089, 18.0693, -102.103, -79.0145, 156.911, 88.0452, -55.2295, 
49.0839, 20.4533, -104.892, -76.1919, 154.036, 89.7031, -53.3447, 
49.0914, 20.5516, -104.92, -76.1792, 154.032, 89.7075, -53.3419, 
52.1308, 21.8991, -106.006, -75.0529, 152.538, 90.0083, -52.23, 
52.1054, 21.8862, -106.014, -75.048, 152.535, 90.0133, -52.228, 
52.1078, 21.8716, -106.014, -75.0495, 152.535, 90.012, -52.2275, 
52.1058, 21.8606, -106.009, -75.0502, 152.534, 90.0128, -52.2281, 
52.11, 21.8502, -106.011, -75.0514, 152.534, 90.0107, -52.227, 
0, 0, 0, 0, 0, 95.3975, -67.609, 
52.1059, 21.832, -106.004, -75.0531, 152.535, 90.012, -52.2276, 
51.4749, 21.0345, -105.752, -75.3423, 152.75, 90.1903, -52.179, 
51.473, 21.0331, -105.749, -75.3427, 152.751, 90.1913, -52.1799, 
51.4767, 21.0297, -105.752, -75.3438, 152.752, 90.1891, -52.1786, 
51.4776, 21.0258, -105.752, -75.3441, 152.751, 90.1892, -52.1788, 
52.4992, 21.6575, -106.329, -75.1511, 152.101, 90.4725, -51.7307, 
51.4983, 21.3798, -106.193, -77.3457, 152.31, 89.7073, -51.8875, 
51.502, 21.3711, -106.188, -77.3395, 152.31, 89.7036, -51.8878, 
51.5047, 21.3698, -106.19, -77.3401, 152.309, 89.7025, -51.8869, 
51.4998, 21.3691, -106.185, -77.3397, 152.309, 89.7049, -51.8885, 
51.5023, 21.3657, -106.187, -77.3401, 152.309, 89.7045, -51.8877, 
51.5022, 21.3654, -106.186, -77.3408, 152.308, 89.7044, -51.8876, 
52.4377, 21.7768, -106.493, -75.2684, 151.29, 91.4498, -53.252, 
52.4343, 21.7798, -106.493, -75.2736, 151.294, 91.454, -53.253, 
52.4335, 21.7801, -106.49, -75.2725, 151.29, 91.4553, -53.255, 
52.4334, 21.7774, -106.49, -75.273, 151.29, 91.4554, -53.2549, 
52.4374, 21.7733, -106.493, -75.2751, 151.291, 91.4538, -53.2533, 
52.435, 21.7736, -106.492, -75.2737, 151.289, 91.4545, -53.2544, 
52.4371, 21.7713, -106.494, -75.2755, 151.29, 91.4528, -53.2527, 
52.4358, 21.7655, -106.492, -75.2761, 151.293, 91.4545, -53.2529, 
54.4848, 22.8927, -107.554, -73.3654, 149.522, 93.4142, -54.0583, 
54.4841, 22.8915, -107.558, -73.3644, 149.521, 93.4142, -54.0577, 
53.1262, 22.1038, -106.406, -74.8526, 150.92, 93.0225, -54.8046, 
53.1231, 22.0987, -106.407, -74.8517, 150.92, 93.0219, -54.8043, 
53.928, 22.6932, -106.988, -73.1996, 150.485, 94.1831, -54.7424, 
53.9303, 22.6912, -106.987, -73.2024, 150.485, 94.1846, -54.7428, 
54.9202, 23.3382, -107.879, -73.0575, 148.715, 94.0063, -54.9165, 
52.9848, 22.2937, -106.626, -74.8157, 150.532, 93.1461, -55.2526, 
57.4624, 24.0079, -108.314, -72.3137, 148.733, 94.7869, -52.9226, 
58.2844, 24.715, -109.015, -70.5813, 147.276, 96.2719, -54.2582, 
58.2959, 24.8023, -109.038, -70.5331, 147.248, 96.2968, -54.2868, 
58.2974, 24.795, -109.038, -70.5333, 147.248, 96.2972, -54.2873, 
58.2949, 24.7848, -109.034, -70.5362, 147.249, 96.2983, -54.2868, 
58.2939, 24.7781, -109.033, -70.5366, 147.249, 96.2994, -54.2878, 
58.2954, 24.7762, -109.033, -70.5385, 147.249, 96.2991, -54.2869, 
58.2959, 24.7789, -109.033, -70.5391, 147.248, 96.2982, -54.2867, 
58.2974, 24.777, -109.035, -70.5399, 147.249, 96.2983, -54.2863, 
58.2951, 24.7757, -109.031, -70.54, 147.249, 96.3006, -54.2871, 
58.2968, 24.7759, -109.033, -70.5419, 147.249, 96.2989, -54.2859, 
57.4573, 25.5283, -108.82, -70.6384, 147.048, 95.1421, -56.0047, 
57.3045, 24.9989, -108.841, -70.7853, 147.473, 95.3298, -55.0654, 
57.2053, 24.6321, -108.63, -73.1631, 147.241, 93.488, -54.3636, 
57.2051, 24.6661, -108.632, -73.1707, 147.241, 93.4848, -54.3628, 
57.4211, 25.5592, -108.735, -71.3017, 147.316, 94.5288, -55.3461, 
60.2925, 27.6195, -110.021, -68.6783, 145.852, 95.3567, -54.7526, 
61.2192, 27.2284, -110.007, -67.157, 145.723, 96.421, -54.291, 
61.3347, 27.801, -110.226, -67.4542, 145.802, 94.8567, -53.019, 
59.7003, 28.3042, -109.924, -67.9524, 145.575, 93.682, -55.2876, 
63.0496, 30.0996, -111.2, -64.9321, 144.287, 95.6095, -54.599, 
60.1703, 29.2766, -110.612, -67.6459, 144.711, 93.2465, -55.0012, 
59.6044, 28.8768, -109.969, -67.9105, 145.722, 92.9444, -54.4617, 
59.5989, 28.8855, -109.976, -67.9174, 145.72, 92.9462, -54.4606, 
63.4708, 31.0408, -111.873, -65.1726, 143.288, 93.3047, -53.045, 
63.5168, 31.2816, -111.918, -65.1267, 143.258, 93.3128, -53.0278, 
62.4563, 30.887, -111.426, -63.262, 143.462, 94.5301, -55.1687, 
63.2629, 32.4072, -111.624, -62.3523, 143.587, 94.3994, -55.2009, 
62.8628, 32.8904, -111.995, -63.2939, 142.968, 92.7985, -54.8491, 
66.771, 34.341, -112.976, -59.2698, 141.772, 94.8365, -54.076, 
64.0566, 33.2117, -112.22, -61.1607, 142.66, 94.1571, -54.4301, 
62.5926, 32.9932, -111.518, -63.0077, 143.824, 92.6452, -53.6508, 
64.3478, 33.302, -112.201, -61.3841, 142.625, 93.3813, -53.3719, 
65.5814, 35.2638, -112.925, -58.7543, 141.655, 94.4966, -54.9785, 
66.243, 34.6022, -112.595, -57.8965, 141.795, 94.6137, -53.9397, 
66.2379, 34.6201, -112.6, -57.9014, 141.795, 94.6151, -53.939, 
64.5796, 34.9961, -112.237, -59.6456, 142.773, 92.9499, -52.9791, 
67.2693, 36.6402, -113.015, -56.2056, 141.771, 93.7803, -52.8993, 
67.2796, 38.0962, -113.356, -55.0751, 141.24, 93.1079, -53.7195, 
66.51, 37.0377, -112.662, -57.2969, 142.154, 91.9466, -51.9006, 
66.1023, 37.3362, -112.78, -58.0347, 141.665, 90.2476, -51.7053, 
66.1076, 37.3338, -112.773, -58.0404, 141.668, 90.2445, -51.7049, 
69.8399, 39.6893, -114.18, -52.3781, 140.401, 92.7445, -51.7854, 
70.2167, 40.1976, -113.865, -50.4331, 140.462, 93.6433, -52.8599, 
69.3842, 40.1502, -113.662, -52.0247, 140.738, 92.7886, -52.1888, 
67.143, 39.9023, -113.231, -54.1107, 141.001, 90.7151, -51.9214, 
66.5138, 39.8699, -112.711, -54.3594, 141.222, 89.6712, -52.0315, 
70.4829, 42.2148, -114.25, -49.3325, 139.727, 92.1121, -52.071, 
71.1067, 42.0924, -114.427, -48.9067, 139.293, 91.8337, -50.8736, 
68.1401, 41.2148, -113.09, -51.6727, 140.56, 90.6046, -51.752, 
70.5417, 42.5333, -114.881, -49.3009, 140.522, 91.2412, -51.6234, 
71.402, 42.0744, -114.762, -48.191, 140.344, 91.9812, -51.6215, 
71.5149, 42.9794, -115.14, -46.9909, 139.822, 92.3786, -52.4649, 
72.0306, 43.2246, -115.156, -48.1669, 139.994, 91.1297, -50.0939, 
74.3399, 43.3138, -117.431, -46.7509, 140.036, 90.8629, -50.4412, 
71.5147, 42.4999, -116.329, -49.957, 141.44, 89.5889, -50.1661, 
73.0826, 43.4986, -117.61, -47.5726, 141.24, 90.4788, -50.5254, 
74.1051, 44.1875, -117.575, -44.6116, 141.021, 91.5452, -51.4399, 
75.0346, 44.9103, -118.125, -43.0506, 140.176, 92.0519, -51.6383, 
75.8259, 43.3925, -120.285, -43.7491, 141.288, 91.5871, -50.8197, 
73.4971, 43.673, -119.265, -46.1655, 142.351, 89.6752, -51.6985, 
71.507, 42.6354, -119.001, -49.3869, 142.48, 87.4054, -51.0878, 
70.5917, 41.7743, -118.377, -50.801, 143.018, 87.343, -50.5904, 
73.9258, 43.1796, -120.447, -46.441, 143.059, 89.0972, -51.3588, 
75.3306, 44.5259, -120.735, -44.1318, 142.475, 89.855, -51.9529, 
73.4261, 44.1854, -120.237, -45.8473, 142.579, 88.5342, -52.747, 
72.9299, 43.2902, -120.756, -47.6521, 142.919, 86.6325, -49.9123, 
74.2171, 43.2453, -120.552, -45.8592, 142.716, 88.7429, -50.4701, 
75.187, 44.4032, -120.413, -43.1281, 142.444, 89.5707, -51.7595, 
75.188, 44.9962, -120.405, -43.1176, 142.439, 89.5744, -51.7614, 
72.893, 43.0715, -119.565, -47.5847, 143.147, 87.368, -50.3452, 
74.7203, 44.252, -121.124, -44.7316, 143.588, 88.1498, -50.7366, 
76.8026, 45.513, -121.761, -41.3125, 142.737, 88.5341, -50.3373, 
77.2307, 47.309, -121.915, -39.3739, 142.318, 88.5558, -51.3315, 
77.2353, 47.0476, -121.833, -38.4543, 141.876, 88.7745, -51.9185, 
77.2418, 47.0993, -121.837, -38.4739, 141.881, 88.7808, -51.9194, 
73.8421, 46.7391, -119.386, -43.8951, 141.639, 85.3653, -50.4388, 
74.6468, 45.5896, -121.02, -44.0598, 142.721, 85.8913, -49.8991, 
73.2428, 44.5185, -122.491, -45.6885, 144.93, 84.232, -51.0694, 
74.8663, 46.033, -122.89, -43.1279, 144.305, 85.3073, -51.304, 
77.3391, 47.5931, -123.283, -38.8527, 143.599, 87.5123, -51.8721, 
76.3503, 47.095, -123.644, -40.0805, 144.211, 86.7547, -51.8415, 
74.5844, 46.9277, -120.608, -39.2106, 143.003, 86.7274, -52.1219, 
76.7626, 48.3246, -122.045, -38.1213, 142.602, 86.7069, -51.6552, 
76.4751, 47.6123, -121.72, -39.1861, 142.615, 86.6656, -51.0848, 
77.8628, 49.0097, -122.291, -36.8951, 141.459, 86.5171, -51.8678, 
75.8464, 46.0826, -122.906, -41.6219, 143.643, 85.0792, -50.349, 
75.113, 46.0906, -122.386, -41.4554, 143.807, 85.6037, -52.1156, 
72.3867, 44.9652, -117.988, -39.9078, 142.401, 85.846, -52.7357, 
74.0512, 47.2469, -118.715, -38.3348, 141.438, 86.6072, -52.7881, 
75.8756, 48.0096, -119.258, -38.1763, 140.984, 87.3877, -50.8951, 
77.2014, 48.1761, -119.517, -38.1516, 140.09, 86.7963, -50.6996, 
77.1843, 48.1993, -119.524, -38.1492, 140.09, 86.7972, -50.6983, 
77.1842, 48.1995, -119.524, -38.1505, 140.09, 86.7968, -50.6983, 
78.1955, 49.7388, -119.891, -34.5252, 139.609, 88.0433, -52.0304, 
79.9397, 51.2008, -120.609, -32.1722, 138.562, 88.6757, -52.3471, 
76.4902, 49.8047, -119.406, -36.6128, 139.537, 86.4934, -52.4692, 
78.395, 50.9108, -119.752, -33.9064, 138.953, 87.965, -52.7185, 
76.2263, 49.2917, -118.871, -38.2278, 139.723, 86.0551, -50.8199, 
76.5433, 49.6941, -119.22, -36.6189, 138.99, 86.8443, -51.6852, 
77.2686, 50.4271, -119.53, -36.8158, 138.516, 86.0495, -50.5564, 
79.2188, 51.8097, -119.463, -32.2484, 138.221, 88.2019, -53.0109, 
77.6406, 51.379, -118.958, -34.9978, 138.527, 87.084, -52.3462, 
77.5296, 50.1693, -118.827, -35.8962, 138.301, 86.9641, -51.4809, 
75.9605, 49.7785, -119.402, -38.1892, 139.941, 85.6316, -50.8248, 
72.7225, 48.2727, -115.315, -36.8032, 139.284, 86.0045, -51.371, 
76.1622, 50.0459, -116.889, -36.6924, 137.432, 87.1405, -51.3063, 
78.2797, 51.6084, -118.602, -33.6886, 137.634, 87.9894, -51.7829, 
78.3964, 52.3565, -118.687, -33.5038, 137.644, 88.0335, -51.8091, 
79.9115, 51.9674, -118.637, -31.1399, 137.107, 88.6651, -52.3915, 
78.0408, 51.877, -118.223, -34.3652, 137.481, 86.595, -51.3003, 
74.8692, 50.5462, -113.21, -33.0512, 135.819, 86.61, -51.8084, 
77.0931, 52.6084, -114.144, -31.3949, 134.77, 87.4603, -51.9811, 
79.5001, 53.657, -115.241, -30.6325, 133.526, 89.1514, -52.1252, 
77.4583, 53.1357, -114.315, -34.4875, 133.431, 86.816, -50.0385, 
76.3722, 52.573, -113.199, -34.8065, 133.44, 87.895, -49.8536, 
79.2312, 54.1718, -114.528, -30.4654, 132.711, 88.9295, -51.0999, 
80.6636, 55.917, -115.043, -28.3322, 132.491, 91.0764, -51.1001, 
81.5004, 54.7099, -118.532, -28.3341, 135.594, 90.1218, -51.6861, 
80.7495, 53.121, -118.174, -29.9537, 135.699, 88.8293, -51.734, 
81.7842, 53.4613, -121.084, -28.5634, 137.983, 88.6423, -52.402, 
79.9142, 53.5679, -120.586, -29.6812, 138.581, 87.5803, -53.4887, 
81.0981, 54.443, -120.665, -27.9127, 137.942, 88.4851, -53.6592, 
83.1797, 55.1842, -120.866, -24.7182, 137.326, 89.8239, -54.0848, 
80.4703, 54.2289, -119.03, -30.0606, 136.878, 87.2394, -51.822, 
79.3532, 53.9459, -117.167, -32.4622, 135.877, 86.0137, -50.4161, 
81.5541, 55.1932, -117.632, -28.1349, 135.102, 87.542, -51.6622, 
82.3197, 56.4856, -117.75, -25.8913, 134.867, 88.1071, -52.6548, 
83.9722, 55.8869, -117.904, -24.4214, 134.297, 88.8122, -51.5706, 
82.229, 56.3206, -118.068, -26.0277, 133.959, 87.0962, -51.447, 
80.4975, 55.8967, -117.327, -28.9884, 134.547, 86.0534, -50.7234, 
82.6311, 56.7457, -117.534, -24.6793, 134.114, 88.3704, -52.1969, 
82.6443, 56.3586, -117.388, -26.6403, 133.901, 87.4577, -51.0605, 
83.2298, 56.1682, -117.872, -24.9206, 132.997, 87.5684, -51.1847, 
83.2453, 56.2361, -117.868, -24.9459, 133.006, 87.5794, -51.1861, 
83.6677, 57.0408, -114.079, -24.4786, 130.092, 88.9293, -50.841, 
81.9811, 57.5222, -114.516, -27.0875, 130.254, 86.5375, -50.1106, 
84.1276, 58.985, -114.871, -22.3158, 129.712, 88.1723, -52.2424, 
82.5972, 59.3981, -113.056, -24.53, 128.852, 87.7291, -51.4916, 
85.0548, 60.4632, -112.651, -20.6501, 127.452, 88.9808, -52.1059, 
0, 0, 0, 0, 0, 95.3975, -67.609, 
0, 0, 0, 0, 0, 95.3975, -67.609, 
86.9564, 59.7525, -115.55, -17.4833, 129.173, 89.8295, -52.4465, 
88.2741, 61.6338, -114.076, -14.79, 127.058, 90.5354, -53.5961, 
90.0774, 61.4156, -114.53, -11.1809, 126.046, 92.0197, -54.3521, 
86.5758, 61.0599, -112.385, -16.7708, 125.824, 90.1146, -52.4905, 
86.7876, 62.2851, -109.261, -15.9788, 122.625, 90.0647, -52.7414, 
89.1269, 63.4386, -109.402, -11.4605, 121.878, 91.4437, -54.361, 
90.3472, 63.8149, -107.65, -10.2995, 119.73, 91.6825, -54.0793, 
87.1611, 62.4984, -103.846, -9.6423, 119.485, 91.8074, -54.2451, 
87.3675, 63.5604, -98.9313, -9.26919, 114.389, 92.0324, -54.408, 
87.8674, 64.3359, -98.0677, -10.9165, 112.47, 92.0137, -52.7824, 
87.1482, 63.9461, -101.312, -14.1346, 115.657, 90.8769, -51.6724, 
87.7998, 63.5941, -101.802, -13.8867, 115.336, 90.9455, -52.6712, 
85.7535, 62.4192, -105.823, -17.8662, 120.239, 88.8259, -50.2805, 
86.1596, 62.9107, -108.973, -17.8203, 123.104, 88.5189, -50.1497, 
88.5478, 64.1274, -106.924, -13.1992, 119.975, 89.517, -52.2879, 
88.038, 64.2084, -105.14, -14.7219, 117.988, 89.1336, -50.6077, 
87.6328, 63.4183, -104.52, -13.8491, 118.195, 89.6286, -51.475, 
84.9108, 62.4742, -102.891, -13.7203, 113.664, 89.5938, -51.5714, 
86.6452, 64.1303, -102.687, -12.0742, 113.564, 90.0649, -51.7351, 
87.1765, 64.5873, -105.078, -13.1762, 116.981, 89.5857, -51.013, 
87.2042, 65.4439, -105.219, -13.2228, 117.194, 89.5546, -50.9672, 
87.5632, 66.3992, -99.7473, -12.8448, 111.647, 89.7151, -51.1844, 
87.2129, 65.6972, -96.8074, -13.8844, 110.165, 89.9215, -50.8066, 
90.0952, 66.2924, -97.0239, -9.65572, 109.578, 90.1387, -52.1789, 
90.516, 67.4773, -95.0858, -8.57213, 107.526, 90.0277, -52.538, 
92.2128, 67.3889, -95.0476, -5.53492, 106.976, 90.0818, -53.8149, 
92.8328, 68.4453, -99.1598, -4.00745, 110.988, 90.5484, -54.3424, 
88.3798, 66.038, -93.8917, -3.50453, 110.322, 90.5845, -54.5212, 
88.5788, 67.4733, -95.9072, -2.53768, 112.324, 90.8395, -54.6505, 
86.4458, 67.3124, -92.7451, -2.41317, 111.38, 90.9095, -54.6634, 
87.0066, 68.0713, -89.8183, -1.53777, 108.039, 90.7297, -54.9542, 
88.9518, 67.7453, -88.2307, -4.7437, 103.486, 89.9532, -53.5986, 
87.4496, 67.894, -86.8034, -4.8718, 103.648, 89.8826, -53.5221, 
85.8235, 68.0489, -85.9759, -4.54356, 101.121, 89.9289, -53.5272, 
84.8133, 68.4661, -84.6038, -4.41024, 100.524, 89.9657, -53.5257, 
84.9652, 69.7675, -83.1477, -4.30797, 98.9894, 90.0339, -53.5287, 
83.201, 69.8457, -81.5231, -4.16269, 99.3038, 90.0226, -53.5273, 
83.0209, 70.7151, -81.3646, -4.02392, 99.3388, 90.0177, -53.5274, 
87.3346, 69.9083, -82.7077, -3.18822, 97.9948, 89.5191, -53.562, 
87.3599, 70.8837, -82.6865, -3.07965, 97.9824, 89.5148, -53.5623, 
0, 0, 0, 0, 0, 95.3975, -67.609, 
87.3584, 70.8963, -82.6912, -3.09873, 97.9842, 89.5143, -53.5624, 
87.3589, 70.8957, -82.6936, -3.10738, 97.9841, 89.5156, -53.5623, 
87.3585, 70.8965, -82.6958, -3.1153, 97.9849, 89.5145, -53.5625, 
87.3579, 70.8964, -82.6976, -3.12184, 97.9854, 89.5146, -53.5624, 
87.3577, 70.8963, -82.6993, -3.12794, 97.9857, 89.5146, -53.5624, 
87.3583, 70.895, -82.7008, -3.13373, 97.9855, 89.5149, -53.5624, 
87.3582, 70.8959, -82.7023, -3.13861, 97.9857, 89.515, -53.5623, 
87.3587, 70.8962, -82.7036, -3.14312, 97.9854, 89.5147, -53.5622, 
87.3586, 70.8962, -82.7047, -3.14718, 97.9856, 89.5148, -53.5622, 
87.3585, 70.8962, -82.7057, -3.15085, 97.9858, 89.5148, -53.5622, 
87.3584, 70.8962, -82.7066, -3.15417, 97.9859, 89.5149, -53.5622, 
87.3583, 70.8962, -82.7074, -3.15716, 97.9861, 89.5149, -53.5622, 
87.3583, 70.8962, -82.7081, -3.15987, 97.9862, 89.515, -53.5622, 
87.3571, 70.8962, -82.7087, -3.16232, 97.9875, 89.5151, -53.5624, 
87.357, 70.8962, -82.7093, -3.16451, 97.9876, 89.5151, -53.5624, 
87.357, 70.8962, -82.7099, -3.16649, 97.9877, 89.5151, -53.5624, 
87.3569, 70.8962, -82.7103, -3.16828, 97.9878, 89.5151, -53.5624, 
87.3569, 70.8962, -82.7108, -3.16989, 97.9878, 89.5152, -53.5624, 
87.3569, 70.8962, -82.7112, -3.17135, 97.9879, 89.5152, -53.5624, 
87.3568, 70.8962, -82.7115, -3.17266, 97.988, 89.5152, -53.5624, 
87.3579, 70.8962, -82.7119, -3.1739, 97.9869, 89.5151, -53.5622, 
87.3579, 70.8962, -82.7122, -3.17497, 97.987, 89.5152, -53.5622, 
87.3579, 70.8962, -82.7124, -3.17593, 97.987, 89.5152, -53.5622, 
87.3579, 70.8962, -82.7127, -3.1768, 97.9871, 89.5152, -53.5622, 
87.3578, 70.8962, -82.7129, -3.17759, 97.9871, 89.5152, -53.5622, 
87.3578, 70.8962, -82.713, -3.17829, 97.9871, 89.5152, -53.5622, 
87.3578, 70.8962, -82.7132, -3.17893, 97.9872, 89.5152, -53.5622, 
87.3578, 70.8962, -82.7134, -3.17951, 97.9872, 89.5152, -53.5622, 
87.3567, 70.8962, -82.7134, -3.18001, 97.9883, 89.5153, -53.5624, 
87.3567, 70.8962, -82.7136, -3.18048, 97.9884, 89.5153, -53.5624, 
87.3566, 70.8962, -82.7137, -3.1809, 97.9884, 89.5153, -53.5624, 
87.3566, 70.8962, -82.7138, -3.18128, 97.9884, 89.5153, -53.5624, 
87.3577, 70.8961, -82.7139, -3.18166, 97.9873, 89.5152, -53.5622, 
87.3577, 70.8961, -82.714, -3.18197, 97.9873, 89.5152, -53.5622, 
87.3577, 70.8961, -82.7141, -3.18225, 97.9873, 89.5152, -53.5622, 
87.3566, 70.8962, -82.7141, -3.18248, 97.9885, 89.5153, -53.5623, 
87.3566, 70.8962, -82.7141, -3.1827, 97.9885, 89.5153, -53.5623, 
87.3566, 70.8962, -82.7142, -3.18291, 97.9885, 89.5153, -53.5623, 
87.3566, 70.8962, -82.7142, -3.1831, 97.9885, 89.5153, -53.5623, 
87.3566, 70.8962, -82.7143, -3.18326, 97.9885, 89.5153, -53.5623, 
87.3566, 70.8962, -82.7143, -3.18341, 97.9885, 89.5153, -53.5623, 
87.3566, 70.8962, -82.7143, -3.18355, 97.9885, 89.5153, -53.5623, 
87.3566, 70.8962, -82.7144, -3.18367, 97.9885, 89.5153, -53.5623, 
87.3566, 70.8962, -82.7144, -3.18378, 97.9885, 89.5153, -53.5623, 
87.3566, 70.8962, -82.7144, -3.18388, 97.9885, 89.5153, -53.5623, 
87.3566, 70.8962, -82.7144, -3.18397, 97.9885, 89.5153, -53.5623, 
87.3566, 70.8962, -82.7145, -3.18405, 97.9885, 89.5153, -53.5623, 
87.3577, 70.8961, -82.7145, -3.18416, 97.9874, 89.5153, -53.5622, 
87.3577, 70.8961, -82.7146, -3.18423, 97.9874, 89.5153, -53.5622, 
87.3577, 70.8961, -82.7146, -3.18429, 97.9874, 89.5153, -53.5622, 
87.3577, 70.8961, -82.7146, -3.18434, 97.9874, 89.5153, -53.5622, 
87.3577, 70.8961, -82.7146, -3.18439, 97.9874, 89.5153, -53.5622, 
87.3577, 70.8961, -82.7146, -3.18444, 97.9874, 89.5153, -53.5622, 
87.3566, 70.8962, -82.7146, -3.18444, 97.9886, 89.5154, -53.5623, 
87.3566, 70.8962, -82.7146, -3.18448, 97.9886, 89.5154, -53.5623, 
87.3566, 70.8962, -82.7146, -3.18451, 97.9886, 89.5154, -53.5623, 
87.3566, 70.8962, -82.7146, -3.18454, 97.9886, 89.5154, -53.5623, 
0, 0, 0, 0, 0, 95.3975, -67.609, 
87.3577, 70.8961, -82.7147, -3.18462, 97.9874, 89.5153, -53.5622, 
87.3577, 70.8961, -82.7147, -3.18464, 97.9874, 89.5153, -53.5622, 
87.3577, 70.8961, -82.7147, -3.18466, 97.9874, 89.5153, -53.5622, 
87.3577, 70.8961, -82.7147, -3.18468, 97.9874, 89.5153, -53.5622, 
87.3577, 70.8961, -82.7147, -3.1847, 97.9874, 89.5153, -53.5622, 
87.3577, 70.8961, -82.7147, -3.18471, 97.9874, 89.5153, -53.5622, 
87.3577, 70.8961, -82.7147, -3.18472, 97.9874, 89.5153, -53.5622, 
87.3566, 70.8962, -82.7146, -3.1847, 97.9886, 89.5154, -53.5623, 
87.3565, 70.8962, -82.7146, -3.18471, 97.9886, 89.5154, -53.5623, 
87.3565, 70.8962, -82.7146, -3.18472, 97.9886, 89.5154, -53.5623, 
87.3565, 70.8962, -82.7146, -3.18473, 97.9886, 89.5154, -53.5623, 
87.3565, 70.8962, -82.7146, -3.18474, 97.9886, 89.5154, -53.5623, 
87.3565, 70.8962, -82.7146, -3.18474, 97.9886, 89.5154, -53.5623, 
87.3565, 70.8962, -82.7146, -3.18475, 97.9886, 89.5154, -53.5623, 
87.3565, 70.8962, -82.7146, -3.18476, 97.9886, 89.5154, -53.5623, 
87.3565, 70.8962, -82.7146, -3.18476, 97.9886, 89.5154, -53.5623, 
87.3565, 70.8962, -82.7146, -3.18477, 97.9886, 89.5154, -53.5623, 
87.3565, 70.8962, -82.7146, -3.18477, 97.9886, 89.5154, -53.5623, 
87.3565, 70.8962, -82.7146, -3.18477, 97.9886, 89.5154, -53.5623, 
87.3577, 70.8961, -82.7147, -3.18481, 97.9874, 89.5153, -53.5622, 
87.3565, 70.8962, -82.7146, -3.18478, 97.9886, 89.5154, -53.5623, 
87.3577, 70.8961, -82.7147, -3.18482, 97.9874, 89.5153, -53.5622, 
87.3577, 70.8961, -82.7147, -3.18482, 97.9874, 89.5153, -53.5622, 
87.3577, 70.8961, -82.7147, -3.18482, 97.9874, 89.5153, -53.5622, 
87.3577, 70.8961, -82.7147, -3.18482, 97.9874, 89.5153, -53.5622, 
87.3565, 70.8962, -82.7146, -3.18479, 97.9886, 89.5154, -53.5623, 
87.3565, 70.8962, -82.7146, -3.18479, 97.9886, 89.5154, -53.5623, 
87.3565, 70.8962, -82.7146, -3.18479, 97.9886, 89.5154, -53.5623, 
87.3565, 70.8962, -82.7146, -3.1848, 97.9886, 89.5154, -53.5623, 
87.3565, 70.8962, -82.7146, -3.1848, 97.9886, 89.5154, -53.5623, 
87.3565, 70.8962, -82.7146, -3.1848, 97.9886, 89.5154, -53.5623, 
87.3565, 70.8962, -82.7146, -3.1848, 97.9886, 89.5154, -53.5623, 
87.3577, 70.8961, -82.7147, -3.18483, 97.9874, 89.5153, -53.5622, 
87.3577, 70.8961, -82.7147, -3.18483, 97.9874, 89.5153, -53.5622, 
87.3577, 70.8961, -82.7147, -3.18483, 97.9874, 89.5153, -53.5622, 
87.3577, 70.8961, -82.7147, -3.18484, 97.9874, 89.5153, -53.5622, 
87.3565, 70.8962, -82.7146, -3.1848, 97.9886, 89.5154, -53.5623, 
87.3565, 70.8962, -82.7146, -3.1848, 97.9886, 89.5154, -53.5623, 
87.3565, 70.8962, -82.7146, -3.1848, 97.9886, 89.5154, -53.5623, 
87.3565, 70.8962, -82.7146, -3.1848, 97.9886, 89.5154, -53.5623, 
87.3565, 70.8962, -82.7146, -3.1848, 97.9886, 89.5154, -53.5623, 
87.3565, 70.8962, -82.7146, -3.1848, 97.9886, 89.5154, -53.5623, 
87.3565, 70.8962, -82.7146, -3.1848, 97.9886, 89.5154, -53.5623, 
87.3577, 70.8961, -82.7147, -3.18484, 97.9874, 89.5153, -53.5622, 
87.3577, 70.8961, -82.7147, -3.18484, 97.9874, 89.5153, -53.5622, 
87.3565, 70.8962, -82.7146, -3.18481, 97.9886, 89.5154, -53.5623, 
0, 0, 0, 0, 0, 95.3975, -67.609, 
87.3577, 70.8961, -82.7147, -3.18484, 97.9874, 89.5153, -53.5622, 
87.3577, 70.8961, -82.7147, -3.18484, 97.9874, 89.5153, -53.5622, 
87.3577, 70.8961, -82.7147, -3.18484, 97.9874, 89.5153, -53.5622, 
87.3577, 70.8961, -82.7147, -3.18484, 97.9874, 89.5153, -53.5622, 
87.3577, 70.8961, -82.7147, -3.18484, 97.9874, 89.5153, -53.5622, 
87.3565, 70.8962, -82.7146, -3.18481, 97.9886, 89.5154, -53.5623, 
87.3565, 70.8962, -82.7146, -3.18481, 97.9886, 89.5154, -53.5623, 
87.3565, 70.8962, -82.7146, -3.18481, 97.9886, 89.5154, -53.5623, 
87.3577, 70.8961, -82.7147, -3.18484, 97.9874, 89.5153, -53.5622, 
87.3577, 70.8961, -82.7147, -3.18484, 97.9874, 89.5153, -53.5622, 
87.3577, 70.8961, -82.7147, -3.18484, 97.9874, 89.5153, -53.5622, 
87.3577, 70.8961, -82.7147, -3.18484, 97.9874, 89.5153, -53.5622, 
87.4928, 71.3785, -80.5761, -3.20151, 95.7718, 89.5781, -53.6204, 
87.7384, 72.6262, -78.2963, -3.18199, 93.383, 89.7279, -53.6869, 
87.964, 73.9292, -75.2088, -3.22269, 90.1956, 89.7542, -53.7944, 
84.5884, 72.5815, -72.2731, -2.96651, 90.8405, 89.8705, -53.9238, 
81.5279, 71.2938, -71.3162, -2.56349, 86.8238, 89.9678, -53.9095, 
76.7068, 68.3235, -67.5892, -2.12019, 87.662, 90.141, -54.0824, 
77.1366, 69.6555, -65.6665, -2.42359, 85.6258, 90.644, -54.0588, 
79.9214, 70.1802, -65.0542, -0.232559, 83.6889, 90.8648, -55.2637, 
80.5478, 71.1749, -61.2841, 0.182478, 79.7093, 90.9727, -55.3327, 
76.3207, 69.1014, -58.6332, -0.0769683, 81.5288, 90.9405, -55.337, 
76.4912, 70.1001, -60.417, 0.0249529, 83.2473, 91.0705, -55.3879, 
79.4528, 70.5245, -61.2828, 2.35726, 82.2806, 91.4142, -56.6907, 
83.2321, 70, -62.1483, 3.09702, 80.7657, 92.7632, -57.6755, 
78.262, 66.7905, -64.3748, 3.3067, 77.0583, 92.9464, -57.7142, 
78.2929, 67.8062, -61.5337, 3.61897, 73.9924, 93.0066, -57.6686, 
78.314, 68.7832, -61.2763, 3.73229, 73.7857, 93.0081, -57.6652, 
84.5586, 66.9266, -61.8852, 6.6099, 72.3545, 94.4284, -59.8429, 
88.4772, 66.5504, -62.3455, 9.8127, 71.5872, 94.5785, -61.7817, 
94.2656, 64.3647, -63.2969, 14.1862, 70.2872, 95.0728, -64.7611, 
97.3071, 64.1653, -63.6981, 16.7399, 69.6862, 95.0947, -66.203, 
101.955, 61.1181, -64.2764, 18.1526, 68.882, 96.8033, -67.8341, 
103.967, 60.3649, -64.5861, 19.18, 68.3832, 97.4348, -68.9902, 
105.83, 58.115, -65.3499, 20.482, 67.7574, 97.7772, -70.1788, 
105.701, 56.387, -65.5448, 20.2611, 67.6833, 99.4252, -70.7571, 
106.905, 56.2384, -66.0389, 22.4762, 67.1533, 98.7652, -72.0543, 
108.87, 55.6774, -66.5865, 24.9867, 66.9087, 97.2588, -73.1045, 
112.013, 54.7257, -67.5015, 30.4388, 65.9008, 95.8268, -75.4257, 
0, 0, 0, 0, 0, 95.3975, -67.609, 
115.364, 52.0796, -68.7688, 36.3604, 64.4595, 95.8425, -78.7872, 
113.918, 52.4565, -68.4415, 33.9094, 64.7787, 97.2429, -77.5174, 
113.835, 53.15, -68.3185, 33.8332, 64.7976, 97.313, -77.4495, 
111.06, 53.4809, -67.835, 28.9291, 65.6436, 98.7288, -75.2265, 
109.708, 54.6622, -67.2774, 26.411, 66.3525, 99.0353, -74.6727, 
112.157, 53.8158, -68.0721, 31.2565, 65.5214, 97.9106, -77.2113, 
112.01, 53.1909, -68.1203, 30.0467, 65.7435, 98.8651, -76.0542, 
113.798, 52.4612, -68.5831, 33.8411, 65.1778, 98.6479, -78.0739, 
114.095, 52.4691, -68.6614, 34.8109, 65.1615, 98.3194, -79.119, 
111.811, 52.8371, -67.7876, 29.6661, 66.149, 100.621, -76.908, 
113.522, 52.823, -68.3945, 32.6468, 65.6305, 99.5132, -78.0129, 
112.224, 52.8841, -68.3147, 29.0411, 65.9982, 101.405, -75.2364, 
111.991, 52.592, -68.2847, 29.0152, 66.4512, 101.515, -75.0378, 
112.433, 51.5534, -68.8677, 29.9072, 65.9863, 102.263, -76.2262, 
114.833, 50.882, -69.4935, 34.5423, 65.3293, 101.042, -78.8641, 
117.437, 50.965, -70.6232, 37.373, 64.3706, 99.4883, -78.8103, 
116.291, 50.6387, -70.3634, 34.0537, 64.9136, 101.122, -76.6383, 
115.516, 50.3642, -70.4442, 33.6892, 64.8475, 102.211, -77.7057, 
116.589, 49.5145, -70.8452, 35.8597, 64.655, 101.896, -78.8605, 
116.603, 50.1461, -70.8118, 35.9064, 64.6515, 101.89, -78.8747, 
116.58, 49.8082, -71.2821, 36.2605, 64.3006, 101.832, -79.532, 
118.658, 49.7165, -71.6143, 36.7357, 64.2662, 101.189, -77.9126, 
120.104, 49.5867, -72.2413, 39.7894, 63.514, 100.279, -80.0069, 
117.338, 49.7156, -71.6124, 36.8323, 64.2755, 102.408, -79.2659, 
119.202, 49.7892, -72.4092, 39.1052, 63.4743, 101.883, -79.8691, 
118.408, 49.5076, -72.5076, 37.2212, 63.7128, 102.367, -79.7846, 
119.311, 49.5054, -72.7808, 38.9095, 63.4618, 102.076, -80.3782, 
121.24, 49.1239, -73.404, 39.8146, 63.1626, 101.549, -79.737, 
121.123, 48.4903, -73.6716, 40.9684, 63.1104, 101.415, -81.2588, 
124.776, 47.1418, -75.287, 46.3818, 61.1488, 101.126, -83.4066, 
124.248, 48.3256, -75.0328, 44.6045, 61.3569, 101.354, -82.5883, 
123.717, 46.8549, -75.632, 44.3351, 60.7197, 103.24, -83.237, 
123.785, 47.1874, -75.7022, 42.4873, 60.8314, 103.965, -81.3372, 
124.971, 48.0332, -75.8054, 43.3892, 60.5769, 103.255, -82.0379, 
125.463, 46.5207, -76.7746, 44.0665, 59.7214, 104.027, -82.4314, 
126.005, 45.4212, -74.3993, 46.4487, 57.4458, 102.775, -83.5982, 
125.82, 45.8438, -74.1478, 45.3755, 57.6453, 102.921, -83.6678, 
128.48, 43.2197, -73.6395, 50.0197, 53.2829, 101.294, -84.6686, 
128.927, 43.8955, -73.6243, 49.9263, 53.4318, 100.468, -84.6169, 
128.777, 42.3159, -72.6735, 49.2934, 51.5792, 102.298, -83.8325, 
0, 0, 0, 0, 0, 95.3975, -67.609, 
130.404, 40.8981, -69.0043, 53.1496, 47.7566, 98.5727, -84.1266, 
129.717, 40.0549, -66.6626, 52.9894, 45.4235, 98.2055, -84.0298, 
128.838, 38.5537, -63.329, 52.5127, 42.2997, 98.0811, -83.2794, 
131.07, 37.6249, -64.0926, 54.4606, 41.1547, 96.6655, -83.5905, 
129.603, 37.4118, -63.2327, 52.9572, 41.665, 98.6887, -84.3411, 
132.712, 35.8816, -63.6475, 55.8031, 39.6826, 97.0945, -83.5629, 
132.253, 35.9673, -63.929, 55.009, 39.2346, 98.6281, -83.5995, 
132.902, 35.3203, -63.2853, 56.828, 38.5485, 97.4999, -84.3298, 
131.837, 34.8109, -62.0348, 57.2565, 37.2607, 96.8112, -84.7474, 
132.821, 34.2413, -62.6796, 57.2438, 36.6715, 96.7349, -84.375, 
131.248, 33.5577, -60.7312, 56.6013, 35.1738, 97.9794, -85.0476, 
133.027, 32.8149, -61.2679, 58.9086, 34.5406, 96.8544, -84.797, 
133.817, 30.8664, -61.1215, 61.0923, 33.3545, 95.8636, -85.249, 
133.827, 31.1043, -61.14, 61.1822, 33.3392, 95.8464, -85.2563, 
133.826, 31.1089, -61.1383, 61.1762, 33.3392, 95.8465, -85.2563, 
133.105, 32.5977, -60.7788, 58.2145, 34.2018, 97.2513, -83.4597, 
136.11, 30.3301, -61.5913, 61.3318, 32.7517, 95.8127, -83.2146, 
136.227, 30.4837, -61.6368, 61.4925, 32.6987, 95.7564, -83.2053, 
134.336, 31.1562, -61.3581, 59.0677, 33.3288, 97.4072, -83.7246, 
136.178, 31.1584, -61.4679, 61.5417, 33.0677, 95.3205, -83.6348, 
136.217, 31.4297, -61.4737, 61.622, 33.065, 95.2784, -83.6331, 
135.001, 31.3967, -61.771, 59.3931, 33.2825, 97.3072, -82.9631, 
134.194, 31.5735, -61.3265, 60.0387, 34.3333, 97.0471, -83.9244, 
134.15, 32.1805, -61.4513, 59.3173, 34.7089, 97.3994, -83.6703, 
135.497, 31.0225, -62.4667, 60.7714, 33.1388, 96.7159, -84.3233, 
135.499, 31.0276, -62.463, 60.773, 33.139, 96.716, -84.3239, 
134.657, 31.5381, -62.0008, 59.7327, 34.1201, 98.0394, -83.6227, 
135.869, 30.4087, -62.662, 60.6621, 33.51, 97.612, -83.2966, 
136.017, 31.6516, -62.0041, 61.5945, 34.0767, 96.1423, -84.2615, 
136.834, 30.1412, -61.608, 61.23, 32.446, 97.5152, -83.2493, 
136.729, 30.7917, -61.8, 60.6605, 32.7612, 97.1776, -83.0073, 
138.573, 28.3798, -63.434, 64.4573, 30.8237, 95.5588, -83.954, 
136.887, 30.0495, -62.7051, 61.8886, 32.1082, 97.1896, -83.4934, 
136.704, 30.4012, -62.5148, 61.1552, 32.4995, 97.7461, -83.4084, 
138.669, 28.8626, -63.3439, 62.7606, 31.3492, 97.1468, -83.3412, 
138.665, 28.8673, -63.3452, 62.7666, 31.3449, 97.1462, -83.3419, 
138.665, 28.8693, -63.3446, 62.7637, 31.3464, 97.1467, -83.3408, 
138.668, 28.8683, -63.3473, 62.7633, 31.3464, 97.1482, -83.3399, 
138.667, 28.8705, -63.3453, 62.7612, 31.347, 97.1475, -83.3397, 
138.668, 28.8676, -63.3455, 62.7622, 31.3454, 97.1477, -83.3406, 
0, 0, 0, 0, 0, 95.3975, -67.609, 
138.665, 28.8694, -63.3416, 62.7593, 31.3462, 97.147, -83.3408, 
141.636, 27.8119, -64.2902, 64.2533, 29.3274, 97.4784, -82.1984, 
141.653, 27.9787, -64.2992, 64.2681, 29.3201, 97.4786, -82.1924, 
140.768, 28.1816, -64.3171, 63.3002, 29.6295, 97.9776, -82.6261, 
140.597, 28.4158, -63.8623, 63.0714, 29.9169, 98.9921, -82.9679, 
142.278, 27.3905, -64.2875, 64.2666, 28.8856, 99.0813, -82.9709, 
142.271, 27.3926, -64.2919, 64.268, 28.8845, 99.081, -82.9698, 
144.383, 25.5159, -65.4891, 66.8251, 27.8026, 97.5231, -82.2344, 
144.384, 25.5249, -65.487, 66.828, 27.7991, 97.5215, -82.2342, 
144.752, 25.455, -65.6718, 66.6044, 27.5647, 98.4959, -81.7858, 
144.752, 25.4524, -65.6722, 66.6053, 27.563, 98.4963, -81.7864, 
144.752, 25.4531, -65.6716, 66.6038, 27.5639, 98.4972, -81.7858, 
144.751, 25.4551, -65.6692, 66.6022, 27.5645, 98.4966, -81.7857, 
145.868, 24.3747, -66.4736, 68.2056, 25.99, 98.3824, -82.2112, 
145.87, 24.3755, -66.4714, 68.2032, 25.9912, 98.3821, -82.2111, 
143.084, 26.9482, -65.2592, 66.3959, 27.8637, 99.2451, -82.856, 
145.033, 25.8173, -65.8607, 66.6448, 26.2463, 99.7468, -82.8239, 
145.07, 25.8969, -65.8737, 66.6504, 26.2188, 99.7515, -82.8245, 
145.643, 25.6769, -65.9414, 65.9356, 26.1132, 101.208, -82.3386, 
146.92, 25.1833, -66.6828, 66.5873, 25.1347, 101.57, -81.3591, 
147.234, 25.5627, -66.623, 68.4824, 24.9418, 99.2865, -82.405, 
146.878, 25.3674, -66.5432, 67.7525, 24.618, 100.765, -83.0379, 
146.879, 25.3756, -66.5379, 67.753, 24.6188, 100.765, -83.0393, 
149.226, 24.452, -67.3034, 67.8401, 23.1619, 101.806, -82.112, 
150.277, 24.3544, -67.4835, 70.2288, 22.8472, 99.7733, -82.2706, 
148.189, 24.7616, -67.0729, 69.0265, 22.6478, 101.712, -84.9415, 
150.166, 23.772, -68.134, 69.9191, 21.0008, 101.485, -83.7903, 
150.236, 23.7569, -68.1791, 69.952, 20.9519, 101.472, -83.7485, 
153.443, 23.2354, -68.6594, 72.8164, 19.9331, 99.526, -82.6296, 
153.914, 23.1345, -68.8202, 71.1894, 19.2234, 102.08, -82.2551, 
153.796, 22.5162, -69.44, 71.8247, 17.4959, 102.2, -83.9806, 
155.998, 21.2397, -70.1567, 72.4722, 16.3977, 102.539, -82.8046, 
157.755, 21.5904, -70.1369, 74.163, 16.1767, 101.741, -81.8116, 
159.367, 20.4464, -70.6891, 75.2283, 15.2179, 101.323, -81.3435, 
160.165, 20.7654, -70.6579, 76.3545, 14.5726, 100.674, -81.1653, 
160.589, 18.9898, -71.4897, 75.8559, 12.7946, 101.973, -82.1369, 
162.808, 18.098, -71.86, 77.0206, 12.0348, 102.312, -80.9566, 
164.186, 18.7013, -71.6239, 78.051, 11.8806, 101.292, -80.3123, 
164.159, 18.675, -71.6417, 78.0468, 11.8804, 101.288, -80.3104, 
167.987, 15.3093, -73.404, 79.6941, 8.00256, 102.127, -79.9485, 
165.896, 16.254, -70.9366, 78.142, 7.71872, 102.562, -79.366, 
169.277, 13.1487, -70.9293, 80.7179, 4.86508, 101.975, -76.3794, 
166.97, 14.4825, -69.8982, 79.7875, 5.72748, 102.41, -77.98, 
168.225, 13.9947, -69.7361, 79.4341, 5.1631, 103.408, -77.4477, 
169.596, 12.7958, -68.5438, 80.8207, 3.51923, 102.494, -75.1489, 
169.594, 12.7876, -68.5607, 80.8211, 3.51589, 102.489, -75.1425, 
169.594, 12.7876, -68.5563, 80.8199, 3.51483, 102.49, -75.1429, 
169.259, 12.2416, -68.8469, 80.5112, 1.99837, 103.908, -76.5967, 
168.767, 7.40514, -63.8039, 82.8249, -1.22122, 101.825, -72.4523, 
167.48, 9.52678, -63.868, 82.8674, 0.0282853, 101.572, -73.687, 
166.973, 9.74612, -64.1132, 82.8879, -0.854215, 101.919, -75.2161, 
167.597, 6.55539, -62.9404, 84.473, -2.48477, 99.742, -74.6153, 
168.761, 6.73442, -62.8352, 84.1307, -3.21179, 102.37, -72.893, 
163.547, 6.25247, -57.145, 84.1246, -3.58884, 102.17, -72.4372, 
162.886, 6.36467, -57.5297, 83.7465, -2.60814, 100.354, -74.3584, 
166.532, 3.36595, -57.5536, 86.9274, -4.63084, 98.8538, -71.6593, 
166.379, 4.24335, -58.1556, 84.4371, -4.16034, 100.635, -72.3952, 
165.477, 4.55009, -58.892, 85.6859, -3.62125, 98.904, -74.1478, 
166.378, 4.77585, -58.4977, 86.8469, -3.95772, 97.5932, -72.7401, 
168.187, 2.38522, -57.6496, 88.5422, -5.70639, 97.6519, -70.4805, 
168.361, 1.2318, -58.135, 87.3175, -7.37448, 99.6696, -70.6424, 
168.715, 0.408371, -57.908, 87.3048, -7.54218, 99.904, -71.2359, 
167.801, 4.53166, -59.1297, 85.1653, -4.1948, 100.6, -72.8938, 
166.755, 3.57108, -58.9502, 86.0929, -5.06447, 99.3397, -73.3417, 
166.775, 3.56974, -58.9299, 86.0915, -5.06203, 99.3386, -73.3436, 
166.775, 3.57145, -58.9265, 86.0899, -5.06099, 99.3388, -73.3433, 
166.775, 3.56922, -58.9244, 86.091, -5.06245, 99.3377, -73.3437, 
166.775, 3.56854, -58.9221, 86.0903, -5.06291, 99.3388, -73.3437, 
166.775, 3.56969, -58.9198, 86.0895, -5.06229, 99.3384, -73.3439, 
166.775, 3.5706, -58.9176, 86.089, -5.06252, 99.338, -73.3443, 
166.775, 3.56883, -58.9161, 86.0888, -5.06261, 99.3389, -73.3436, 
166.775, 3.57201, -58.9138, 86.0872, -5.06131, 99.3391, -73.3432, 
166.775, 3.56879, -58.913, 86.0873, -5.06332, 99.3399, -73.3441, 
166.775, 3.57072, -58.9115, 86.0873, -5.06197, 99.3387, -73.3436, 
166.774, 3.57293, -58.91, 86.0863, -5.06027, 99.3383, -73.3437, 
166.471, 4.78933, -58.8742, 86.4067, -3.67928, 98.1558, -73.5279, 
168.899, 1.24606, -57.7995, 88.7362, -6.18979, 98.6937, -69.2048, 
168.094, 2.71198, -57.9993, 86.5586, -5.19148, 99.4822, -70.7143, 
167.693, 3.17809, -57.6678, 88.3914, -5.19148, 98.4161, -70.927, 
167.692, 3.15536, -57.6684, 88.3819, -5.19146, 98.412, -70.9276, 
167.692, 3.15539, -57.6676, 88.3817, -5.19118, 98.4123, -70.9275, 
167.692, 3.15763, -57.6662, 88.3806, -5.18966, 98.4129, -70.9268, 
167.692, 3.15782, -57.6655, 88.3808, -5.18979, 98.4128, -70.9269, 
167.963, 1.95967, -58.2581, 86.9326, -6.05463, 100.748, -71.7245, 
168.431, 2.38582, -56.8805, 87.7225, -5.54972, 99.3618, -69.5794, 
168.443, 2.06251, -56.8626, 87.7393, -5.54263, 99.3345, -69.5369, 
168.442, 2.0586, -56.8616, 87.7382, -5.54081, 99.3347, -69.5372, 
167.447, 3.00465, -56.9803, 88.3513, -5.25495, 99.1065, -70.7842, 
167.45, 3, -56.977, 88.347, -5.25358, 99.106, -70.7844, 
167.449, 3.00085, -56.9773, 88.3475, -5.25222, 99.1045, -70.7855, 
167.45, 2.99802, -56.9775, 88.3489, -5.25435, 99.105, -70.7855, 
169.279, -1.3974, -54.7876, 88.9125, -7.49336, 101.278, -66.568, 
168.628, 0.0884721, -54.8948, 88.3934, -6.8453, 100.984, -67.6823, 
169.562, -2.44141, -52.9909, 91.7036, -8.6771, 100.608, -64.9755, 
169.575, -2.87187, -53.003, 91.7464, -8.70634, 100.597, -64.9385, 
168.505, -1.83794, -53.8699, 88.6829, -8.81867, 103.258, -67.2724, 
168.428, -2.12775, -52.4373, 91.2736, -8.46828, 100.728, -65.7122, 
168.176, -2.34149, -52.8707, 89.877, -9.63551, 102.502, -66.8551, 
0, 0, 0, 0, 0, 95.3975, -67.609, 
168.685, -0.265563, -52.3901, 89.7498, -8.24092, 103.176, -66.2931, 
168.685, -0.620535, -52.3973, 89.7419, -8.2374, 103.169, -66.2935, 
168.83, -2.08088, -51.3678, 90.9484, -8.99519, 102.298, -66.0004, 
169.078, -2.36078, -50.8278, 90.53, -9.1667, 103.716, -65.1121, 
168.688, -2.61969, -50.0691, 91.4868, -9.37613, 102.809, -63.9401, 
169.594, -4.89603, -48.5357, 92.9468, -11.2606, 103.799, -62.4859, 
169.265, -3.84677, -49.835, 92.0774, -11.18, 103.652, -64.9647, 
169.103, -2.95266, -48.8758, 92.8652, -10.9242, 103.294, -63.9788, 
169.568, -6.77918, -47.8981, 95.9813, -12.9406, 102.938, -62.0226, 
169.596, -8.25615, -46.6389, 95.1602, -13.5626, 105.477, -61.0113, 
169.594, -8.7329, -46.6546, 95.1374, -13.5746, 105.515, -60.9919, 
169.151, -5.47123, -47.4698, 93.2236, -12.9756, 104.835, -62.6947, 
169.1, -7.77627, -45.7782, 95.8357, -13.3639, 104.935, -61.1158, 
163.901, -7.84439, -41.3126, 95.8584, -12.9696, 104.913, -61.9574, 
163.769, -6.00551, -42.2886, 94.984, -12.5067, 105.218, -63.6732, 
159.456, -6.22668, -38.0894, 94.928, -12.1872, 105.384, -63.8244, 
153.56, -6.63332, -32.4432, 95.4526, -11.7758, 105.182, -64.0163, 
153.517, -5.66819, -31.8364, 97.2961, -11.5039, 103.318, -62.7731, 
153.522, -5.9583, -31.8307, 97.3155, -11.4995, 103.29, -62.7572, 
153.279, -5.72444, -32.7762, 96.9484, -11.8747, 103.185, -63.987, 
153.551, -5.38911, -33.0851, 96.003, -11.6876, 104.639, -64.4234, 
153.635, -5.94099, -32.7925, 96.258, -12.1808, 105.284, -63.5596, 
153.633, -5.94317, -32.7943, 96.2558, -12.1798, 105.283, -63.5581, 
147.433, -6.22315, -26.9771, 96.3635, -11.7733, 105.289, -64.0718, 
147.142, -6.51436, -26.7002, 96.3657, -11.7526, 105.287, -64.0953, 
140.762, -6.8634, -20.7978, 96.3401, -11.3309, 105.417, -64.7381, 
137.732, -6.55848, -17.2429, 96.0648, -11.0311, 105.771, -64.3913, 
135.615, -7.00171, -13.7011, 99.4975, -10.4369, 104.367, -63.2783, 
133.129, -6.97525, -11.5382, 99.077, -10.4806, 104.46, -63.6823, 
128.593, -7.40728, -7.6257, 98.9249, -10.1944, 104.519, -64.3984, 
129.202, -5.91942, -6.11986, 97.8446, -10.6859, 106.219, -62.602, 
125.899, -6.39935, -3.31087, 98.0165, -10.3689, 106.091, -63.2098, 
120.955, -7.14359, 0.656501, 98.4159, -10.296, 106.237, -64.6239, 
118.375, -7.47161, 2.61682, 98.5372, -10.235, 106.311, -65.2619, 
118.705, -5.47977, 3.53891, 98.988, -10.8887, 105.641, -64.6828, 
118.713, -5.66168, 3.56847, 98.9869, -10.8922, 105.626, -64.675, 
112.408, -6.31121, 9.45408, 99.6239, -10.3086, 105.325, -65.1731, 
108.577, -7.19313, 12.6891, 99.7966, -10.0416, 105.438, -65.9438, 
108.981, -7.9536, 13.8132, 102.448, -10.912, 105.535, -64.6361, 
108.494, -8.88584, 13.8388, 103.338, -10.2996, 105.954, -65.2169, 
108.5, -8.89006, 13.8454, 103.333, -10.3018, 105.951, -65.2167, 
102.204, -10.4944, 18.4985, 103.219, -9.39618, 105.925, -67.2476, 
98.5885, -11.425, 21.5218, 103.128, -8.97825, 105.879, -68.0633, 
94.9548, -10.1628, 26.2051, 103.152, -9.34669, 105.809, -67.5266, 
92.4558, -10.5099, 28.2128, 102.912, -9.58417, 105.978, -68.2083, 
92.7173, -9.10793, 29.7273, 104.367, -10.1397, 104.708, -66.117, 
87.2441, -9.87044, 34.8338, 103.834, -9.45934, 105.211, -66.8473, 
86.4103, -10.4451, 34.0354, 104.385, -9.98734, 105.593, -68.9268, 
86.3908, -10.8251, 34.0385, 104.394, -9.9929, 105.599, -68.9766, 
86.3906, -10.8318, 34.0354, 104.395, -9.99348, 105.6, -68.9767, 
86.3919, -10.8345, 34.0306, 104.398, -9.99316, 105.6, -68.9775, 
86.3915, -10.8306, 34.0277, 104.396, -9.99587, 105.6, -68.9777, 
80.2898, -11.6045, 39.402, 103.824, -9.20247, 105.532, -70.1566, 
79.52, -10.2547, 39.3744, 103.756, -9.15626, 104.67, -70.5842, 
79.5201, -10.6602, 39.3985, 103.753, -9.15144, 104.667, -70.5849, 
73.0242, -13.3954, 43.928, 103.591, -7.69744, 105.363, -73.1063, 
73.1561, -13.6821, 45.5935, 103.157, -7.10294, 106.345, -71.9394, 
68.1551, -13.8032, 49.6145, 102.607, -6.64571, 105.847, -72.2938, 
67.1584, -12.8183, 49.1174, 102.002, -7.63979, 105.639, -73.7374, 
63.1224, -14.7306, 51.7624, 102.328, -6.51978, 105.038, -75.3483, 
63.2731, -18.0641, 49.0472, 103.915, -5.08176, 105.266, -78.6689, 
62.9665, -18.3092, 51.2102, 105.188, -4.2689, 104.421, -76.4468, 
61.7207, -15.6435, 52.825, 102.429, -5.31046, 105.252, -75.7179, 
61.6638, -16.1236, 52.1062, 103.855, -5.64587, 103.928, -77.2417, 
61.1379, -16.1591, 51.0319, 102.374, -5.94522, 105.373, -78.778, 
60.4534, -15.6564, 51.4328, 102.364, -5.68979, 104.649, -78.3723, 
60.2277, -14.6874, 54.1834, 101.87, -5.64067, 105.015, -75.7916, 
0, 0, 0, 0, 0, 95.3975, -67.609, 
59.8874, -15.3454, 53.2328, 103.682, -5.20505, 102.677, -76.538, 
59.2178, -14.9058, 53.5104, 103.503, -5.62215, 103.02, -76.4091, 
58.3711, -13.7557, 55.372, 102.027, -5.69441, 103.933, -75.3947, 
59.3072, -16.8768, 54.06, 103.527, -3.61713, 103.865, -76.6007, 
59.1521, -17.3123, 51.7023, 102.552, -4.67502, 104.443, -79.8079, 
58.3778, -16.7424, 53.0015, 102.319, -4.13162, 104.547, -78.3822, 
58.7643, -18.3978, 52.3179, 104.164, -3.25536, 103.76, -79.7027, 
58.1034, -17.2412, 53.8908, 102.735, -3.73908, 104.5, -78.4703, 
58.6192, -19.7107, 51.3908, 104.142, -2.94395, 104.268, -80.9102, 
56.9611, -16.7877, 54.677, 102.231, -4.00704, 104.317, -78.2617, 
56.4685, -15.8897, 56.352, 102.91, -4.0069, 103.152, -77.0253, 
57.3879, -18.8316, 53.2826, 104.303, -2.43326, 103.175, -79.7004, 
57.3335, -19.7607, 51.1205, 103.908, -2.62891, 104.298, -82.4753, 
56.3652, -19.5846, 53.7914, 103.153, -2.2346, 104.57, -79.8859, 
55.1823, -17.4455, 55.486, 101.925, -3.14154, 103.737, -79.0513, 
54.8853, -16.8858, 55.6, 102.212, -3.4117, 103.834, -79.5248, 
54.0154, -16.1264, 56.0836, 100.888, -3.75989, 104.006, -79.2375, 
53.957, -16.5431, 55.6842, 102.117, -3.50623, 102.468, -79.4933, 
54.2709, -17.8177, 54.6191, 101.977, -3.00409, 102.798, -80.4589, 
53.3654, -17.2898, 56.6774, 103.74, -2.6252, 101.618, -79.1444, 
54.7282, -20.0823, 54.7012, 104.026, -1.17818, 102.526, -81.1778, 
53.166, -18.7435, 57.2953, 103.13, -1.70313, 102.445, -79.1811, 
54.4524, -20.7225, 53.5828, 102.846, -0.586137, 103.573, -82.4083, 
53.2706, -19.1573, 54.9483, 102.755, -1.90231, 101.867, -81.8626, 
52.8692, -19.2927, 54.3691, 101.962, -2.26377, 102.829, -83.1104, 
51.833, -18.8354, 55.0886, 103.011, -2.10866, 101.368, -82.5306, 
51.4811, -19.2459, 57.7822, 102.514, -0.92214, 102.166, -80.2436, 
51.4031, -19.0638, 56.9811, 102.706, -1.16906, 101.221, -81.5795, 
52.7953, -22.2334, 53.9179, 104.788, -0.306614, 101.085, -83.841, 
50.8286, -19.2975, 55.9242, 101.588, -1.31529, 102.491, -82.6352, 
50.1098, -19.0275, 57.2924, 102.513, -0.881207, 100.634, -81.903, 
52.4899, -21.2853, 53.3152, 103.748, -0.0673781, 100.991, -83.9495, 
51.6416, -20.7173, 52.6242, 103.87, -0.234022, 100.543, -84.7267, 
51.6478, -20.7347, 52.6287, 103.868, -0.234727, 100.542, -84.7275, 
51.4129, -20.445, 54.1306, 103.173, 0.119126, 101.535, -83.667, 
51.408, -20.4492, 54.1259, 103.171, 0.117591, 101.534, -83.6653, 
51.3757, -20.949, 55.814, 103.059, 0.523239, 101.86, -82.2508, 
51.8495, -18.5473, 55.9658, 102.22, -0.79411, 100.829, -81.0308, 
53.1409, -21.2212, 52.5215, 102.964, 0.870396, 101.319, -84.2798, 
52.6642, -19.6566, 53.5997, 102.545, -0.322122, 100.905, -83.2021, 
51.9624, -18.8698, 54.2217, 100.794, -0.0621178, 102.64, -82.8312, 
51.134, -17.8917, 55.7468, 100.807, -0.703849, 100.915, -81.3965, 
51.524, -18.5723, 54.6944, 102.628, -0.331748, 99.2057, -82.24, 
50.5946, -16.8209, 54.6685, 100.474, -0.224126, 100.498, -82.1944, 
51.3272, -17.0306, 53.4868, 100.598, -0.339584, 100.788, -82.7848, 
51.3341, -17.0513, 53.4918, 100.591, -0.343508, 100.785, -82.786, 
51.3341, -17.0516, 53.493, 100.591, -0.343044, 100.785, -82.786, 
50.7459, -15.5832, 56.3913, 100.467, -0.440155, 99.1685, -79.8694, 
50.3957, -15.6724, 55.9587, 100.995, -0.410388, 98.7382, -80.6912, 
51.0375, -18.6371, 53.3007, 99.8121, 2.02177, 100.47, -81.7217, 
50.1116, -17.4989, 53.6936, 99.1704, 0.949523, 100.133, -82.0424, 
49.468, -15.7631, 55.6373, 99.5714, 0.960909, 98.7288, -81.0791, 
49.4717, -17.0853, 54.5616, 98.5312, 1.8737, 100.196, -82.2485, 
48.8358, -17.1262, 53.0462, 98.9926, 1.73837, 99.002, -83.6048, 
48.5831, -15.9382, 56.0332, 98.0842, 2.2257, 99.5549, -80.8975, 
47.9827, -15.4767, 56.8267, 98.77, 2.63624, 97.7642, -80.1097, 
47.6616, -15.5632, 57.0561, 97.6474, 2.21317, 98.0503, -80.09, 
48.283, -18.6762, 53.7992, 99.2942, 4.72478, 98.2425, -81.9118, 
46.9447, -18.436, 53.2117, 98.2373, 5.15127, 99.2578, -83.4111, 
46.1474, -17.2606, 55.6219, 96.9373, 4.73363, 98.5066, -81.9159, 
45.0171, -16.0582, 57.1797, 96.9988, 3.8724, 97.1927, -81.0782, 
44.4285, -15.2053, 56.5374, 96.4298, 3.78022, 97.3126, -81.6461, 
45.0149, -16.4312, 57.1047, 97.1196, 4.34329, 97.2345, -81.3107, 
44.6498, -14.8657, 57.3423, 95.8718, 4.01628, 97.3224, -81.6757, 
44.3026, -14.9461, 57.5411, 95.9202, 4.55803, 96.5187, -80.8119, 
44.4363, -15.0021, 57.1211, 96.0809, 4.64844, 97.4028, -81.7698, 
44.4356, -15.0059, 57.1253, 96.0776, 4.64862, 97.4002, -81.7694, 
0, 0, 0, 0, 0, 95.3975, -67.609, 
0, 0, 0, 0, 0, 95.3975, -67.609, 
44.4382, -15.7932, 55.6473, 97.8627, 5.15, 94.7998, -83.6392, 
43.1314, -13.3787, 57.4686, 95.3844, 4.05336, 95.3111, -81.6722, 
43.8319, -15.6261, 55.3588, 97.6969, 5.38932, 93.8844, -83.9109, 
42.3394, -13.9532, 57.8307, 95.0154, 4.47539, 94.8753, -81.7234, 
42.4615, -15.1163, 56.4987, 96.7812, 4.9435, 93.3384, -83.1745, 
41.9819, -14.2759, 58.4355, 97.0142, 5.01566, 92.3752, -81.5547, 
43.6655, -17.4912, 54.062, 98.2449, 6.88039, 93.6165, -84.4517, 
42.5177, -15.8757, 56.3518, 96.9456, 5.57913, 93.4086, -83.1567, 
41.3911, -13.33, 58.7464, 94.4495, 4.59247, 94.2553, -81.2785, 
41.7333, -14.8789, 58.4713, 95.2973, 6.05722, 93.3886, -80.7569, 
40.5686, -12.9089, 59.6613, 93.95, 5.3086, 93.2641, -80.2845, 
39.7104, -11.2816, 60.707, 93.1732, 4.74937, 92.6354, -79.9767, 
40.1819, -14.0256, 58.3867, 94.1004, 7.05339, 93.0411, -81.0697, 
39.7286, -15.0147, 58.445, 95.9332, 8.0619, 92.3037, -81.0702, 
38.6604, -13.7599, 60.464, 95.0551, 6.66233, 91.8798, -80.1851, 
37.9, -11.9076, 61.9987, 92.7686, 5.48072, 92.19, -79.2251, 
35.908, -10.152, 64.796, 92.2008, 4.76143, 91.9469, -78.0956, 
36.3222, -12.8877, 62.0146, 93.3295, 6.69101, 91.8712, -80.3213, 
36.6996, -15.3509, 58.7856, 95.1356, 9.10032, 91.5919, -82.715, 
35.6643, -14.2211, 60.7567, 93.9301, 7.90871, 91.5575, -81.8199, 
34.3635, -11.8638, 64.5777, 92.6615, 6.43631, 91.0481, -78.9669, 
36.1645, -14.5065, 60.6364, 94.0744, 8.69307, 90.9636, -81.8749, 
35.2632, -13.5022, 62.6221, 92.5549, 8.4091, 91.8441, -80.2356, 
33.9841, -10.8901, 64.3358, 92.5073, 6.09898, 89.9469, -79.6054, 
33.349, -10.2735, 65.4364, 93.0147, 5.8185, 89.4889, -78.9031, 
32.8472, -12.7782, 62.8532, 93.2252, 7.66967, 89.9313, -82.0159, 
32.0289, -10.967, 66.5206, 92.0851, 6.66658, 90.3808, -79.5396, 
33.0844, -14.1258, 63.7377, 93.5762, 8.88429, 90.1449, -81.5012, 
32.6022, -14.7044, 61.8626, 93.3284, 9.93437, 91.2568, -83.3752, 
31.8182, -14.0996, 64.306, 92.8342, 9.1956, 90.6537, -81.5832, 
30.0547, -11.9056, 67.1897, 92.2187, 7.85767, 90.0882, -80.4278, 
29.3033, -10.7779, 67.4328, 90.9524, 7.39985, 90.8844, -80.3048, 
29.3098, -10.8005, 67.4401, 90.9523, 7.3984, 90.8851, -80.3052, 
29.3736, -10.9433, 69.5151, 91.5313, 6.89595, 89.7226, -79.2393, 
29.983, -12.0646, 66.532, 92.402, 7.63137, 89.7781, -81.5737, 
30.6365, -12.8624, 66.4148, 92.022, 9.52253, 90.102, -81.1133, 
31.2449, -14.3266, 64.1965, 93.5923, 10.1534, 89.6353, -82.5278, 
31.5927, -15.2012, 61.9145, 93.3223, 10.7775, 91.2709, -84.1052, 
29.9312, -12.9138, 66.4269, 93.8826, 8.88103, 88.6455, -82.0245, 
29.5702, -13.0334, 66.6805, 91.8739, 9.23802, 89.776, -81.6626, 
30.5605, -14.9707, 63.5267, 92.2736, 10.8424, 90.4895, -83.9786, 
32.5666, -14.0635, 62.7335, 92.5973, 10.3894, 90.3764, -83.1361, 
30.568, -12.1024, 66.6656, 92.331, 8.35374, 89.124, -80.4627, 
31.0349, -13.821, 64.7061, 92.5965, 9.1588, 89.5301, -81.7532, 
32.3834, -15.4563, 61.4666, 94.0371, 10.2419, 88.8904, -84.3703, 
30.7109, -13.0903, 65.6846, 92.7809, 8.894, 88.5896, -82.0177, 
30.7722, -13.6641, 63.9756, 92.8498, 9.11645, 89.1551, -83.6055, 
29.7622, -13.375, 67.3382, 93.3019, 8.79714, 87.9978, -80.4962, 
29.5311, -13.0148, 66.9229, 92.3494, 8.63795, 87.9379, -80.8056, 
30.583, -15.155, 63.8562, 93.1456, 10.2348, 88.4646, -83.2477, 
29.9007, -13.552, 64.398, 93.7678, 10.3248, 87.7095, -83.4899, 
29.9102, -13.589, 64.4038, 93.7554, 10.3155, 87.7038, -83.4904, 
29.9102, -13.5896, 64.4038, 93.755, 10.3159, 87.7035, -83.4904, 
29.9102, -13.5897, 64.4038, 93.7547, 10.3162, 87.7033, -83.4904, 
30.5949, -15.1781, 63.3904, 92.9488, 11.5168, 88.9365, -83.0615, 
30.5932, -15.1735, 63.3888, 92.9519, 11.517, 88.9374, -83.0614, 
30.5932, -15.1734, 63.3878, 92.952, 11.5172, 88.9372, -83.0615, 
30.5932, -15.1734, 63.3869, 92.952, 11.5174, 88.9369, -83.0615, 
30.5932, -15.1734, 63.386, 92.952, 11.5176, 88.9367, -83.0615, 
30.5932, -15.1734, 63.3853, 92.952, 11.5177, 88.9365, -83.0615, 
30.5932, -15.1734, 63.3846, 92.952, 11.5178, 88.9363, -83.0615, 
28.5571, -13.1771, 66.1138, 91.6396, 9.26612, 88.2819, -82.2945, 
30.5143, -14.0326, 64.9285, 91.9351, 10.4814, 88.5778, -81.5591, 
30.332, -14.5358, 65.468, 92.5861, 10.1586, 87.6425, -81.5909, 
30.7768, -15.0103, 63.8228, 92.3321, 10.8307, 88.0943, -82.7763, 
29.205, -13.3076, 66.7151, 92.1936, 9.77363, 87.8143, -81.076, 
0, 0, 0, 0, 0, 95.3975, -67.609, 
31.0623, -16.0907, 62.152, 93.5905, 11.2864, 88.3982, -84.3611, 
30.17, -15.5998, 63.8152, 92.6484, 11.485, 89.0947, -83.0259, 
30.9714, -16.8822, 62.5902, 93.3555, 11.8131, 88.9637, -84.0398, 
29.346, -15.8087, 64.875, 92.9422, 10.4154, 88.2394, -83.3027, 
29.5668, -16.5213, 64.4965, 94.2919, 12.0293, 88.0322, -83.2903, 
28.6817, -16.6887, 62.7306, 94.2687, 11.9226, 88.0257, -83.1976, 
27.825, -16.0901, 65.4484, 92.7406, 11.1386, 88.6225, -82.6173, 
29.9544, -16.2112, 62.2516, 93.0734, 11.912, 89.0274, -85.1012, 
29.1384, -15.5303, 64.8399, 92.9981, 10.1578, 89.1003, -83.4133, 
27.949, -13.6815, 67.1538, 91.8156, 9.47231, 87.9176, -82.6472, 
30.9238, -14.0085, 62.6321, 92.3097, 10.054, 88.6451, -84.4984, 
29.763, -13.0509, 65.1614, 91.5164, 9.4638, 88.606, -82.4063, 
30.7391, -14.56, 62.9221, 91.9434, 11.1202, 88.8014, -83.7684, 
30.2938, -13.782, 64.6569, 92.365, 9.62483, 87.9467, -82.5985, 
30.8851, -15.286, 62.3479, 92.2056, 11.8535, 89.7577, -83.8495, 
31.5266, -14.3826, 62.0656, 91.9804, 11.185, 89.3963, -83.7278, 
32.406, -16.4062, 61.56, 93.916, 12.0518, 88.2399, -84.0456, 
31.3277, -15.0083, 61.8166, 94.0086, 10.9281, 87.8229, -84.3758, 
29.5012, -12.8706, 65.3638, 91.9269, 9.4318, 88.031, -82.0981, 
30.2452, -14.02, 63.2093, 93.4384, 10.7664, 87.611, -83.6174, 
30.2472, -14.6852, 63.1998, 93.4438, 10.7688, 87.6101, -83.6212, 
30.1886, -14.5284, 62.97, 93.0253, 10.9046, 87.7979, -84.2407, 
30.1895, -14.5305, 62.9711, 93.0252, 10.9041, 87.798, -84.2409, 
30.1895, -14.5305, 62.9715, 93.025, 10.9042, 87.798, -84.2409, 
29.754, -13.0646, 65.4658, 91.9641, 9.14164, 87.9315, -82.1195, 
29.1816, -13.2098, 66.8942, 92.9466, 9.35159, 87.0665, -81.2688, 
29.1747, -13.2204, 66.8877, 92.9347, 9.34745, 87.0609, -81.2664, 
29.1406, -13.4387, 66.9429, 93.0572, 9.23177, 86.8792, -81.7506, 
31.9848, -16.3009, 62.0688, 93.9728, 11.5308, 88.2502, -83.9048, 
30.3099, -14.2816, 64.6079, 92.6448, 10.085, 88.3155, -82.5453, 
35.5848, -13.0838, 61.1359, 92.3654, 8.17552, 88.1334, -80.6282, 
34.5787, -11.6235, 62.5838, 92.3692, 7.20573, 87.2817, -79.8807, 
33.4068, -9.95018, 66.0219, 92.037, 5.9606, 87.1524, -77.8193, 
33.1706, -10.504, 65.0833, 91.4745, 6.43102, 87.9466, -79.2892, 
34.0775, -13.3071, 61.8181, 92.4789, 8.52694, 88.2213, -81.5048, 
32.9697, -11.4854, 65.3533, 93.1243, 7.17081, 86.9202, -79.5337, 
33.9244, -14.2265, 62.8321, 94.2961, 8.88942, 87.0866, -80.8645, 
