166.161, -12.5265, -32.114, 103.319, -18.3305, 98.3055, -47.2317, 
166.157, -12.5275, -32.1084, 103.317, -18.3313, 98.3077, -47.2311, 
166.157, -12.5272, -32.1074, 103.315, -18.3322, 98.3097, -47.2309, 
166.158, -12.5274, -32.1064, 103.312, -18.3333, 98.3119, -47.2322, 
166.158, -12.5273, -32.1048, 103.309, -18.3341, 98.3137, -47.2314, 
166.161, -12.5269, -32.1061, 103.306, -18.3351, 98.3157, -47.2324, 
166.157, -12.5276, -32.1008, 103.305, -18.3359, 98.3177, -47.2319, 
166.157, -12.8827, -32.1269, 103.26, -18.5857, 98.4706, -47, 
166.157, -13.1573, -32.1605, 103.312, -18.6209, 98.4595, -46.9542, 
166.159, -13.5341, -32.2106, 103.383, -18.5923, 98.4013, -46.9474, 
166.158, -13.9853, -32.2735, 103.444, -18.5795, 98.38, -46.9533, 
166.16, -14.2903, -32.3248, 103.491, -18.5794, 98.3701, -46.9566, 
166.157, -14.5712, -32.4659, 103.409, -18.5258, 98.4693, -47.0913, 
166.158, -14.9265, -32.5196, 103.491, -18.5096, 98.4268, -47.0852, 
166.159, -15.3293, -32.5767, 103.558, -18.4849, 98.3773, -47.0776, 
166.158, -15.8012, -32.6355, 103.615, -18.453, 98.326, -47.0743, 
166.155, -16.1216, -32.6762, 103.667, -18.4353, 98.2892, -47.0707, 
166.159, -16.4818, -32.7223, 103.723, -18.4211, 98.2528, -47.0658, 
166.16, -16.6548, -32.7452, 103.76, -18.397, 98.2244, -47.0525, 
166.157, -16.9967, -32.7905, 103.812, -18.3736, 98.1854, -47.0447, 
166.156, -17.1344, -32.862, 103.845, -18.3384, 98.1164, -47.0941, 
166.16, -17.1897, -32.9217, 103.895, -18.3192, 98.0744, -47.1041, 
166.156, -17.1775, -32.9882, 103.979, -18.3329, 98.017, -47.1427, 
166.158, -17.1887, -33.038, 104.038, -18.3318, 97.9784, -47.1542, 
166.158, -17.188, -33.0842, 104.093, -18.3161, 97.9451, -47.1467, 
166.156, -17.1879, -33.1392, 104.161, -18.2971, 97.9019, -47.139, 
166.158, -17.1895, -33.1781, 104.201, -18.2909, 97.8832, -47.1406, 
166.158, -17.1848, -33.2286, 104.257, -18.2779, 97.8518, -47.1399, 
166.159, -17.1859, -33.2684, 104.299, -18.2664, 97.8242, -47.1389, 
166.158, -17.1893, -33.3062, 104.346, -18.257, 97.7949, -47.136, 
166.159, -17.1897, -33.3621, 104.396, -18.2375, 97.7632, -47.1324, 
166.159, -17.1876, -33.4038, 104.441, -18.228, 97.7349, -47.1302, 
166.158, -17.0904, -33.4321, 104.372, -18.29, 97.8325, -47.2021, 
166.157, -17.1888, -33.4641, 104.396, -18.2909, 97.8244, -47.2081, 
166.158, -17.1902, -33.5044, 104.438, -18.2804, 97.797, -47.2058, 
166.157, -17.1886, -33.5558, 104.478, -18.253, 97.7496, -47.1973, 
166.157, -17.1833, -33.5957, 104.521, -18.2452, 97.7244, -47.1969, 
166.157, -17.1894, -33.6416, 104.572, -18.2372, 97.7025, -47.1956, 
166.16, -17.1902, -33.6665, 104.595, -18.2354, 97.693, -47.1962, 
166.16, -17.1857, -33.677, 104.613, -18.2321, 97.715, -47.1902, 
166.16, -17.1872, -33.6812, 104.631, -18.2301, 97.7208, -47.1855, 
166.159, -17.19, -33.7176, 104.669, -18.2176, 97.6934, -47.1836, 
166.16, -17.1893, -33.7552, 104.698, -18.2001, 97.6598, -47.1714, 
166.158, -17.1855, -33.8001, 104.74, -18.1836, 97.6304, -47.1657, 
166.156, -17.1876, -33.8225, 104.774, -18.1921, 97.6317, -47.1831, 
166.16, -17.1887, -33.8185, 104.792, -18.207, 97.6382, -47.2009, 
166.158, -17.1891, -33.8427, 104.82, -18.1978, 97.6205, -47.2003, 
166.157, -17.1888, -33.9035, 104.87, -18.1842, 97.5762, -47.1976, 
166.159, -17.1813, -33.923, 104.89, -18.1761, 97.5688, -47.1972, 
166.159, -17.1884, -33.9587, 104.93, -18.1764, 97.552, -47.1992, 
166.159, -17.1879, -33.9678, 104.952, -18.1867, 97.5446, -47.2062, 
166.16, -17.1808, -33.9862, 105, -18.1884, 97.5162, -47.201, 
166.159, -17.1871, -33.9836, 105.039, -18.1902, 97.4973, -47.1983, 
166.159, -17.1849, -34.0174, 105.067, -18.1827, 97.4863, -47.1964, 
166.16, -17.1891, -34.0374, 105.093, -18.1776, 97.4703, -47.194, 
166.159, -17.1894, -34.0358, 105.119, -18.1814, 97.4705, -47.1896, 
166.158, -17.186, -34.0286, 105.139, -18.1857, 97.4652, -47.1874, 
166.158, -17.1897, -34.0555, 105.174, -18.1845, 97.4485, -47.1887, 
166.159, -17.1801, -34.0554, 105.206, -18.1914, 97.4384, -47.1938, 
166.16, -17.1748, -34.031, 105.196, -18.1893, 97.4798, -47.1962, 
166.157, -17.1864, -34.0499, 105.221, -18.1839, 97.4611, -47.1937, 
166.159, -17.1886, -34.0765, 105.245, -18.1782, 97.4454, -47.193, 
166.158, -17.1915, -34.1118, 105.279, -18.1701, 97.4246, -47.1873, 
166.158, -17.188, -34.1232, 105.3, -18.1721, 97.4104, -47.2, 
166.16, -17.1476, -34.0433, 105.247, -18.2028, 97.4996, -47.2476, 
166.159, -17.1889, -34.0282, 105.251, -18.2073, 97.5119, -47.2589, 
166.156, -17.1888, -34.0487, 105.273, -18.2009, 97.4958, -47.257, 
166.158, -17.1893, -34.0837, 105.286, -18.1808, 97.4705, -47.247, 
166.158, -17.189, -34.1101, 105.311, -18.1778, 97.4561, -47.2472, 
166.158, -17.1836, -34.1318, 105.329, -18.175, 97.4524, -47.253, 
166.158, -17.1884, -34.1278, 105.336, -18.1819, 97.4638, -47.2683, 
166.161, -17.1888, -34.153, 105.359, -18.1752, 97.4428, -47.2639, 
166.159, -17.1896, -34.1386, 105.365, -18.1921, 97.455, -47.2753, 
166.16, -17.1802, -34.1528, 105.38, -18.1874, 97.4413, -47.2736, 
166.157, -17.1872, -34.1661, 105.404, -18.1886, 97.4363, -47.2834, 
166.157, -17.1866, -34.1857, 105.422, -18.1867, 97.4218, -47.2876, 
166.157, -17.131, -33.9901, 105.478, -18.2963, 97.4841, -47.3835, 
166.16, -17.1907, -33.953, 105.511, -18.3204, 97.4887, -47.4052, 
166.16, -17.1892, -33.9743, 105.526, -18.3139, 97.475, -47.4044, 
166.158, -17.1889, -33.9969, 105.536, -18.2899, 97.4469, -47.387, 
166.158, -17.1876, -34.0168, 105.55, -18.2827, 97.4334, -47.3849, 
166.157, -17.1855, -34.0053, 105.554, -18.3171, 97.4538, -47.4445, 
166.16, -17.1879, -33.9886, 105.562, -18.3445, 97.4634, -47.4859, 
166.156, -17.1901, -33.8965, 105.589, -18.5164, 97.5499, -47.6636, 
166.16, -17.1873, -33.9091, 105.605, -18.5194, 97.5403, -47.6709, 
166.156, -17.1856, -33.9223, 105.62, -18.5249, 97.5416, -47.6888, 
166.157, -17.1899, -33.9191, 105.628, -18.5467, 97.5551, -47.724, 
166.16, -17.1899, -33.9414, 105.642, -18.5436, 97.5437, -47.724, 
166.158, -17.1874, -33.9426, 105.645, -18.541, 97.5402, -47.7231, 
166.16, -17.1845, -33.9589, 105.655, -18.5352, 97.5304, -47.721, 
166.157, -17.1888, -33.9757, 105.673, -18.5173, 97.5099, -47.6961, 
166.158, -17.1901, -33.9975, 105.691, -18.5085, 97.4975, -47.6896, 
166.156, -17.1842, -33.8704, 105.716, -18.663, 97.5468, -47.8572, 
166.158, -17.1898, -33.8369, 105.737, -18.7078, 97.5525, -47.9041, 
166.156, -17.1836, -33.8486, 105.741, -18.7111, 97.5542, -47.9206, 
166.16, -17.1858, -33.8406, 105.737, -18.7386, 97.5637, -47.9513, 
166.159, -17.1892, -33.8708, 105.75, -18.7135, 97.5428, -47.9159, 
166.158, -17.187, -33.8867, 105.762, -18.709, 97.5324, -47.9148, 
166.159, -17.179, -33.8713, 105.747, -18.7344, 97.5651, -47.9638, 
166.158, -17.1855, -33.8371, 105.74, -18.7673, 97.5929, -48.0048, 
166.16, -17.187, -33.8523, 105.752, -18.7633, 97.5822, -48.0031, 
166.158, -17.1916, -33.8084, 105.715, -18.8332, 97.6401, -48.0993, 
166.156, -17.1887, -33.7877, 105.698, -18.8663, 97.6602, -48.1461, 
166.158, -17.1889, -33.8338, 105.715, -18.8391, 97.6344, -48.1302, 
166.157, -17.1825, -33.842, 105.721, -18.8334, 97.6267, -48.1305, 
166.158, -17.1888, -33.8679, 105.747, -18.8072, 97.6083, -48.0954, 
166.158, -17.1876, -33.882, 105.755, -18.809, 97.6031, -48.1049, 
166.16, -17.1906, -33.815, 105.779, -18.9207, 97.6017, -48.2248, 
166.158, -17.1883, -33.7763, 105.793, -18.9725, 97.5953, -48.2814, 
166.158, -17.1879, -33.7842, 105.801, -18.9762, 97.5879, -48.2914, 
166.159, -17.186, -33.8241, 105.809, -18.9479, 97.5749, -48.2761, 
166.159, -17.1892, -33.8207, 105.823, -18.9649, 97.5712, -48.2872, 
166.158, -17.1904, -33.8322, 105.838, -18.9745, 97.5608, -48.2962, 
166.156, -17.1901, -33.8201, 105.852, -19.0065, 97.5563, -48.3151, 
166.155, -17.1855, -33.7286, 105.808, -19.1362, 97.6033, -48.4405, 
166.16, -17.1845, -33.6925, 105.791, -19.1815, 97.6124, -48.4817, 
166.159, -17.1847, -33.7081, 105.803, -19.1689, 97.5991, -48.4744, 
166.159, -17.1809, -33.7047, 105.809, -19.1894, 97.5979, -48.493, 
166.158, -17.1894, -33.6739, 105.81, -19.2202, 97.5974, -48.5142, 
166.159, -17.1874, -33.6895, 105.794, -19.2353, 97.586, -48.569, 
166.158, -17.1882, -33.6943, 105.776, -19.2477, 97.5752, -48.6065, 
166.159, -17.1877, -33.7071, 105.785, -19.2435, 97.5677, -48.6048, 
166.158, -17.1832, -33.72, 105.803, -19.2233, 97.5638, -48.5717, 
166.158, -17.1884, -33.7311, 105.815, -19.2211, 97.56, -48.5695, 
166.159, -17.1898, -33.7449, 105.835, -19.2083, 97.5513, -48.5668, 
166.158, -17.1875, -33.7555, 105.826, -19.2105, 97.5569, -48.5591, 
166.158, -17.1876, -33.7683, 105.845, -19.2022, 97.5507, -48.5515, 
166.159, -17.1884, -33.7862, 105.845, -19.2071, 97.5388, -48.5819, 
166.159, -17.191, -33.7988, 105.824, -19.2255, 97.521, -48.62, 
166.158, -17.1887, -33.8069, 105.83, -19.2196, 97.515, -48.6173, 
166.161, -17.1863, -33.8189, 105.874, -19.1991, 97.5118, -48.5848, 
166.159, -17.1873, -33.83, 105.88, -19.1946, 97.5043, -48.5864, 
166.158, -17.1457, -33.9037, 105.57, -19.2846, 97.477, -48.844, 
166.156, -17.1876, -33.9264, 105.503, -19.295, 97.4666, -48.8831, 
166.16, -17.19, -33.9381, 105.518, -19.2858, 97.4676, -48.8736, 
166.159, -17.187, -33.9442, 105.564, -19.2646, 97.4421, -48.8613, 
166.16, -17.1904, -33.9511, 105.571, -19.263, 97.4403, -48.8592, 
166.158, -17.1877, -33.9569, 105.58, -19.257, 97.4375, -48.853, 
166.159, -17.187, -33.9534, 105.633, -19.2305, 97.4121, -48.8185, 
166.158, -17.1909, -33.9604, 105.64, -19.2296, 97.4133, -48.8199, 
166.157, -17.1898, -33.9695, 105.638, -19.2326, 97.4121, -48.832, 
166.158, -17.1887, -33.9737, 105.599, -19.2502, 97.4047, -48.8499, 
166.158, -17.1894, -33.9782, 105.606, -19.2447, 97.4009, -48.8464, 
166.158, -17.1633, -34.0512, 105.438, -19.2933, 97.3355, -49.0195, 
166.157, -17.1867, -34.0867, 105.371, -19.3092, 97.304, -49.0774, 
166.158, -17.1856, -34.0972, 105.379, -19.3073, 97.3012, -49.0778, 
166.158, -17.1875, -34.0805, 105.43, -19.2928, 97.2908, -49.0416, 
166.16, -17.1879, -34.0868, 105.449, -19.2904, 97.2894, -49.0385, 
166.158, -17.1856, -34.0921, 105.465, -19.2841, 97.2906, -49.0417, 
166.159, -17.1933, -34.1198, 105.43, -19.2875, 97.2934, -49.0659, 
166.158, -17.1879, -34.1223, 105.436, -19.2811, 97.291, -49.0603, 
166.158, -17.1811, -34.1031, 105.482, -19.2686, 97.2937, -49.0306, 
166.157, -17.1882, -34.1237, 105.472, -19.2717, 97.2911, -49.0505, 
166.159, -17.1814, -34.1425, 105.467, -19.2695, 97.2945, -49.0731, 
166.159, -17.1849, -34.1815, 105.425, -19.2728, 97.2923, -49.1039, 
166.156, -17.1879, -34.1835, 105.437, -19.2717, 97.2894, -49.1016, 
166.16, -17.1891, -34.2224, 105.38, -19.2704, 97.288, -49.1443, 
166.159, -17.1857, -34.2498, 105.343, -19.2641, 97.2809, -49.1643, 
166.159, -17.1891, -34.1897, 105.447, -19.2732, 97.3028, -49.1031, 
166.156, -17.1889, -34.1968, 105.451, -19.2688, 97.2994, -49.1051, 
166.159, -17.1892, -34.1995, 105.469, -19.2683, 97.2983, -49.0975, 
166.156, -17.1793, -34.2597, 105.378, -19.2447, 97.2811, -49.1548, 
166.156, -17.1887, -34.3041, 105.33, -19.2317, 97.2664, -49.1798, 
166.159, -17.1894, -34.257, 105.422, -19.2456, 97.2806, -49.1319, 
166.158, -17.1872, -34.2656, 105.427, -19.2424, 97.2749, -49.1332, 
166.157, -17.1891, -34.2657, 105.435, -19.2411, 97.2751, -49.1302, 
166.156, -17.1868, -34.2294, 105.487, -19.2492, 97.2844, -49.0929, 
166.159, -17.1894, -34.2327, 105.498, -19.249, 97.2836, -49.0911, 
166.157, -17.1913, -34.1743, 105.589, -19.2722, 97.3093, -49.0505, 
166.159, -17.1898, -34.1887, 105.584, -19.266, 97.3043, -49.0572, 
166.16, -17.1885, -34.1922, 105.589, -19.2626, 97.3005, -49.0566, 
166.16, -17.1898, -34.1402, 105.665, -19.2883, 97.3248, -49.013, 
166.158, -17.1838, -34.1419, 105.671, -19.2846, 97.3232, -49.0134, 
166.16, -17.1878, -34.1446, 105.677, -19.2822, 97.3217, -49.0128, 
166.158, -17.1875, -34.1083, 105.722, -19.3032, 97.34, -48.982, 
166.158, -17.1889, -34.0968, 105.744, -19.3078, 97.3458, -48.9751, 
166.158, -17.1887, -34.0374, 105.83, -19.344, 97.3715, -48.9313, 
166.159, -17.1855, -34.0528, 105.818, -19.3332, 97.3657, -48.9407, 
166.157, -17.1877, -34.0498, 105.828, -19.3332, 97.3644, -48.938, 
166.159, -17.1892, -34.0058, 105.892, -19.3581, 97.3813, -48.8961, 
166.161, -17.189, -34.0082, 105.901, -19.3578, 97.3805, -48.897, 
166.157, -17.1912, -33.9478, 105.981, -19.3855, 97.4077, -48.8678, 
166.159, -17.1896, -33.95, 105.987, -19.386, 97.4076, -48.8627, 
166.158, -17.1885, -33.9411, 106.003, -19.3881, 97.4118, -48.8551, 
166.158, -17.1873, -33.8704, 106.081, -19.4175, 97.4491, -48.8148, 
166.158, -17.1884, -33.8815, 106.076, -19.4114, 97.4426, -48.8208, 
166.159, -17.1915, -33.8818, 106.084, -19.4117, 97.4409, -48.817, 
166.156, -17.1891, -33.84, 106.131, -19.4344, 97.4595, -48.7785, 
166.158, -17.1878, -33.8297, 106.152, -19.4394, 97.4631, -48.7689, 
166.158, -17.1862, -33.7684, 106.23, -19.4691, 97.4912, -48.7302, 
166.156, -17.1905, -33.7755, 106.226, -19.4633, 97.4872, -48.7365, 
166.157, -17.1899, -33.7767, 106.228, -19.4612, 97.485, -48.7353, 
166.157, -17.1783, -33.8935, 106.116, -19.3979, 97.4109, -48.8258, 
166.156, -17.1886, -33.958, 106.054, -19.3664, 97.3725, -48.8614, 
166.158, -17.1839, -33.907, 106.126, -19.3999, 97.399, -48.8291, 
166.158, -17.1888, -33.9235, 106.112, -19.3883, 97.388, -48.8362, 
166.158, -17.1889, -33.9235, 106.118, -19.3887, 97.3887, -48.8365, 
166.157, -17.1882, -33.8552, 106.192, -19.4251, 97.4189, -48.7855, 
166.158, -17.1882, -33.8672, 106.185, -19.4158, 97.4113, -48.7962, 
166.158, -17.189, -33.868, 106.191, -19.4161, 97.4093, -48.7944, 
166.159, -17.1892, -33.826, 106.233, -19.4382, 97.4302, -48.7608, 
166.161, -17.1891, -33.8108, 106.253, -19.4456, 97.4398, -48.7514, 
166.158, -17.1887, -33.7345, 106.334, -19.4814, 97.4732, -48.7076, 
166.156, -17.1879, -33.7449, 106.324, -19.4702, 97.4659, -48.7158, 
166.157, -17.1889, -33.7461, 106.328, -19.4698, 97.4645, -48.7146, 
166.157, -17.1889, -33.8112, 106.27, -19.4287, 97.4257, -48.7673, 
166.156, -17.1881, -33.8546, 106.232, -19.403, 97.3995, -48.7921, 
166.157, -17.1867, -33.7894, 106.307, -19.4448, 97.4319, -48.7449, 
166.158, -17.1911, -33.8002, 106.303, -19.4396, 97.4264, -48.7535, 
166.157, -17.1867, -33.7576, 106.356, -19.4655, 97.4443, -48.7292, 
166.158, -17.1898, -33.7844, 106.329, -19.4471, 97.4328, -48.7463, 
166.157, -17.1849, -33.773, 106.341, -19.4535, 97.4387, -48.7387, 
166.158, -17.1881, -33.7109, 106.409, -19.4904, 97.4732, -48.6891, 
166.157, -17.1904, -33.7095, 106.412, -19.4874, 97.4711, -48.6926, 
166.158, -17.1888, -33.7113, 106.412, -19.4866, 97.4698, -48.6929, 
166.156, -17.1878, -33.6972, 106.42, -19.4918, 97.4764, -48.6815, 
166.161, -17.1904, -33.688, 106.438, -19.5013, 97.4819, -48.6717, 
166.16, -17.1881, -33.6297, 106.492, -19.5396, 97.5084, -48.6212, 
166.159, -17.1891, -33.6202, 106.507, -19.5456, 97.5113, -48.6166, 
166.158, -17.1846, -33.5677, 106.559, -19.5764, 97.5338, -48.5831, 
166.158, -17.1892, -33.593, 106.541, -19.5593, 97.5207, -48.6039, 
166.156, -17.182, -33.6357, 106.503, -19.5176, 97.4947, -48.6514, 
166.16, -17.1886, -33.6872, 106.458, -19.4846, 97.4722, -48.6789, 
166.158, -17.1892, -33.6813, 106.464, -19.4875, 97.4717, -48.6738, 
166.157, -17.1896, -33.6212, 106.527, -19.5369, 97.4946, -48.6239, 
166.159, -17.1895, -33.6246, 106.528, -19.5365, 97.4941, -48.6252, 
166.159, -17.1892, -33.5549, 106.589, -19.5793, 97.5253, -48.5879, 
166.156, -17.1891, -33.5736, 106.574, -19.5642, 97.5128, -48.5998, 
166.158, -17.1883, -33.5657, 106.582, -19.5708, 97.5168, -48.5925, 
166.159, -17.1866, -33.5069, 106.639, -19.6149, 97.5433, -48.5451, 
166.158, -17.1877, -33.5031, 106.645, -19.6156, 97.5415, -48.5457, 
166.16, -17.1812, -33.4839, 106.666, -19.6262, 97.5484, -48.5421, 
166.158, -17.1886, -33.5203, 106.629, -19.5911, 97.5315, -48.5703, 
166.157, -17.1889, -33.5179, 106.634, -19.5923, 97.5322, -48.5687, 
166.158, -17.188, -33.4595, 106.683, -19.6288, 97.5558, -48.5288, 
166.158, -17.1852, -33.4721, 106.671, -19.6149, 97.5471, -48.5436, 
166.159, -17.1868, -33.4247, 106.718, -19.6493, 97.5665, -48.5137, 
166.158, -17.1817, -33.4517, 106.69, -19.6229, 97.5524, -48.537, 
166.157, -17.1897, -33.446, 106.692, -19.623, 97.5538, -48.5357, 
166.161, -17.1878, -33.3991, 106.735, -19.661, 97.5718, -48.4915, 
166.157, -17.1859, -33.3835, 106.75, -19.6676, 97.573, -48.4859, 
166.158, -17.1867, -33.3423, 106.797, -19.7027, 97.5876, -48.4582, 
166.16, -17.1893, -33.3697, 106.771, -19.6761, 97.5765, -48.4839, 
166.156, -17.1879, -33.364, 106.772, -19.6741, 97.5756, -48.4828, 
166.16, -17.1899, -33.3132, 106.83, -19.7271, 97.595, -48.4291, 
166.16, -17.1892, -33.3052, 106.838, -19.7296, 97.595, -48.4274, 
166.155, -17.1335, -33.5581, 106.606, -19.5121, 97.4622, -48.6832, 
166.157, -17.1875, -33.627, 106.541, -19.4565, 97.4286, -48.739, 
166.159, -17.1797, -33.6295, 106.54, -19.4551, 97.4267, -48.7394, 
166.16, -17.1886, -33.5824, 106.586, -19.5002, 97.4461, -48.6892, 
166.159, -17.1889, -33.5784, 106.592, -19.502, 97.445, -48.6884, 
166.158, -17.1907, -33.5138, 106.651, -19.5612, 97.475, -48.6327, 
166.159, -17.1845, -33.5274, 106.64, -19.5457, 97.4662, -48.6475, 
166.158, -17.1886, -33.5225, 106.648, -19.5494, 97.4683, -48.6422, 
166.158, -17.1833, -33.4902, 106.668, -19.5776, 97.4781, -48.6039, 
166.157, -17.1887, -33.4828, 106.674, -19.5804, 97.4791, -48.6024, 
166.161, -17.1866, -33.4768, 106.678, -19.579, 97.4789, -48.6116, 
166.16, -17.1892, -33.5182, 106.652, -19.5458, 97.4645, -48.644, 
166.16, -17.1893, -33.5123, 106.656, -19.5495, 97.4665, -48.6386, 
166.158, -17.188, -33.4818, 106.68, -19.5789, 97.4771, -48.6037, 
166.158, -17.1895, -33.4611, 106.697, -19.5943, 97.4832, -48.5889, 
166.043, -17.154, -33.4286, 106.492, -19.4331, 97.3842, -48.7725, 
166.158, -17.1883, -33.4184, 106.424, -19.3874, 97.3528, -48.8227, 
166.16, -17.1891, -33.4167, 106.427, -19.3872, 97.3533, -48.8222, 
166.159, -17.1915, -33.4027, 106.462, -19.421, 97.3703, -48.7865, 
166.159, -17.1884, -33.3946, 106.482, -19.4335, 97.3788, -48.7746, 
166.159, -17.1268, -33.6543, 106.282, -19.1843, 97.3035, -49.0263, 
166.158, -17.1813, -33.6657, 106.27, -19.1717, 97.2989, -49.0295, 
166.159, -17.191, -33.6616, 106.281, -19.1784, 97.3018, -49.0262, 
166.162, -17.1892, -33.6341, 106.306, -19.2112, 97.3089, -48.9913, 
166.16, -17.1863, -33.613, 106.322, -19.2287, 97.314, -48.9762, 
166.155, -17.1437, -33.7946, 106.153, -19.0254, 97.2357, -49.1828, 
166.159, -17.1869, -33.804, 106.143, -19.0161, 97.2325, -49.1873, 
166.157, -17.1898, -33.7433, 106.207, -19.0807, 97.2603, -49.1288, 
166.158, -17.189, -33.7552, 106.203, -19.0735, 97.2565, -49.1401, 
166.159, -17.1862, -33.7545, 106.207, -19.0752, 97.2553, -49.1399, 
166.16, -17.1878, -33.7383, 106.223, -19.0944, 97.2624, -49.1165, 
166.16, -17.1892, -33.7347, 106.23, -19.0981, 97.2639, -49.1146, 
166.158, -17.1844, -33.6748, 106.291, -19.1568, 97.2872, -49.0586, 
166.156, -17.1887, -33.6805, 106.288, -19.1478, 97.285, -49.0695, 
166.156, -17.1901, -33.6426, 106.33, -19.1824, 97.3005, -49.0397, 
166.157, -17.1841, -33.6668, 106.302, -19.155, 97.2904, -49.0691, 
166.159, -17.1874, -33.6657, 106.308, -19.1576, 97.2927, -49.0687, 
166.158, -17.1874, -33.6381, 106.341, -19.1907, 97.3011, -49.032, 
166.159, -17.1879, -33.6256, 106.356, -19.2043, 97.3058, -49.0218, 
166.159, -17.1858, -33.6287, 106.358, -19.1956, 97.3049, -49.0426, 
166.157, -17.1848, -33.6609, 106.317, -19.1576, 97.2944, -49.0789, 
166.158, -17.1876, -33.66, 106.321, -19.1591, 97.2961, -49.0786, 
166.161, -17.1893, -33.6343, 106.352, -19.1923, 97.307, -49.0412, 
166.157, -17.1891, -33.6138, 106.372, -19.206, 97.3137, -49.0269, 
166.158, -17.191, -33.6008, 106.397, -19.2219, 97.3215, -49.0259, 
166.159, -17.1856, -33.6341, 106.354, -19.1834, 97.3082, -49.0624, 
166.157, -17.1862, -33.6293, 106.355, -19.182, 97.309, -49.0602, 
166.156, -17.1882, -33.6087, 106.374, -19.2018, 97.3159, -49.0343, 
166.159, -17.1889, -33.6008, 106.389, -19.2172, 97.3216, -49.0233, 
166.16, -17.1894, -33.5559, 106.445, -19.2664, 97.3342, -48.9724, 
166.156, -17.1902, -33.5592, 106.437, -19.2541, 97.3321, -48.9861, 
166.158, -17.1821, -33.5176, 106.485, -19.296, 97.3474, -48.9404, 
166.158, -17.1877, -33.5192, 106.485, -19.2954, 97.3448, -48.9439, 
166.16, -17.1914, -33.5185, 106.49, -19.2992, 97.3463, -48.9417, 
166.158, -17.1889, -33.4902, 106.515, -19.3252, 97.3548, -48.9024, 
166.157, -17.1887, -33.4895, 106.52, -19.3282, 97.3553, -48.9024, 
166.149, -17.1028, -33.6966, 106.28, -19.0899, 97.2788, -49.1855, 
166.156, -17.1887, -33.7101, 106.262, -19.0747, 97.2735, -49.1973, 
166.155, -17.1886, -33.6686, 106.321, -19.1249, 97.2867, -49.1479, 
166.159, -17.1848, -33.6687, 106.319, -19.1238, 97.2872, -49.1477, 
166.159, -17.1835, -33.624, 106.366, -19.1668, 97.3002, -49.1027, 
166.158, -17.1899, -33.6238, 106.367, -19.1667, 97.3008, -49.1048, 
166.159, -17.19, -33.5814, 106.426, -19.2163, 97.3171, -49.0527, 
166.158, -17.1905, -33.5943, 106.409, -19.199, 97.3117, -49.0736, 
166.158, -17.1882, -33.5548, 106.45, -19.2352, 97.3234, -49.0409, 
166.158, -17.187, -33.5568, 106.449, -19.2316, 97.3205, -49.0422, 
166.159, -17.1861, -33.5561, 106.453, -19.2347, 97.3211, -49.0422, 
166.157, -17.1877, -33.5425, 106.47, -19.2518, 97.3235, -49.0204, 
166.159, -17.1892, -33.5391, 106.478, -19.2574, 97.3253, -49.0192, 
166.16, -17.1887, -33.4915, 106.54, -19.3155, 97.3375, -48.9656, 
166.158, -17.189, -33.5051, 106.522, -19.2967, 97.3352, -48.9876, 
166.158, -17.1872, -33.4975, 106.546, -19.3066, 97.344, -48.9835, 
166.157, -17.1903, -33.496, 106.541, -19.303, 97.3414, -48.9856, 
166.16, -17.19, -33.4703, 106.585, -19.3427, 97.3543, -48.9572, 
166.159, -17.1885, -33.4851, 106.556, -19.3121, 97.3477, -48.9849, 
166.159, -17.1887, -33.44, 106.626, -19.3806, 97.3601, -48.9233, 
166.159, -17.1881, -33.4414, 106.621, -19.3718, 97.3581, -48.9325, 
166.158, -17.19, -33.4394, 106.623, -19.3723, 97.3588, -48.931, 
166.159, -17.1886, -33.4317, 106.639, -19.3905, 97.3605, -48.9101, 
166.158, -17.1877, -33.4219, 106.658, -19.4057, 97.3643, -48.8989, 
166.157, -17.1881, -33.3915, 106.719, -19.4606, 97.3802, -48.8512, 
166.158, -17.1859, -33.3915, 106.719, -19.4599, 97.3808, -48.8529, 
166.156, -17.1878, -33.369, 106.766, -19.4973, 97.3936, -48.8244, 
166.157, -17.1915, -33.3704, 106.764, -19.4956, 97.392, -48.8275, 
166.16, -17.1872, -33.3729, 106.763, -19.4943, 97.391, -48.8292, 
166.156, -17.1906, -33.3554, 106.799, -19.5275, 97.3976, -48.7962, 
166.158, -17.1827, -33.3528, 106.81, -19.5365, 97.4, -48.7875, 
166.104, -17.1436, -33.4003, 106.601, -19.3403, 97.3604, -48.9637, 
166.158, -17.1871, -33.4041, 106.594, -19.3372, 97.3569, -48.965, 
166.158, -17.1896, -33.3617, 106.66, -19.4092, 97.369, -48.9128, 
166.157, -17.1891, -33.3583, 106.662, -19.4095, 97.3699, -48.9116, 
166.156, -17.188, -33.3585, 106.661, -19.4074, 97.3677, -48.9133, 
166.159, -17.1891, -33.3545, 106.679, -19.4274, 97.3699, -48.8967, 
166.156, -17.1879, -33.3463, 106.701, -19.4437, 97.3729, -48.8845, 
166.155, -17.1847, -33.3094, 106.763, -19.5117, 97.3758, -48.8383, 
166.16, -17.1885, -33.3116, 106.768, -19.5148, 97.3767, -48.8406, 
166.156, -17.1822, -33.2672, 106.826, -19.5882, 97.3805, -48.7933, 
166.16, -17.1865, -33.2678, 106.83, -19.5914, 97.3818, -48.794, 
166.158, -17.18, -33.2227, 106.886, -19.6652, 97.3849, -48.7457, 
166.156, -17.1865, -33.211, 106.898, -19.6734, 97.3878, -48.7414, 
166.157, -17.1895, -33.1731, 106.959, -19.7528, 97.3933, -48.6956, 
166.158, -17.185, -33.1663, 106.965, -19.7578, 97.393, -48.6932, 
166.159, -17.1874, -33.1251, 107.025, -19.836, 97.3976, -48.6472, 
166.158, -17.1907, -33.1175, 107.036, -19.8453, 97.3995, -48.6444, 
166.096, -17.1569, -33.1175, 106.837, -19.6693, 97.3637, -48.762, 
166.156, -17.1868, -33.116, 106.822, -19.6593, 97.3585, -48.7641, 
166.159, -17.1893, -33.1006, 106.884, -19.7172, 97.3723, -48.7302, 
166.159, -17.186, -33.1014, 106.881, -19.7112, 97.3711, -48.7348, 
166.158, -17.1898, -33.0828, 106.908, -19.7462, 97.3718, -48.7131, 
166.156, -17.1821, -33.0687, 106.923, -19.7634, 97.3723, -48.7038, 
166.157, -17.189, -33.027, 106.985, -19.8419, 97.3776, -48.6619, 
166.159, -17.1897, -33.0223, 106.993, -19.8493, 97.3797, -48.6615, 
166.161, -17.1834, -33.0248, 107.064, -19.905, 97.394, -48.626, 
166.158, -17.1856, -33.0218, 107.07, -19.9039, 97.395, -48.6285, 
166.158, -17.1896, -32.9902, 107.122, -19.9707, 97.396, -48.5953, 
166.158, -17.188, -32.9806, 107.136, -19.9841, 97.397, -48.59, 
166.141, -17.1797, -32.987, 107.031, -19.8766, 97.379, -48.6553, 
166.159, -17.1867, -32.9928, 107.02, -19.8704, 97.3742, -48.6601, 
166.158, -17.1895, -33.0253, 106.975, -19.8001, 97.3743, -48.7014, 
166.156, -17.1852, -33.0381, 106.94, -19.7545, 97.3715, -48.7171, 
166.158, -17.1868, -33.0148, 106.978, -19.8047, 97.3735, -48.6933, 
166.159, -17.1882, -33.0037, 106.997, -19.8249, 97.3747, -48.6859, 
166.158, -17.1893, -32.9788, 107.029, -19.8738, 97.3793, -48.6601, 
166.157, -17.1882, -32.9673, 107.048, -19.8924, 97.3786, -48.6516, 
166.157, -17.1828, -32.9374, 107.097, -19.9558, 97.3785, -48.6222, 
166.16, -17.188, -32.9299, 107.112, -19.9699, 97.3803, -48.6176, 
166.16, -17.188, -32.9008, 107.158, -20.0328, 97.3813, -48.589, 
166.159, -17.1879, -32.8889, 107.171, -20.0463, 97.384, -48.5821, 
166.149, -17.1764, -32.9548, 107.053, -19.8827, 97.3786, -48.6595, 
166.159, -17.1859, -32.9927, 106.996, -19.8137, 97.3693, -48.689, 
166.159, -17.1904, -32.9526, 107.058, -19.8953, 97.375, -48.6547, 
166.159, -17.1888, -32.949, 107.063, -19.8996, 97.3739, -48.655, 
166.158, -17.1899, -32.9059, 107.129, -19.9825, 97.3828, -48.6203, 
166.157, -17.1898, -32.9029, 107.127, -19.9771, 97.3849, -48.6224, 
166.157, -17.19, -32.8663, 107.189, -20.0542, 97.3863, -48.5881, 
166.159, -17.1881, -32.8658, 107.191, -20.055, 97.3863, -48.5888, 
166.158, -17.1901, -32.8281, 107.252, -20.1345, 97.3914, -48.5535, 
166.159, -17.1869, -32.8228, 107.257, -20.1388, 97.3939, -48.5538, 
166.158, -17.1892, -32.7864, 107.319, -20.2169, 97.3958, -48.5218, 
166.158, -17.1896, -32.7787, 107.329, -20.2252, 97.3982, -48.52, 
166.159, -17.1895, -32.7533, 107.38, -20.2912, 97.3985, -48.4932, 
166.159, -17.1904, -32.7487, 107.384, -20.2935, 97.4, -48.4923, 
166.16, -17.1885, -32.7337, 107.407, -20.3261, 97.3991, -48.4744, 
166.161, -17.1804, -32.7322, 107.409, -20.3281, 97.3973, -48.4746, 
166.158, -17.1892, -32.691, 107.476, -20.413, 97.4055, -48.4404, 
166.159, -17.187, -32.6895, 107.473, -20.4066, 97.4042, -48.4422, 
166.16, -17.1874, -32.6517, 107.535, -20.4842, 97.408, -48.4079, 
166.159, -17.1863, -32.6464, 107.543, -20.4912, 97.4089, -48.4064, 
166.158, -17.1897, -32.6079, 107.602, -20.5678, 97.414, -48.3746, 
166.159, -17.1874, -32.6031, 107.609, -20.5737, 97.4145, -48.3715, 
166.158, -17.1847, -32.5806, 107.643, -20.6219, 97.4154, -48.3504, 
166.157, -17.1882, -32.5759, 107.649, -20.6248, 97.4131, -48.3487, 
166.153, -17.1845, -32.5994, 107.596, -20.5528, 97.4122, -48.3785, 
166.159, -17.1797, -32.6215, 107.556, -20.505, 97.4058, -48.3969, 
166.159, -17.1889, -32.5852, 107.624, -20.585, 97.4118, -48.368, 
166.158, -17.1898, -32.5821, 107.63, -20.5868, 97.4122, -48.3676, 
166.158, -17.1886, -32.544, 107.694, -20.6648, 97.4161, -48.3387, 
166.158, -17.1877, -32.5424, 107.695, -20.664, 97.4145, -48.34, 
166.158, -17.1882, -32.5021, 107.713, -20.7478, 97.4204, -48.3085, 
166.156, -17.1891, -32.5026, 107.715, -20.7457, 97.4181, -48.3109, 
166.156, -17.1876, -32.5007, 107.714, -20.7445, 97.4173, -48.31, 
166.16, -17.1856, -32.49, 107.712, -20.7754, 97.4225, -48.2973, 
166.158, -17.1908, -32.4861, 107.714, -20.7786, 97.4201, -48.2964, 
166.158, -17.1853, -32.448, 107.713, -20.8574, 97.4252, -48.2658, 
166.159, -17.1855, -32.4503, 107.707, -20.8423, 97.4235, -48.2712, 
166.161, -17.1884, -32.414, 107.712, -20.9286, 97.4308, -48.239, 
166.158, -17.1906, -32.4108, 107.714, -20.9234, 97.429, -48.2406, 
166.134, -17.1623, -32.4773, 107.536, -20.7083, 97.4079, -48.3315, 
166.16, -17.1928, -32.5035, 107.477, -20.6422, 97.3979, -48.3554, 
166.158, -17.1894, -32.4662, 107.544, -20.7193, 97.4032, -48.3273, 
166.157, -17.1873, -32.4612, 107.551, -20.721, 97.4032, -48.3278, 
166.156, -17.1894, -32.4334, 107.606, -20.7874, 97.4073, -48.3039, 
166.158, -17.1889, -32.4318, 107.609, -20.7896, 97.4093, -48.3039, 
166.158, -17.1909, -32.4218, 107.635, -20.8214, 97.4073, -48.2914, 
166.159, -17.1888, -32.4116, 107.654, -20.8398, 97.4084, -48.2832, 
166.158, -17.1892, -32.3779, 107.716, -20.9175, 97.4161, -48.2574, 
166.157, -17.1874, -32.3693, 107.715, -20.9264, 97.4153, -48.2529, 
166.158, -17.1909, -32.3441, 107.716, -20.9914, 97.4202, -48.2299, 
166.16, -17.1893, -32.3346, 107.711, -21.0065, 97.4226, -48.2248, 
166.159, -17.1877, -32.3326, 107.716, -21.0488, 97.4304, -48.2067, 
166.161, -17.187, -32.332, 107.71, -21.0546, 97.4308, -48.2043, 
166.158, -17.1888, -32.3298, 107.717, -21.0969, 97.439, -48.1868, 
166.159, -17.189, -32.3307, 107.714, -21.1027, 97.441, -48.1854, 
166.158, -17.1894, -32.3219, 107.717, -21.1285, 97.4411, -48.1762, 
166.158, -17.191, -32.3218, 107.711, -21.131, 97.4409, -48.1763, 
166.158, -17.1882, -32.2968, 107.716, -21.1935, 97.4445, -48.156, 
166.16, -17.1874, -32.2925, 107.715, -21.1967, 97.4446, -48.1546, 
166.149, -17.1753, -32.3376, 107.589, -21.0437, 97.435, -48.2026, 
166.158, -17.1888, -32.3627, 107.537, -20.9871, 97.4267, -48.2203, 
166.156, -17.1903, -32.3393, 107.605, -21.0536, 97.43, -48.2022, 
166.158, -17.1891, -32.3374, 107.61, -21.0554, 97.4322, -48.2016, 
166.158, -17.1886, -32.319, 107.657, -21.1064, 97.436, -48.1869, 
166.159, -17.191, -32.313, 107.68, -21.1221, 97.4374, -48.1833, 
166.159, -17.1901, -32.3097, 107.717, -21.1526, 97.4393, -48.1739, 
166.159, -17.1874, -32.3055, 107.714, -21.1527, 97.4404, -48.1717, 
166.157, -17.1849, -32.2775, 107.717, -21.2276, 97.4451, -48.1506, 
166.16, -17.1883, -32.2746, 107.714, -21.2345, 97.4485, -48.1508, 
166.161, -17.1903, -32.2741, 107.714, -21.2872, 97.4615, -48.1348, 
166.156, -17.1843, -32.2696, 107.711, -21.282, 97.4598, -48.1334, 
166.159, -17.1891, -32.26, 107.714, -21.3406, 97.4663, -48.1215, 
166.158, -17.1891, -32.2567, 107.714, -21.3433, 97.4662, -48.1212, 
166.157, -17.1904, -32.2504, 107.716, -21.3877, 97.4757, -48.108, 
166.157, -17.1898, -32.2468, 107.715, -21.3856, 97.4758, -48.1068, 
166.16, -17.1852, -32.2455, 107.717, -21.4193, 97.4797, -48.0986, 
166.157, -17.1883, -32.24, 107.715, -21.431, 97.483, -48.0951, 
166.158, -17.1856, -32.2345, 107.717, -21.4752, 97.4889, -48.0828, 
166.157, -17.1859, -32.2341, 107.705, -21.4553, 97.4853, -48.0873, 
166.158, -17.1888, -32.2358, 107.717, -21.4939, 97.4936, -48.0802, 
166.156, -17.1883, -32.2349, 107.717, -21.5004, 97.496, -48.0777, 
166.158, -17.1908, -32.2373, 107.717, -21.5201, 97.5005, -48.0746, 
166.159, -17.1906, -32.236, 107.716, -21.5321, 97.5039, -48.0712, 
166.158, -17.1881, -32.2345, 107.716, -21.5653, 97.5093, -48.0633, 
166.158, -17.1872, -32.2344, 107.715, -21.5785, 97.5112, -48.0618, 
166.158, -17.1876, -32.2288, 107.716, -21.5945, 97.5123, -48.0595, 
166.156, -17.185, -32.2222, 107.713, -21.6074, 97.5153, -48.0539, 
166.158, -17.1894, -32.2253, 107.716, -21.6253, 97.5206, -48.051, 
166.159, -17.1896, -32.2278, 107.711, -21.626, 97.5197, -48.0525, 
166.158, -17.1893, -32.2189, 107.717, -21.6692, 97.5271, -48.0421, 
166.158, -17.1883, -32.2164, 107.714, -21.6732, 97.5271, -48.0417, 
166.157, -17.1877, -32.2141, 107.715, -21.6749, 97.5273, -48.04, 
166.159, -17.1874, -32.2139, 107.715, -21.6764, 97.5284, -48.0387, 
166.156, -17.1889, -32.2086, 107.715, -21.693, 97.5319, -48.037, 
166.158, -17.188, -32.205, 107.715, -21.7079, 97.5338, -48.0354, 
166.157, -17.1887, -32.1941, 107.717, -21.7593, 97.5382, -48.0273, 
166.159, -17.1852, -32.1966, 107.713, -21.7522, 97.537, -48.0306, 
166.158, -17.1869, -32.1928, 107.711, -21.7546, 97.5387, -48.0282, 
166.158, -17.1888, -32.1921, 107.716, -21.7545, 97.5386, -48.0287, 
166.155, -17.1876, -32.1914, 107.714, -21.7542, 97.5377, -48.028, 
166.157, -17.1908, -32.1916, 107.715, -21.7545, 97.5385, -48.0279, 
166.16, -17.1892, -32.1949, 107.716, -21.7551, 97.538, -48.0292, 
166.159, -17.1894, -32.1925, 107.717, -21.7565, 97.5381, -48.0286, 
166.159, -17.1856, -32.1949, 107.711, -21.7533, 97.5373, -48.0294, 
166.159, -17.187, -32.1936, 107.712, -21.7537, 97.5377, -48.029, 
166.158, -17.1858, -32.1915, 107.709, -21.7535, 97.5375, -48.0288, 
166.157, -17.1882, -32.1898, 107.714, -21.753, 97.5387, -48.0275, 
166.157, -17.187, -32.1928, 107.715, -21.7536, 97.5366, -48.0294, 
166.157, -17.1897, -32.1911, 107.714, -21.7548, 97.5387, -48.0276, 
166.159, -17.188, -32.193, 107.713, -21.7543, 97.5378, -48.0289, 
166.159, -17.1891, -32.1911, 107.713, -21.7543, 97.5403, -48.0283, 
166.159, -17.189, -32.1947, 107.712, -21.7551, 97.537, -48.0298, 
166.161, -17.1889, -32.1952, 107.715, -21.7555, 97.5381, -48.0289, 
166.16, -17.1889, -32.1938, 107.716, -21.7555, 97.5383, -48.0282, 
166.157, -17.1906, -32.1905, 107.714, -21.7552, 97.5386, -48.0276, 
166.158, -17.1905, -32.1921, 107.713, -21.7552, 97.5401, -48.0287, 
166.157, -17.1867, -32.1927, 107.712, -21.7552, 97.5381, -48.0282, 
166.158, -17.1889, -32.1938, 107.716, -21.7549, 97.5379, -48.0289, 
166.156, -17.1765, -32.1909, 107.707, -21.7508, 97.5374, -48.0271, 
166.16, -17.1879, -32.194, 107.714, -21.7551, 97.5382, -48.0285, 
166.158, -17.1895, -32.1925, 107.715, -21.7549, 97.5394, -48.0289, 
166.156, -17.1901, -32.1907, 107.716, -21.7553, 97.539, -48.0278, 
166.159, -17.1883, -32.1936, 107.714, -21.7548, 97.5385, -48.0288, 
166.157, -17.1911, -32.1919, 107.715, -21.7558, 97.5386, -48.0289, 
166.159, -17.1857, -32.1939, 107.713, -21.7542, 97.5374, -48.0295, 
166.158, -17.1882, -32.1922, 107.714, -21.7547, 97.54, -48.0284, 
166.158, -17.1897, -32.1935, 107.714, -21.7553, 97.5368, -48.029, 
166.158, -17.189, -32.1928, 107.715, -21.7548, 97.5379, -48.0283, 
166.158, -17.1914, -32.1923, 107.716, -21.7555, 97.5385, -48.0282, 
166.158, -17.1885, -32.1928, 107.714, -21.7546, 97.5396, -48.0292, 
166.16, -17.189, -32.194, 107.713, -21.7554, 97.5388, -48.029, 
166.16, -17.1884, -32.1944, 107.716, -21.7551, 97.5369, -48.0296, 
166.158, -17.1868, -32.1955, 107.713, -21.755, 97.5363, -48.03, 
166.158, -17.1835, -32.1924, 107.709, -21.754, 97.5377, -48.0281, 
166.156, -17.1902, -32.1908, 107.713, -21.7555, 97.5394, -48.0278, 
166.158, -17.1885, -32.1938, 107.711, -21.7546, 97.5393, -48.0298, 
166.159, -17.1876, -32.1931, 107.713, -21.7543, 97.5387, -48.0285, 
166.155, -17.1863, -32.1907, 107.715, -21.7535, 97.5378, -48.0281, 
166.159, -17.1875, -32.1959, 107.714, -21.755, 97.5367, -48.0302, 
166.159, -17.1893, -32.1943, 107.713, -21.7567, 97.5387, -48.0287, 
166.159, -17.1826, -32.194, 107.71, -21.7541, 97.5376, -48.0282, 
166.158, -17.1896, -32.1921, 107.714, -21.7556, 97.5392, -48.0282, 
166.157, -17.1869, -32.1924, 107.713, -21.7547, 97.5384, -48.0283, 
166.159, -17.1896, -32.1936, 107.715, -21.7557, 97.5391, -48.0292, 
166.156, -17.1888, -32.1911, 107.712, -21.755, 97.5387, -48.0281, 
166.157, -17.1871, -32.1924, 107.715, -21.7554, 97.5377, -48.0286, 
166.157, -17.1853, -32.1913, 107.714, -21.7553, 97.5388, -48.0271, 
166.158, -17.1849, -32.1929, 107.714, -21.7544, 97.5377, -48.0285, 
166.16, -17.1904, -32.1947, 107.716, -21.7563, 97.5381, -48.0294, 
166.159, -17.1866, -32.1932, 107.713, -21.7547, 97.5395, -48.0283, 
166.159, -17.1882, -32.1936, 107.716, -21.755, 97.5373, -48.029, 
166.157, -17.1874, -32.1924, 107.715, -21.754, 97.5377, -48.0284, 
166.157, -17.1849, -32.1925, 107.714, -21.7557, 97.5378, -48.0281, 
166.159, -17.1862, -32.1926, 107.714, -21.7548, 97.5381, -48.0276, 
166.16, -17.189, -32.1946, 107.712, -21.7558, 97.5401, -48.0295, 
166.158, -17.1874, -32.1919, 107.715, -21.7549, 97.5392, -48.0281, 
166.158, -17.1839, -32.1925, 107.714, -21.7544, 97.5372, -48.0286, 
166.16, -17.1935, -32.1947, 107.713, -21.7572, 97.5401, -48.0294, 
166.158, -17.1856, -32.1944, 107.713, -21.7562, 97.5377, -48.0294, 
166.158, -17.1856, -32.1929, 107.712, -21.7546, 97.5374, -48.0292, 
166.159, -17.1889, -32.1938, 107.714, -21.7554, 97.5381, -48.0288, 
166.159, -17.1882, -32.194, 107.716, -21.7566, 97.5383, -48.029, 
166.159, -17.1927, -32.1949, 107.718, -21.7577, 97.5392, -48.0292, 
166.158, -17.1881, -32.1946, 107.704, -21.7553, 97.5389, -48.0295, 
166.157, -17.1855, -32.1914, 107.713, -21.7555, 97.5387, -48.0274, 
166.158, -17.1863, -32.1929, 107.71, -21.7546, 97.5376, -48.0287, 
166.16, -17.1861, -32.1949, 107.711, -21.7555, 97.5377, -48.0288, 
166.156, -17.1872, -32.192, 107.712, -21.7541, 97.5379, -48.028, 
166.159, -17.1887, -32.1932, 107.715, -21.7565, 97.5402, -48.0289, 
166.161, -17.19, -32.1948, 107.713, -21.756, 97.5392, -48.0296, 
166.158, -17.1889, -32.1921, 107.715, -21.755, 97.539, -48.0281, 
166.16, -17.191, -32.1945, 107.713, -21.7568, 97.5389, -48.0286, 
166.16, -17.1897, -32.1957, 107.715, -21.7572, 97.5382, -48.0293, 
166.158, -17.1817, -32.1936, 107.709, -21.7531, 97.5381, -48.0282, 
166.16, -17.189, -32.1946, 107.716, -21.7565, 97.538, -48.0296, 
166.157, -17.1823, -32.1915, 107.71, -21.7528, 97.5374, -48.0279, 
166.159, -17.1893, -32.1928, 107.715, -21.7561, 97.539, -48.0282, 
166.158, -17.1895, -32.1929, 107.716, -21.7558, 97.5384, -48.0296, 
166.157, -17.1886, -32.1921, 107.717, -21.7555, 97.5372, -48.0284, 
166.159, -17.1836, -32.1931, 107.712, -21.7542, 97.5385, -48.0276, 
166.159, -17.1869, -32.1936, 107.711, -21.7551, 97.5385, -48.0272, 
166.157, -17.186, -32.1919, 107.713, -21.7541, 97.538, -48.0286, 
166.158, -17.1871, -32.1944, 107.716, -21.7568, 97.5384, -48.029, 
166.156, -17.1904, -32.1915, 107.716, -21.7562, 97.5393, -48.028, 
166.159, -17.1879, -32.1931, 107.716, -21.7573, 97.54, -48.0294, 
166.158, -17.1871, -32.194, 107.711, -21.7552, 97.5375, -48.0294, 
166.16, -17.1904, -32.1954, 107.716, -21.7569, 97.538, -48.0296, 
166.159, -17.1905, -32.1957, 107.716, -21.7572, 97.5381, -48.0294, 
166.158, -17.191, -32.1923, 107.714, -21.756, 97.5395, -48.0288, 
166.157, -17.1926, -32.1925, 107.712, -21.7567, 97.5387, -48.0285, 
166.159, -17.1881, -32.193, 107.715, -21.756, 97.538, -48.0283, 
166.157, -17.1884, -32.1927, 107.715, -21.7555, 97.5368, -48.0283, 
166.156, -17.1878, -32.1914, 107.712, -21.7544, 97.5386, -48.0277, 
166.157, -17.1902, -32.192, 107.715, -21.7558, 97.5381, -48.0278, 
166.158, -17.1904, -32.192, 107.717, -21.7561, 97.538, -48.0281, 
166.16, -17.1904, -32.1949, 107.716, -21.7566, 97.538, -48.0294, 
166.159, -17.1881, -32.1943, 107.713, -21.7556, 97.5383, -48.0292, 
166.158, -17.187, -32.1938, 107.714, -21.7566, 97.5385, -48.028, 
166.158, -17.1891, -32.194, 107.706, -21.7558, 97.5386, -48.0292, 
166.156, -17.1877, -32.191, 107.712, -21.7546, 97.5383, -48.028, 
166.157, -17.1892, -32.1921, 107.715, -21.7555, 97.5386, -48.0278, 
166.16, -17.1889, -32.1946, 107.712, -21.7551, 97.5396, -48.029, 
166.157, -17.1876, -32.1898, 107.711, -21.7554, 97.539, -48.027, 
166.16, -17.1896, -32.1956, 107.711, -21.756, 97.5374, -48.0293, 
166.157, -17.186, -32.1915, 107.712, -21.7542, 97.5382, -48.0281, 
166.158, -17.1923, -32.1938, 107.717, -21.7573, 97.5389, -48.0289, 
166.159, -17.1899, -32.1941, 107.714, -21.7567, 97.5384, -48.0283, 
166.158, -17.1885, -32.1954, 107.715, -21.7559, 97.5368, -48.0302, 
166.159, -17.1842, -32.1953, 107.713, -21.7544, 97.5373, -48.0294, 
166.16, -17.1884, -32.1948, 107.714, -21.7557, 97.5394, -48.0292, 
166.157, -17.1868, -32.192, 107.713, -21.7555, 97.5384, -48.0282, 
166.159, -17.1876, -32.1952, 107.714, -21.7555, 97.5371, -48.0298, 
166.16, -17.189, -32.1967, 107.706, -21.7558, 97.5374, -48.03, 
166.157, -17.1877, -32.1915, 107.712, -21.7547, 97.5388, -48.0274, 
166.155, -17.1841, -32.1894, 107.712, -21.7536, 97.5392, -48.0276, 
166.157, -17.1895, -32.1912, 107.712, -21.756, 97.5387, -48.0279, 
166.159, -17.1821, -32.196, 107.706, -21.7532, 97.5366, -48.0297, 
166.156, -17.1881, -32.1915, 107.715, -21.7552, 97.5378, -48.0281, 
166.16, -17.1883, -32.195, 107.714, -21.7558, 97.5385, -48.0289, 
166.156, -17.1883, -32.1916, 107.716, -21.7554, 97.5375, -48.0282, 
166.158, -17.1872, -32.1936, 107.714, -21.7554, 97.5378, -48.0293, 
166.158, -17.1878, -32.1943, 107.715, -21.7556, 97.5377, -48.0293, 
166.156, -17.1886, -32.1908, 107.712, -21.7551, 97.5389, -48.028, 
166.156, -17.1888, -32.191, 107.715, -21.7555, 97.5395, -48.0289, 
166.158, -17.1895, -32.1916, 107.716, -21.763, 97.5401, -48.0274, 
166.158, -17.1869, -32.1869, 107.717, -21.7732, 97.5398, -48.024, 
166.158, -17.187, -32.1857, 107.715, -21.8091, 97.5431, -48.0167, 
166.158, -17.189, -32.1852, 107.713, -21.8243, 97.5445, -48.0157, 
166.158, -17.1885, -32.1771, 107.716, -21.8697, 97.5507, -48.0081, 
166.155, -17.1884, -32.1731, 107.711, -21.8752, 97.5502, -48.006, 
166.156, -17.1858, -32.1754, 107.712, -21.888, 97.5487, -48.0022, 
166.157, -17.189, -32.1748, 107.711, -21.8914, 97.5511, -48.0024, 
166.157, -17.1871, -32.1707, 107.716, -21.9339, 97.5524, -47.9934, 
166.158, -17.1862, -32.1734, 107.716, -21.9383, 97.5506, -47.9948, 
166.157, -17.1883, -32.1722, 107.718, -21.9681, 97.5557, -47.9842, 
166.159, -17.188, -32.1741, 107.714, -21.9806, 97.5571, -47.9814, 
166.158, -17.188, -32.1732, 107.715, -22.0342, 97.5612, -47.9658, 
166.158, -17.19, -32.1725, 107.716, -22.0333, 97.5619, -47.9654, 
166.158, -17.1893, -32.1727, 107.713, -22.0837, 97.5724, -47.9497, 
166.158, -17.1883, -32.1717, 107.714, -22.084, 97.5699, -47.9488, 
166.159, -17.19, -32.1583, 107.717, -22.1349, 97.5717, -47.9347, 
166.16, -17.1878, -32.1581, 107.716, -22.137, 97.571, -47.9351, 
166.157, -17.1811, -32.1826, 107.659, -22.0632, 97.5719, -47.9586, 
166.158, -17.1888, -32.1984, 107.632, -22.0226, 97.5701, -47.9719, 
166.159, -17.1848, -32.18, 107.678, -22.072, 97.5706, -47.9532, 
166.16, -17.1885, -32.1741, 107.711, -22.0938, 97.5722, -47.9491, 
166.158, -17.1893, -32.1652, 107.71, -22.1115, 97.5753, -47.9405, 
166.159, -17.1923, -32.1631, 107.718, -22.1295, 97.573, -47.9368, 
166.159, -17.1812, -32.2083, 107.634, -22.0176, 97.5708, -47.9807, 
166.158, -17.189, -32.228, 107.595, -21.9626, 97.5685, -47.9977, 
166.159, -17.188, -32.2063, 107.643, -22.0144, 97.5687, -47.9776, 
166.157, -17.1897, -32.1982, 107.669, -22.0317, 97.5702, -47.9726, 
166.158, -17.1888, -32.1662, 107.716, -22.1088, 97.5728, -47.9432, 
166.159, -17.1855, -32.1612, 107.713, -22.1139, 97.5733, -47.9409, 
166.159, -17.1907, -32.1399, 107.716, -22.1816, 97.5784, -47.9139, 
166.158, -17.1896, -32.1369, 107.717, -22.1839, 97.5802, -47.9136, 
166.157, -17.1893, -32.1169, 107.716, -22.2355, 97.5797, -47.8915, 
166.157, -17.1894, -32.1116, 107.716, -22.2495, 97.5799, -47.8884, 
166.159, -17.1845, -32.0994, 107.717, -22.2815, 97.578, -47.8726, 
166.159, -17.1869, -32.0887, 107.713, -22.2998, 97.5816, -47.8678, 
166.158, -17.1912, -32.0538, 107.718, -22.3881, 97.5807, -47.8377, 
166.158, -17.1891, -32.0548, 107.717, -22.3876, 97.5796, -47.8384, 
166.155, -17.186, -32.0175, 107.717, -22.4643, 97.5793, -47.8053, 
166.159, -17.189, -32.0163, 107.716, -22.4721, 97.5798, -47.8046, 
166.158, -17.189, -32.0183, 107.715, -22.4716, 97.5786, -47.8049, 
166.158, -17.1851, -32.0184, 107.713, -22.4699, 97.5777, -47.8051, 
166.158, -17.1903, -32.0041, 107.717, -22.5066, 97.5786, -47.7904, 
166.16, -17.1892, -32.0005, 107.716, -22.5241, 97.5763, -47.7863, 
166.159, -17.1813, -31.9646, 107.71, -22.6014, 97.5737, -47.756, 
166.157, -17.1861, -31.9719, 107.71, -22.5846, 97.5752, -47.7638, 
166.158, -17.1872, -31.9329, 107.71, -22.6677, 97.5759, -47.7313, 
166.158, -17.1862, -31.9382, 107.714, -22.6508, 97.5762, -47.7361, 
166.146, -17.1695, -32.0177, 107.556, -22.4435, 97.586, -47.821, 
166.158, -17.1859, -32.0531, 107.51, -22.3761, 97.5847, -47.8461, 
166.16, -17.1878, -32.0155, 107.589, -22.4646, 97.5849, -47.811, 
166.157, -17.189, -32.0121, 107.601, -22.4635, 97.5866, -47.8098, 
166.157, -17.1893, -32.0117, 107.613, -22.4625, 97.5856, -47.8106, 
166.16, -17.1895, -32.0127, 107.617, -22.4657, 97.5853, -47.8103, 
166.159, -17.1924, -32.01, 107.629, -22.4662, 97.5863, -47.8084, 
166.16, -17.1921, -31.9872, 107.672, -22.5173, 97.5843, -47.785, 
166.158, -17.1842, -31.9773, 107.696, -22.534, 97.5839, -47.7779, 
166.158, -17.1907, -31.955, 107.716, -22.586, 97.585, -47.755, 
166.16, -17.1893, -31.9467, 107.714, -22.6033, 97.5846, -47.7489, 
166.16, -17.1896, -31.9064, 107.718, -22.6876, 97.5813, -47.7089, 
166.158, -17.1894, -31.9048, 107.714, -22.6858, 97.5829, -47.7092, 
166.16, -17.1909, -31.8662, 107.716, -22.7642, 97.5831, -47.67, 
166.159, -17.1878, -31.8611, 107.717, -22.7692, 97.5796, -47.6682, 
166.161, -17.1874, -31.825, 107.713, -22.8449, 97.5777, -47.6311, 
166.16, -17.1872, -31.8239, 107.713, -22.8449, 97.5755, -47.6309, 
166.158, -17.1874, -31.7828, 107.714, -22.9201, 97.5762, -47.5925, 
166.157, -17.1883, -31.7777, 107.711, -22.9192, 97.5808, -47.5927, 
166.158, -17.1892, -31.7429, 107.716, -22.9861, 97.5783, -47.5569, 
166.158, -17.1877, -31.7328, 107.712, -22.9966, 97.5803, -47.5495, 
166.157, -17.1851, -31.7929, 107.643, -22.8853, 97.5847, -47.6178, 
166.158, -17.1893, -31.824, 107.613, -22.8266, 97.5858, -47.6462, 
166.159, -17.1888, -31.786, 107.67, -22.893, 97.5827, -47.6069, 
166.158, -17.1841, -31.776, 107.694, -22.906, 97.5831, -47.6007, 
166.16, -17.1861, -31.753, 107.715, -22.9523, 97.5835, -47.5693, 
166.157, -17.1892, -31.7365, 107.716, -22.9693, 97.5856, -47.5595, 
166.159, -17.1873, -31.7194, 107.719, -23.0165, 97.5888, -47.5254, 
166.155, -17.1877, -31.7085, 107.712, -23.0296, 97.5918, -47.5159, 
166.158, -17.1891, -31.674, 107.715, -23.093, 97.5938, -47.473, 
166.159, -17.1865, -31.6627, 107.709, -23.1051, 97.5946, -47.4647, 
166.158, -17.1901, -31.6218, 107.716, -23.1755, 97.6027, -47.4155, 
166.156, -17.1883, -31.6203, 107.709, -23.1709, 97.6046, -47.4164, 
166.161, -17.1901, -31.5746, 107.716, -23.2486, 97.6037, -47.3667, 
166.157, -17.1872, -31.5681, 107.714, -23.2493, 97.6017, -47.3648, 
166.158, -17.1819, -31.6684, 107.613, -23.092, 97.6007, -47.4757, 
166.159, -17.188, -31.7088, 107.58, -23.028, 97.5968, -47.5119, 
166.157, -17.1827, -31.7991, 107.484, -22.8731, 97.5981, -47.6236, 
166.157, -17.1868, -31.8461, 107.445, -22.8057, 97.5949, -47.6669, 
166.156, -17.1905, -31.7891, 107.516, -22.8897, 97.5957, -47.6136, 
166.159, -17.1888, -31.7907, 107.524, -22.8852, 97.5979, -47.6181, 
166.159, -17.1874, -31.7874, 107.538, -22.8855, 97.5975, -47.617, 
166.158, -17.1897, -31.7763, 107.556, -22.9046, 97.596, -47.6029, 
166.159, -17.1897, -31.7638, 107.582, -22.9225, 97.5972, -47.5902, 
166.156, -17.1889, -31.7107, 107.644, -22.9943, 97.5972, -47.5414, 
166.159, -17.1861, -31.7136, 107.655, -22.9941, 97.596, -47.5429, 
166.158, -17.1907, -31.6653, 107.717, -23.0734, 97.601, -47.4907, 
166.158, -17.1889, -31.6571, 107.711, -23.0768, 97.5996, -47.4864, 
166.159, -17.1895, -31.6088, 107.717, -23.1543, 97.5969, -47.4367, 
166.156, -17.1901, -31.604, 107.716, -23.1544, 97.599, -47.436, 
166.162, -17.1872, -31.5545, 107.715, -23.2399, 97.5982, -47.3827, 
166.158, -17.1837, -31.5509, 107.715, -23.236, 97.5986, -47.3855, 
166.107, -17.1522, -31.5924, 107.516, -23.0247, 97.5815, -47.541, 
166.155, -17.1888, -31.6025, 107.458, -22.9593, 97.5749, -47.5797, 
166.16, -17.193, -31.6062, 107.475, -22.9636, 97.5754, -47.5811, 
166.159, -17.1858, -31.5941, 107.486, -22.9775, 97.5733, -47.5665, 
166.158, -17.1902, -31.58, 107.513, -22.9944, 97.5745, -47.5566, 
166.158, -17.1897, -31.5278, 107.574, -23.071, 97.5759, -47.5044, 
166.157, -17.1858, -31.5231, 107.584, -23.0714, 97.5778, -47.5032, 
166.16, -17.1902, -31.4728, 107.65, -23.1502, 97.5768, -47.4518, 
166.157, -17.1893, -31.4638, 107.665, -23.1541, 97.5789, -47.4504, 
166.156, -17.1805, -31.5584, 107.548, -22.9966, 97.5799, -47.5691, 
166.158, -17.1874, -31.5957, 107.509, -22.9369, 97.5786, -47.6058, 
166.159, -17.1887, -31.5465, 107.573, -23.0132, 97.5806, -47.5525, 
166.157, -17.1903, -31.5419, 107.587, -23.0152, 97.5821, -47.5509, 
166.157, -17.1895, -31.4894, 107.658, -23.0963, 97.5872, -47.4946, 
166.159, -17.1876, -31.4903, 107.668, -23.0956, 97.5892, -47.4982, 
166.159, -17.1847, -31.439, 107.707, -23.1687, 97.5932, -47.4476, 
166.156, -17.1872, -31.4395, 107.712, -23.1574, 97.591, -47.4542, 
166.158, -17.1881, -31.3871, 107.718, -23.2387, 97.5921, -47.3986, 
166.157, -17.1884, -31.3866, 107.714, -23.2314, 97.5906, -47.4028, 
166.158, -17.1895, -31.3846, 107.713, -23.2327, 97.5902, -47.4002, 
166.158, -17.1848, -31.3631, 107.718, -23.2644, 97.5902, -47.3742, 
166.157, -17.1916, -31.3481, 107.717, -23.2856, 97.593, -47.3632, 
166.161, -17.1885, -31.2919, 107.714, -23.3672, 97.5951, -47.308, 
166.159, -17.1871, -31.29, 107.715, -23.3664, 97.5943, -47.3076, 
166.16, -17.1893, -31.292, 107.716, -23.3677, 97.5941, -47.3077, 
166.158, -17.1876, -31.2883, 107.712, -23.3662, 97.5946, -47.3071, 
166.158, -17.1889, -31.2864, 107.717, -23.3674, 97.5982, -47.3063, 
166.162, -17.1919, -31.2667, 107.716, -23.4008, 97.5981, -47.2787, 
166.159, -17.1887, -31.2501, 107.716, -23.4164, 97.5972, -47.2668, 
166.158, -17.1861, -31.192, 107.715, -23.489, 97.5977, -47.2121, 
166.159, -17.1898, -31.1981, 107.715, -23.478, 97.5969, -47.2211, 
166.159, -17.1799, -31.1977, 107.711, -23.4742, 97.5939, -47.2229, 
166.157, -17.1876, -31.1906, 107.716, -23.4838, 97.5973, -47.2137, 
166.16, -17.1895, -31.1892, 107.716, -23.4848, 97.5984, -47.214, 
166.161, -17.1888, -31.1355, 107.716, -23.4898, 97.5977, -47.158, 
166.158, -17.1839, -31.1319, 107.713, -23.4887, 97.5936, -47.16, 
166.159, -17.1888, -31.0739, 107.714, -23.4905, 97.5938, -47.1055, 
166.157, -17.1899, -31.0758, 107.715, -23.4891, 97.5967, -47.1134, 
166.158, -17.1895, -31.0227, 107.716, -23.4871, 97.5938, -47.0634, 
166.16, -17.1856, -31.043, 107.713, -23.4698, 97.5935, -47.0865, 
166.159, -17.1904, -31.0384, 107.715, -23.4738, 97.5956, -47.0854, 
166.157, -17.1901, -31.0076, 107.719, -23.4906, 97.5932, -47.0505, 
166.158, -17.1868, -30.9872, 107.715, -23.4902, 97.5938, -47.0378, 
166.158, -17.188, -30.918, 107.713, -23.4888, 97.5906, -46.9754, 
166.159, -17.1864, -30.9277, 107.71, -23.4847, 97.5896, -46.9889, 
166.159, -17.1869, -30.9252, 107.716, -23.4855, 97.5898, -46.988, 
166.158, -17.1863, -30.8961, 107.717, -23.4909, 97.5876, -46.9539, 
166.159, -17.1882, -30.8776, 107.717, -23.4916, 97.589, -46.9397, 
166.158, -17.1815, -30.8843, 107.67, -23.4413, 97.5952, -46.9696, 
166.156, -17.1879, -30.9287, 107.641, -23.402, 97.6006, -47.0076, 
166.16, -17.1888, -30.9296, 107.657, -23.4089, 97.6009, -47.0063, 
166.157, -17.1865, -30.8763, 107.717, -23.4575, 97.6002, -46.9615, 
166.157, -17.189, -30.8885, 107.712, -23.4423, 97.6007, -46.981, 
166.159, -17.1847, -30.9389, 107.637, -23.3946, 97.6101, -47.0512, 
166.159, -17.187, -30.994, 107.595, -23.3438, 97.6169, -47.1025, 
166.158, -17.1899, -30.9897, 107.609, -23.3456, 97.6187, -47.1013, 
166.156, -17.1553, -31.134, 107.455, -23.2052, 97.6473, -47.2737, 
166.161, -17.1892, -31.1995, 107.407, -23.1585, 97.6543, -47.3306, 
166.156, -17.1907, -31.1919, 107.422, -23.1614, 97.6563, -47.3286, 
166.158, -17.188, -31.1474, 107.478, -23.2028, 97.6474, -47.2792, 
166.158, -17.1897, -31.1426, 107.494, -23.2074, 97.6498, -47.2787, 
166.159, -17.1886, -31.0711, 107.577, -23.2664, 97.6343, -47.2145, 
166.159, -17.1847, -31.0793, 107.58, -23.2599, 97.6352, -47.2278, 
166.159, -17.192, -31.0694, 107.598, -23.2674, 97.6395, -47.2204, 
166.156, -17.1894, -31.0091, 107.659, -23.3135, 97.6336, -47.1548, 
166.157, -17.19, -30.9879, 107.687, -23.3273, 97.6365, -47.141, 
166.157, -17.1894, -30.9404, 107.701, -23.3628, 97.6349, -47.1084, 
166.159, -17.1829, -30.9431, 107.705, -23.3597, 97.6344, -47.1068, 
166.157, -17.1821, -30.9319, 107.712, -23.368, 97.6338, -47.0982, 
166.159, -17.1889, -30.8743, 107.717, -23.4219, 97.6319, -47.0324, 
166.159, -17.189, -30.8581, 107.713, -23.4317, 97.6366, -47.0243, 
166.159, -17.1825, -30.7924, 107.712, -23.4803, 97.6325, -46.9668, 
166.16, -17.1875, -30.8123, 107.714, -23.464, 97.6339, -46.9917, 
166.159, -17.1884, -30.8106, 107.711, -23.4661, 97.6341, -46.9919, 
166.159, -17.1868, -30.7459, 107.714, -23.4904, 97.6273, -46.9237, 
166.16, -17.1905, -30.7472, 107.717, -23.4904, 97.629, -46.9323, 
166.158, -17.1806, -30.7431, 107.71, -23.4868, 97.6272, -46.931, 
166.156, -17.19, -30.8067, 107.657, -23.4271, 97.6361, -47.0141, 
166.156, -17.1888, -30.856, 107.623, -23.3881, 97.6353, -47.0609, 
166.158, -17.1878, -30.7839, 107.696, -23.446, 97.6381, -46.9897, 
166.158, -17.1887, -30.7881, 107.704, -23.4408, 97.6385, -47.0016, 
166.158, -17.1868, -30.7903, 107.713, -23.4406, 97.6373, -47.0058, 
166.156, -17.1866, -30.7436, 107.717, -23.4758, 97.6363, -46.9524, 
166.158, -17.1904, -30.7231, 107.717, -23.4909, 97.6369, -46.9369, 
166.157, -17.183, -30.6571, 107.709, -23.4846, 97.6369, -46.8788, 
166.159, -17.187, -30.6785, 107.711, -23.4763, 97.6384, -46.9061, 
166.159, -17.1889, -30.6779, 107.705, -23.4783, 97.6411, -46.9073, 
166.159, -17.1886, -30.6065, 107.715, -23.4908, 97.6311, -46.8325, 
166.159, -17.1873, -30.5988, 107.716, -23.4903, 97.6287, -46.8307, 
166.158, -17.188, -30.5938, 107.715, -23.4893, 97.6284, -46.8296, 
166.161, -17.1896, -30.6335, 107.691, -23.4618, 97.6305, -46.8798, 
166.159, -17.1895, -30.6349, 107.699, -23.4598, 97.6316, -46.8813, 
166.16, -17.1838, -30.5668, 107.71, -23.4874, 97.6218, -46.8113, 
166.156, -17.1903, -30.5682, 107.716, -23.4872, 97.6257, -46.8236, 
166.159, -17.1887, -30.5685, 107.718, -23.4894, 97.6241, -46.8234, 
166.157, -17.185, -30.52, 107.716, -23.4873, 97.6201, -46.7692, 
166.16, -17.1916, -30.518, 107.715, -23.4919, 97.6221, -46.7685, 
166.159, -17.1907, -30.4348, 107.716, -23.492, 97.6136, -46.6926, 
166.157, -17.1851, -30.4452, 107.717, -23.4914, 97.6143, -46.7064, 
166.159, -17.1899, -30.4435, 107.717, -23.4883, 97.6145, -46.7063, 
166.157, -17.1806, -30.5915, 107.579, -23.3638, 97.6484, -46.8694, 
166.158, -17.1903, -30.6604, 107.528, -23.3132, 97.6587, -46.9277, 
166.157, -17.1822, -30.6098, 107.585, -23.3502, 97.6525, -46.8947, 
166.156, -17.1896, -30.6321, 107.58, -23.3366, 97.6589, -46.9134, 
166.158, -17.1895, -30.6171, 107.606, -23.3524, 97.658, -46.8983, 
166.157, -17.1897, -30.5478, 107.683, -23.4143, 97.6461, -46.8311, 
166.156, -17.1847, -30.5443, 107.692, -23.4143, 97.6456, -46.8302, 
166.158, -17.1881, -30.5464, 107.706, -23.4195, 97.645, -46.8316, 
166.16, -17.1852, -30.5052, 107.707, -23.4564, 97.6357, -46.7989, 
166.159, -17.1888, -30.522, 107.709, -23.4419, 97.6411, -46.8237, 
166.158, -17.1881, -30.4776, 107.698, -23.4712, 97.6303, -46.7899, 
166.156, -17.1864, -30.505, 107.687, -23.4474, 97.6395, -46.8205, 
166.16, -17.1882, -30.5019, 107.701, -23.4524, 97.6403, -46.8198, 
166.158, -17.184, -30.4374, 107.715, -23.4877, 97.6158, -46.7564, 
166.159, -17.1841, -30.4426, 107.71, -23.4863, 97.6186, -46.7673, 
166.157, -17.1897, -30.4365, 107.716, -23.4896, 97.619, -46.7657, 
166.158, -17.1837, -30.3962, 107.716, -23.4899, 97.5991, -46.7117, 
166.158, -17.1896, -30.3771, 107.713, -23.4902, 97.5968, -46.6985, 
166.158, -17.1779, -30.3726, 107.713, -23.4838, 97.5764, -46.6419, 
166.158, -17.1878, -30.3803, 107.715, -23.4776, 97.5837, -46.6616, 
166.157, -17.1903, -30.3695, 107.717, -23.4894, 97.5823, -46.6511, 
166.159, -17.1895, -30.3725, 107.716, -23.493, 97.5432, -46.5802, 
166.157, -17.1871, -30.3665, 107.715, -23.4906, 97.5431, -46.5762, 
166.158, -17.189, -30.3688, 107.714, -23.488, 97.5455, -46.5771, 
166.158, -17.1856, -30.4183, 107.658, -23.4367, 97.5963, -46.6595, 
166.158, -17.1867, -30.4556, 107.633, -23.4075, 97.6264, -46.7036, 
166.157, -17.1849, -30.3899, 107.702, -23.4692, 97.5934, -46.6331, 
166.16, -17.1899, -30.3911, 107.711, -23.4742, 97.5932, -46.6355, 
166.16, -17.1872, -30.3822, 107.715, -23.4798, 97.5929, -46.6295, 
166.158, -17.1911, -30.3721, 107.709, -23.4872, 97.5764, -46.5981, 
166.161, -17.1895, -30.389, 107.707, -23.4746, 97.5894, -46.625, 
166.157, -17.1847, -30.3691, 107.71, -23.4861, 97.5617, -46.5679, 
166.158, -17.1902, -30.3662, 107.716, -23.4907, 97.5654, -46.5686, 
166.158, -17.1901, -30.368, 107.715, -23.4906, 97.5619, -46.5659, 
166.16, -17.1878, -30.37, 107.716, -23.4926, 97.5264, -46.5016, 
166.158, -17.1837, -30.3672, 107.712, -23.4898, 97.5259, -46.5007, 
166.159, -17.1892, -30.3819, 107.705, -23.4774, 97.4975, -46.4657, 
166.157, -17.1857, -30.3734, 107.715, -23.4859, 97.4901, -46.4558, 
166.156, -17.1888, -30.3695, 107.714, -23.491, 97.4818, -46.4446, 
166.159, -17.185, -30.3706, 107.713, -23.4885, 97.438, -46.3887, 
166.158, -17.1912, -30.3726, 107.716, -23.4831, 97.4587, -46.4129, 
166.159, -17.1916, -30.3715, 107.716, -23.4861, 97.4619, -46.4164, 
166.158, -17.1875, -30.3652, 107.716, -23.4922, 97.4009, -46.3582, 
166.159, -17.1892, -30.3703, 107.713, -23.491, 97.3927, -46.3526, 
166.157, -17.1913, -30.3661, 107.715, -23.4927, 97.3269, -46.271, 
166.159, -17.1853, -30.3712, 107.715, -23.4895, 97.3265, -46.2765, 
166.157, -17.187, -30.3684, 107.712, -23.4899, 97.3244, -46.2728, 
166.159, -17.1891, -30.3686, 107.718, -23.4917, 97.2957, -46.2356, 
166.157, -17.1889, -30.3691, 107.713, -23.4908, 97.2961, -46.2337, 
166.157, -17.1859, -30.3672, 107.712, -23.4868, 97.2322, -46.1557, 
166.158, -17.1888, -30.3706, 107.712, -23.4871, 97.2453, -46.1747, 
166.157, -17.1881, -30.3691, 107.712, -23.4903, 97.2472, -46.1735, 
166.158, -17.1922, -30.368, 107.716, -23.4935, 97.1983, -46.1273, 
166.159, -17.188, -30.37, 107.714, -23.4909, 97.1823, -46.1144, 
166.158, -17.188, -30.3784, 107.7, -23.4676, 97.1747, -46.1119, 
166.158, -17.1878, -30.3873, 107.704, -23.4477, 97.2117, -46.1487, 
166.158, -17.1929, -30.3819, 107.714, -23.4558, 97.2146, -46.1517, 
166.158, -17.1871, -30.3709, 107.715, -23.4897, 97.1424, -46.0993, 
166.157, -17.1874, -30.3678, 107.714, -23.4897, 97.1317, -46.0869, 
166.158, -17.1855, -30.3675, 107.714, -23.4903, 97.0685, -46.0159, 
166.157, -17.1896, -30.3672, 107.717, -23.4913, 97.0836, -46.0305, 
166.157, -17.1875, -30.3671, 107.713, -23.4903, 97.084, -46.0283, 
166.157, -17.1898, -30.3665, 107.715, -23.4915, 97.0535, -45.9923, 
166.158, -17.1876, -30.3681, 107.71, -23.4874, 97.0346, -45.9757, 
166.157, -17.1879, -30.399, 107.667, -23.4225, 97.112, -46.0503, 
166.158, -17.185, -30.4141, 107.658, -23.3913, 97.1733, -46.1066, 
166.159, -17.188, -30.4071, 107.676, -23.3988, 97.1768, -46.1062, 
166.158, -17.1867, -30.3747, 107.713, -23.4669, 97.103, -46.0489, 
166.158, -17.1878, -30.3718, 107.717, -23.4673, 97.1154, -46.0599, 
166.157, -17.1881, -30.3686, 107.716, -23.4772, 97.1172, -46.0574, 
166.158, -17.188, -30.369, 107.714, -23.4922, 97.0696, -46.0217, 
166.16, -17.1878, -30.3705, 107.713, -23.4913, 97.0564, -46.0127, 
166.157, -17.1867, -30.368, 107.707, -23.4744, 97.0137, -45.9845, 
166.158, -17.189, -30.3752, 107.714, -23.4581, 97.0515, -46.0137, 
166.159, -17.1854, -30.3715, 107.714, -23.4629, 97.0597, -46.0202, 
166.158, -17.1864, -30.3878, 107.667, -23.379, 97.1741, -46.1299, 
166.158, -17.1858, -30.3928, 107.661, -23.3459, 97.2224, -46.1752, 
166.158, -17.1871, -30.382, 107.695, -23.3814, 97.1964, -46.1572, 
166.158, -17.1841, -30.3926, 107.686, -23.3548, 97.2306, -46.1852, 
166.16, -17.188, -30.3815, 107.708, -23.3718, 97.2222, -46.1749, 
166.156, -17.1873, -30.3658, 107.711, -23.4349, 97.1608, -46.1227, 
166.158, -17.1867, -30.3684, 107.715, -23.4392, 97.1662, -46.1281, 
166.157, -17.1888, -30.3656, 107.716, -23.4887, 97.1005, -46.0644, 
166.161, -17.1882, -30.3723, 107.714, -23.4855, 97.118, -46.0816, 
166.158, -17.1858, -30.3703, 107.714, -23.4917, 97.1161, -46.0777, 
166.158, -17.1897, -30.3679, 107.716, -23.4915, 97.0502, -46.0171, 
166.158, -17.1881, -30.3697, 107.711, -23.4867, 97.0476, -46.0135, 
166.155, -17.1889, -30.3699, 107.705, -23.4757, 97.0094, -45.9749, 
166.158, -17.1869, -30.3762, 107.71, -23.4657, 97.0356, -46.0032, 
166.157, -17.1869, -30.3694, 107.716, -23.4789, 97.0286, -45.9945, 
166.158, -17.1927, -30.3671, 107.714, -23.4923, 96.9724, -45.9332, 
166.157, -17.1886, -30.371, 107.712, -23.4912, 96.9622, -45.9258, 
166.156, -17.1889, -30.3749, 107.706, -23.4786, 96.9267, -45.8903, 
166.158, -17.1898, -30.3831, 107.71, -23.4639, 96.9594, -45.9237, 
166.159, -17.1845, -30.3755, 107.713, -23.4731, 96.9547, -45.9195, 
166.159, -17.184, -30.4273, 107.674, -23.3937, 97.061, -46.039, 
166.158, -17.1855, -30.4509, 107.674, -23.3639, 97.1062, -46.0872, 
166.159, -17.1832, -30.4078, 107.696, -23.4164, 97.0515, -46.0204, 
166.16, -17.1887, -30.3993, 107.717, -23.4343, 97.0442, -46.0122, 
166.158, -17.1904, -30.3829, 107.716, -23.4574, 97.0304, -45.9987, 
166.16, -17.1788, -30.4894, 107.604, -23.2906, 97.2176, -46.234, 
166.156, -17.191, -30.5181, 107.582, -23.2399, 97.2787, -46.3035, 
166.159, -17.1903, -30.5171, 107.596, -23.2487, 97.2769, -46.3058, 
166.158, -17.1876, -30.5684, 107.558, -23.1761, 97.3483, -46.4188, 
166.16, -17.1884, -30.5691, 107.572, -23.1795, 97.3518, -46.4253, 
166.158, -17.1516, -30.7096, 107.376, -22.8374, 97.6995, -46.7833, 
166.156, -17.1892, -30.7332, 107.355, -22.7777, 97.7659, -46.8415, 
166.157, -17.1851, -30.7203, 107.373, -22.7988, 97.754, -46.8273, 
166.158, -17.1891, -30.7202, 107.377, -22.8014, 97.7557, -46.8277, 
166.158, -17.1888, -30.7227, 107.378, -22.8016, 97.7548, -46.8297, 
166.158, -17.1881, -30.7162, 107.392, -22.8116, 97.7512, -46.8258, 
166.158, -17.1872, -30.6827, 107.427, -22.8558, 97.7235, -46.7958, 
166.158, -17.1898, -30.6774, 107.44, -22.861, 97.7251, -46.7959, 
166.158, -17.1878, -30.6676, 107.453, -22.8692, 97.728, -46.8095, 
166.158, -17.1897, -30.6898, 107.445, -22.8369, 97.7561, -46.852, 
166.158, -17.1896, -30.6865, 107.452, -22.8403, 97.7589, -46.8583, 
166.158, -17.1885, -30.7432, 107.39, -22.765, 97.8359, -46.9747, 
166.157, -17.1883, -30.7723, 107.367, -22.7324, 97.8704, -47.0267, 
166.16, -17.1861, -30.7406, 107.395, -22.7636, 97.8542, -47.0031, 
166.161, -17.1876, -30.7632, 107.388, -22.7463, 97.8749, -47.0423, 
166.157, -17.1868, -30.755, 107.398, -22.7521, 97.8742, -47.0416, 
166.156, -17.1892, -30.8252, 107.365, -22.6891, 97.914, -47.1582, 
166.158, -17.1884, -30.8631, 107.357, -22.6653, 97.929, -47.2066, 
166.156, -17.1874, -30.9296, 107.315, -22.59, 97.9665, -47.3233, 
166.157, -17.19, -30.9754, 107.291, -22.5517, 97.9807, -47.3754, 
166.159, -17.1883, -30.9609, 107.307, -22.5662, 97.9761, -47.3628, 
166.159, -17.1858, -30.8956, 107.369, -22.6271, 97.9476, -47.2883, 
166.159, -17.1875, -30.8869, 107.38, -22.6355, 97.9471, -47.2873, 
166.158, -17.1897, -30.8793, 107.39, -22.6426, 97.948, -47.2857, 
166.159, -17.1882, -30.853, 107.419, -22.675, 97.9348, -47.2488, 
166.158, -17.1897, -30.8331, 107.445, -22.6993, 97.9278, -47.2331, 
166.159, -17.1821, -31.1172, 107.184, -22.4101, 98.0487, -47.5786, 
166.156, -17.1895, -31.1837, 107.124, -22.3435, 98.0739, -47.6503, 
166.159, -17.1882, -31.1876, 107.127, -22.3454, 98.0733, -47.6598, 
166.158, -17.1873, -31.1616, 107.151, -22.3673, 98.0739, -47.6565, 
166.157, -17.1866, -31.1942, 107.131, -22.3379, 98.0722, -47.6918, 
166.159, -17.187, -31.1914, 107.139, -22.3446, 98.0705, -47.6939, 
166.159, -17.1893, -31.2261, 107.116, -22.3089, 98.0665, -47.7401, 
166.158, -17.1896, -31.225, 107.121, -22.3112, 98.0654, -47.7416, 
166.159, -17.188, -31.1538, 107.193, -22.3748, 98.059, -47.6851, 
166.16, -17.1885, -31.1748, 107.177, -22.3581, 98.0599, -47.7121, 
166.158, -17.1907, -31.1695, 107.186, -22.3649, 98.0602, -47.7116, 
166.158, -17.1904, -31.2708, 107.114, -22.2747, 98.0504, -47.8274, 
166.155, -17.1892, -31.3241, 107.077, -22.2328, 98.0437, -47.8777, 
166.158, -17.1863, -31.6356, 106.812, -21.9595, 98.0567, -48.2344, 
166.158, -17.1898, -31.7238, 106.745, -21.8925, 98.0562, -48.3198, 
166.158, -17.1891, -31.7329, 106.741, -21.8875, 98.0546, -48.3348, 
166.16, -17.1829, -31.9368, 106.582, -21.711, 98.0078, -48.5543, 
166.157, -17.1897, -31.9461, 106.579, -21.7085, 98.0048, -48.5592, 
166.159, -17.1881, -31.9455, 106.586, -21.7163, 98.005, -48.56, 
166.159, -17.189, -31.8823, 106.646, -21.7733, 98.0148, -48.4939, 
166.16, -17.1882, -31.8757, 106.655, -21.7812, 98.0148, -48.4923, 
166.158, -17.1898, -31.7905, 106.727, -21.8448, 98.0309, -48.417, 
166.159, -17.1893, -31.8037, 106.724, -21.8425, 98.0288, -48.4345, 
166.159, -17.1896, -31.7978, 106.731, -21.8489, 98.0295, -48.432, 
166.157, -17.1898, -31.7263, 106.791, -21.8986, 98.0473, -48.3713, 
166.156, -17.1905, -31.7186, 106.804, -21.907, 98.0466, -48.373, 
166.16, -17.1825, -31.9061, 106.646, -21.7644, 97.9939, -48.554, 
166.158, -17.1902, -31.9771, 106.591, -21.7199, 97.9737, -48.6087, 
166.159, -17.1863, -31.9745, 106.598, -21.7256, 97.9716, -48.6104, 
166.157, -17.1891, -31.9251, 106.639, -21.768, 97.9917, -48.5667, 
166.159, -17.1895, -31.9046, 106.664, -21.7888, 97.997, -48.557, 
166.158, -17.1873, -31.8482, 106.706, -21.8284, 98.0172, -48.5288, 
166.157, -17.1872, -31.8479, 106.708, -21.8299, 98.0163, -48.5299, 
166.159, -17.1879, -31.8451, 106.715, -21.8359, 98.0152, -48.5306, 
166.159, -17.183, -31.9074, 106.665, -21.7876, 97.9948, -48.5861, 
166.157, -17.1875, -31.942, 106.64, -21.7649, 97.9831, -48.6137, 
166.158, -17.189, -31.8651, 106.709, -21.8314, 98.017, -48.5609, 
166.159, -17.1879, -31.8658, 106.717, -21.836, 98.0125, -48.5635, 
166.157, -17.1873, -31.8586, 106.724, -21.8414, 98.013, -48.5611, 
166.158, -17.1891, -31.8085, 106.766, -21.8844, 98.0331, -48.5199, 
166.157, -17.1899, -31.7992, 106.776, -21.8914, 98.0347, -48.5166, 
166.158, -17.1894, -31.7212, 106.84, -21.9518, 98.0602, -48.4603, 
166.158, -17.1902, -31.726, 106.839, -21.948, 98.0569, -48.471, 
166.156, -17.1885, -31.7213, 106.843, -21.9506, 98.0567, -48.47, 
166.158, -17.1846, -31.6703, 106.885, -21.9937, 98.0809, -48.4301, 
166.158, -17.1873, -31.6635, 106.895, -22.0015, 98.0832, -48.4292, 
166.157, -17.1834, -31.9174, 106.706, -21.8084, 97.9618, -48.6534, 
166.158, -17.1858, -31.9903, 106.65, -21.7598, 97.9294, -48.7029, 
166.159, -17.1914, -31.9785, 106.665, -21.7732, 97.9348, -48.6944, 
166.158, -17.1893, -31.9177, 106.715, -21.8249, 97.9613, -48.6445, 
166.157, -17.1909, -31.8965, 106.736, -21.841, 97.9684, -48.6353, 
166.159, -17.1839, -31.8281, 106.792, -21.8961, 97.9929, -48.5877, 
166.156, -17.1905, -31.8256, 106.794, -21.8959, 97.992, -48.59, 
166.158, -17.1877, -31.8337, 106.793, -21.8937, 97.9866, -48.5981, 
166.159, -17.187, -31.7577, 106.849, -21.9511, 98.0239, -48.5438, 
166.157, -17.1859, -31.7491, 106.856, -21.9546, 98.0249, -48.542, 
166.158, -17.1863, -31.8128, 106.818, -21.9125, 97.9926, -48.6144, 
166.157, -17.1883, -31.8617, 106.781, -21.8861, 97.9739, -48.6437, 
166.158, -17.1875, -31.8455, 106.799, -21.9005, 97.979, -48.6311, 
166.159, -17.1904, -31.7778, 106.854, -21.9532, 98.02, -48.5839, 
166.157, -17.1885, -31.7782, 106.854, -21.9501, 98.0148, -48.5904, 
166.159, -17.1812, -32.1067, 106.599, -21.7289, 97.8729, -48.8875, 
166.16, -17.1895, -32.1859, 106.538, -21.6828, 97.8424, -48.9418, 
166.156, -17.1889, -32.1737, 106.549, -21.6911, 97.8462, -48.9349, 
166.159, -17.1889, -32.1028, 106.609, -21.7507, 97.883, -48.8777, 
166.158, -17.189, -32.0964, 106.618, -21.7552, 97.8847, -48.8808, 
166.158, -17.1868, -32.0942, 106.621, -21.7584, 97.8848, -48.8787, 
166.16, -17.1894, -32.064, 106.646, -21.7858, 97.9029, -48.8486, 
166.157, -17.1888, -32.0532, 106.654, -21.7899, 97.9051, -48.8447, 
166.159, -17.1862, -32.0051, 106.695, -21.8234, 97.9269, -48.8205, 
166.157, -17.1881, -32.0244, 106.682, -21.8115, 97.9173, -48.8323, 
166.159, -17.1888, -32.0076, 106.699, -21.8254, 97.9258, -48.8194, 
166.159, -17.1833, -31.9322, 106.752, -21.8748, 97.9605, -48.7581, 
166.158, -17.1905, -31.9271, 106.761, -21.8815, 97.9623, -48.7584, 
166.158, -17.1856, -31.9251, 106.763, -21.8826, 97.9615, -48.759, 
166.158, -17.1859, -31.9621, 106.737, -21.8572, 97.9408, -48.7938, 
166.16, -17.1888, -31.9645, 106.737, -21.8593, 97.9404, -48.7941, 
166.158, -17.1884, -31.9747, 106.736, -21.8479, 97.9273, -48.8203, 
166.159, -17.1887, -32.0231, 106.702, -21.8191, 97.8987, -48.8514, 
166.158, -17.1861, -32.0172, 106.705, -21.8215, 97.9006, -48.8491, 
166.158, -17.1885, -31.9736, 106.736, -21.8511, 97.928, -48.8108, 
166.159, -17.1883, -31.9692, 106.745, -21.8578, 97.93, -48.8108, 
166.159, -17.1807, -32.2186, 106.573, -21.6883, 97.773, -49.021, 
166.157, -17.1867, -32.2854, 106.522, -21.6437, 97.7336, -49.0667, 
166.157, -17.1885, -32.2861, 106.528, -21.6491, 97.7343, -49.0675, 
166.156, -17.1905, -32.237, 106.567, -21.681, 97.7619, -49.0236, 
166.157, -17.1905, -32.2289, 106.574, -21.6856, 97.7671, -49.0229, 
166.158, -17.1888, -32.1547, 106.633, -21.7394, 97.8118, -48.97, 
166.159, -17.1887, -32.1606, 106.633, -21.7357, 97.8064, -48.9777, 
166.16, -17.1892, -32.1162, 106.67, -21.7682, 97.8338, -48.9553, 
166.156, -17.1895, -32.1392, 106.652, -21.7481, 97.8143, -48.9747, 
166.158, -17.1861, -32.1325, 106.66, -21.7549, 97.8176, -48.9692, 
166.158, -17.1883, -32.0668, 106.709, -21.799, 97.8537, -48.9225, 
166.16, -17.1933, -32.0646, 106.719, -21.8051, 97.8561, -48.9256, 
166.161, -17.1889, -32.0437, 106.736, -21.815, 97.8614, -48.925, 
166.159, -17.1867, -32.0824, 106.709, -21.7917, 97.8407, -48.9522, 
166.158, -17.187, -32.0697, 106.718, -21.7991, 97.8471, -48.9444, 
166.159, -17.1877, -32.0077, 106.77, -21.8419, 97.878, -48.8937, 
166.157, -17.1857, -31.9992, 106.775, -21.8445, 97.8802, -48.8916, 
166.16, -17.1842, -31.9367, 106.821, -21.8886, 97.9215, -48.8445, 
166.158, -17.1895, -31.9259, 106.832, -21.8936, 97.9241, -48.846, 
166.158, -17.1829, -31.8417, 106.895, -21.9485, 97.9698, -48.7942, 
166.158, -17.1887, -31.8478, 106.891, -21.9431, 97.9657, -48.8009, 
166.159, -17.1841, -31.8455, 106.891, -21.9434, 97.9656, -48.8011, 
166.159, -17.1818, -31.9525, 106.814, -21.8626, 97.8929, -48.8972, 
166.156, -17.1884, -32.0088, 106.77, -21.8224, 97.8572, -48.9371, 
166.16, -17.1842, -32.2578, 106.584, -21.6475, 97.732, -49.1465, 
166.155, -17.1908, -32.3345, 106.523, -21.5961, 97.6927, -49.1978, 
166.161, -17.1898, -32.3346, 106.526, -21.5993, 97.6953, -49.1984, 
166.159, -17.187, -32.2839, 106.566, -21.634, 97.7201, -49.1534, 
166.158, -17.1907, -32.2603, 106.591, -21.6511, 97.7319, -49.1419, 
166.162, -17.1835, -32.2177, 106.625, -21.6783, 97.7572, -49.1192, 
166.158, -17.1891, -32.2446, 106.606, -21.6588, 97.7395, -49.143, 
166.156, -17.1861, -32.2418, 106.606, -21.6585, 97.7386, -49.143, 
166.159, -17.1889, -32.1902, 106.643, -21.6963, 97.7749, -49.1006, 
166.159, -17.1922, -32.1746, 106.66, -21.71, 97.785, -49.0949, 
166.158, -17.1892, -32.0952, 106.723, -21.7638, 97.8223, -49.039, 
166.157, -17.1891, -32.1011, 106.718, -21.7564, 97.8174, -49.0488, 
