-0.0971017, 1.08249, 2.4121, 
-0.0648601, 1.22093, 2.42908, 
-0.0419441, 1.34042, 2.40991, 
-0.0349825, 1.38448, 2.39837, 
-0.027424, 1.40725, 2.39474, 
-0.0212512, 1.43616, 2.38354, 
-0.014184, 1.45914, 2.37926, 
-0.00943786, 1.47811, 2.36863, 
-0.0193695, 1.45454, 2.34713, 
-0.027647, 1.43682, 2.34342, 
-0.0296815, 1.43724, 2.34425, 
-0.0239382, 1.45671, 2.3397, 
-0.0173752, 1.4826, 2.33763, 
-0.0163456, 1.48694, 2.33412, 
-0.0159206, 1.49017, 2.33203, 
-0.0100413, 1.51231, 2.32694, 
-0.00690819, 1.524, 2.32358, 
-0.0011864, 1.54584, 2.31858, 
0.002245, 1.55852, 2.31419, 
0.00772576, 1.57981, 2.30891, 
0.00103242, 1.58016, 2.30722, 
-0.0218526, 1.55718, 2.30365, 
-0.0304086, 1.53941, 2.30272, 
-0.0297904, 1.52207, 2.30596, 
-0.0322159, 1.48352, 2.30824, 
-0.0341911, 1.45278, 2.30917, 
-0.0352371, 1.43849, 2.31004, 
-0.035331, 1.43881, 2.31088, 
-0.0346565, 1.44273, 2.31009, 
-0.0303209, 1.46646, 2.30772, 
-0.0263498, 1.48257, 2.30399, 
-0.0220311, 1.50645, 2.30184, 
-0.019388, 1.52628, 2.2988, 
-0.0155437, 1.5488, 2.29584, 
-0.0117534, 1.57029, 2.29229, 
-0.0104699, 1.58228, 2.2894, 
-0.00682999, 1.60001, 2.2864, 
-0.00328205, 1.60003, 2.28244, 
-0.00338603, 1.6, 2.28136, 
-0.000153749, 1.60004, 2.27746, 
0.0041558, 1.6, 2.26964, 
0.00758293, 1.6, 2.26583, 
0.0108631, 1.60001, 2.2622, 
0.0111529, 1.60001, 2.26043, 
0.014215, 1.6, 2.25687, 
0.0162235, 1.60001, 2.253, 
0.019387, 1.60003, 2.25015, 
0.0222988, 1.60003, 2.24789, 
0.0230756, 1.6, 2.24583, 
0.0259614, 1.60001, 2.24297, 
0.0314618, 1.60003, 2.24026, 
0.0345045, 1.60009, 2.23743, 
0.037289, 1.60001, 2.23465, 
0.0402048, 1.60001, 2.23407, 
0.0431108, 1.6, 2.23138, 
0.0434474, 1.6, 2.23076, 
0.0435453, 1.60003, 2.23025, 
0.0460943, 1.60002, 2.22785, 
0.0482623, 1.60001, 2.22658, 
0.0509088, 1.6, 2.22406, 
0.0531146, 1.6, 2.22122, 
0.0555165, 1.6, 2.21822, 
0.0577209, 1.6, 2.21595, 
0.06285, 1.6, 2.21382, 
0.0652708, 1.60002, 2.21141, 
0.0655546, 1.6, 2.21078, 
0.0653388, 1.60001, 2.21039, 
0.0672736, 1.60003, 2.20831, 
0.071039, 1.6, 2.2064, 
0.0732558, 1.6, 2.20402, 
0.0734129, 1.6, 2.20336, 
0.0734243, 1.6, 2.2031, 
0.0752291, 1.6, 2.2009, 
0.0784291, 1.60001, 2.19797, 
0.0802791, 1.60002, 2.19553, 
0.081957, 1.60001, 2.19319, 
0.0837019, 1.6, 2.1907, 
0.0858696, 1.60001, 2.18859, 
0.0753152, 1.59573, 2.18837, 
0.0639501, 1.57621, 2.18956, 
0.0532279, 1.54906, 2.19813, 
0.0352178, 1.50047, 2.21063, 
0.0182863, 1.45376, 2.22047, 
0.00918305, 1.4287, 2.2266, 
0.00616907, 1.42086, 2.22904, 
0.00655849, 1.42845, 2.22732, 
0.00784194, 1.45386, 2.22775, 
0.00642839, 1.47493, 2.22511, 
0.0075772, 1.499, 2.22512, 
0.00175714, 1.51577, 2.22444, 
-0.0196291, 1.49164, 2.22757, 
-0.0495151, 1.45153, 2.22814, 
-0.0668268, 1.42809, 2.22886, 
-0.0710692, 1.42288, 2.22964, 
-0.0705939, 1.42468, 2.23046, 
-0.0695513, 1.44737, 2.22964, 
-0.0667796, 1.46628, 2.22673, 
-0.0655041, 1.49059, 2.22662, 
-0.0630534, 1.50508, 2.22391, 
-0.0618511, 1.52839, 2.22306, 
-0.0584518, 1.54342, 2.22005, 
-0.0573756, 1.56462, 2.21828, 
-0.0564908, 1.58486, 2.21608, 
-0.0573079, 1.59123, 2.21553, 
-0.056712, 1.6, 2.2133, 
-0.0557074, 1.60003, 2.21016, 
-0.0548196, 1.60003, 2.20737, 
-0.0540514, 1.60001, 2.20464, 
-0.0547158, 1.6, 2.20315, 
-0.0540675, 1.6, 2.20038, 
-0.0504823, 1.6, 2.19807, 
-0.0495615, 1.6, 2.19529, 
-0.0488065, 1.60002, 2.19264, 
-0.0487537, 1.6, 2.19109, 
-0.0480489, 1.6, 2.1884, 
-0.0494662, 1.6, 2.18622, 
-0.0487211, 1.60001, 2.18358, 
-0.0480238, 1.60001, 2.181, 
-0.0497607, 1.6, 2.17935, 
-0.0493337, 1.6, 2.17675, 
-0.0490463, 1.6, 2.17621, 
-0.0490082, 1.6, 2.17612, 
-0.0466746, 1.60003, 2.17423, 
-0.0459105, 1.6, 2.17161, 
-0.0453275, 1.6, 2.16921, 
-0.045369, 1.60002, 2.16826, 
-0.0448519, 1.60002, 2.16581, 
-0.0425566, 1.6, 2.16381, 
-0.0418708, 1.6, 2.16132, 
-0.0390879, 1.6, 2.15876, 
-0.0385438, 1.6, 2.15636, 
-0.0376742, 1.6, 2.15431, 
-0.035788, 1.59604, 2.16011, 
-0.0321783, 1.56234, 2.1711, 
-0.0272272, 1.50647, 2.1846, 
-0.0232679, 1.45917, 2.19498, 
-0.0209168, 1.43183, 2.20196, 
-0.0197859, 1.41858, 2.20567, 
-0.0198052, 1.41872, 2.20621, 
-0.0196622, 1.42172, 2.20533, 
-0.0191652, 1.43955, 2.20536, 
-0.0207261, 1.4553, 2.20343, 
-0.0204973, 1.47168, 2.20339, 
-0.0200997, 1.48668, 2.20242, 
-0.020152, 1.49379, 2.20121, 
-0.0197925, 1.50819, 2.20004, 
-0.0208201, 1.51598, 2.19845, 
-0.0205502, 1.52925, 2.19697, 
-0.0203908, 1.5333, 2.1966, 
-0.0203764, 1.53379, 2.19624, 
-0.020385, 1.53345, 2.19612, 
-0.0192901, 1.53789, 2.19382, 
-0.0188677, 1.54924, 2.19207, 
-0.0188991, 1.55253, 2.19165, 
-0.0188891, 1.55293, 2.19134, 
-0.018903, 1.55263, 2.19129, 
-0.0179607, 1.55446, 2.18909, 
-0.0176362, 1.56374, 2.18697, 
-0.0173826, 1.57299, 2.18493, 
-0.0174056, 1.57595, 2.18424, 
-0.0171456, 1.58438, 2.18188, 
-0.0256155, 1.58616, 2.18144, 
-0.0260184, 1.59381, 2.17886, 
-0.0256784, 1.6, 2.17686, 
-0.0224651, 1.59996, 2.17559, 
-0.0218546, 1.6, 2.1731, 
-0.0221601, 1.59983, 2.17015, 
-0.0517006, 1.58146, 2.17155, 
-0.0736179, 1.55705, 2.16997, 
-0.0702347, 1.54426, 2.17008, 
-0.0699595, 1.5089, 2.16981, 
-0.0698648, 1.45895, 2.16749, 
-0.0698242, 1.42467, 2.1658, 
-0.0698072, 1.41077, 2.16584, 
-0.0698012, 1.41103, 2.16638, 
-0.069636, 1.41903, 2.16639, 
-0.0696028, 1.42175, 2.16654, 
-0.0696074, 1.42206, 2.16634, 
-0.0663201, 1.42719, 2.1644, 
-0.0657377, 1.43499, 2.16459, 
-0.0597904, 1.43945, 2.16207, 
-0.0409678, 1.42565, 2.15319, 
-0.0263631, 1.41304, 2.14937, 
-0.0207276, 1.41, 2.14909, 
-0.0235215, 1.41669, 2.15078, 
-0.023523, 1.42463, 2.15205, 
-0.0233266, 1.42573, 2.15103, 
-0.0230248, 1.42976, 2.15021, 
-0.0227833, 1.43701, 2.15045, 
-0.021521, 1.44242, 2.15096, 
-0.0212659, 1.44828, 2.15059, 
-0.0235573, 1.4478, 2.15269, 
-0.0316821, 1.42235, 2.15856, 
-0.0366561, 1.40487, 2.16072, 
-0.0369026, 1.40433, 2.16136, 
-0.0342522, 1.41113, 2.16008, 
-0.0339199, 1.41838, 2.16049, 
-0.0349967, 1.4245, 2.15864, 
-0.0350161, 1.43076, 2.15851, 
-0.0389424, 1.43485, 2.15638, 
-0.0523557, 1.42413, 2.14933, 
-0.0647128, 1.41316, 2.14395, 
-0.0682145, 1.41132, 2.14381, 
-0.067154, 1.41327, 2.14338, 
-0.0668786, 1.42024, 2.14369, 
-0.0627839, 1.4272, 2.14221, 
-0.0623487, 1.43398, 2.14241, 
-0.0591373, 1.43392, 2.14127, 
-0.0505839, 1.40928, 2.13684, 
-0.0454132, 1.39323, 2.13344, 
-0.0451574, 1.39252, 2.13352, 
-0.0452627, 1.39323, 2.1339, 
-0.0452871, 1.39337, 2.13392, 
-0.0431566, 1.39969, 2.13297, 
-0.0426906, 1.40764, 2.13383, 
-0.0429067, 1.40907, 2.13339, 
-0.0429283, 1.40947, 2.13318, 
-0.04282, 1.41591, 2.13321, 
-0.043175, 1.42532, 2.1306, 
-0.0430855, 1.43191, 2.1305, 
-0.0404484, 1.4387, 2.12892, 
-0.0401516, 1.44526, 2.12878, 
-0.0403289, 1.44719, 2.12868, 
-0.0399316, 1.44943, 2.12802, 
-0.0397785, 1.45594, 2.12779, 
-0.0441598, 1.45929, 2.1253, 
-0.0444216, 1.46412, 2.12373, 
-0.0443486, 1.47026, 2.12327, 
-0.0425045, 1.47401, 2.121, 
-0.0422714, 1.47967, 2.12021, 
-0.0422276, 1.48564, 2.11958, 
-0.0422593, 1.48881, 2.11881, 
-0.0422489, 1.49454, 2.11796, 
-0.0422167, 1.49653, 2.11784, 
-0.0422611, 1.49727, 2.11752, 
-0.0422462, 1.50288, 2.11655, 
-0.0425996, 1.50543, 2.115, 
-0.0425789, 1.51062, 2.11377, 
-0.0425299, 1.51284, 2.11379, 
-0.0424576, 1.51342, 2.11359, 
-0.0424121, 1.51878, 2.11244, 
-0.0430578, 1.52034, 2.11145, 
-0.0430861, 1.52537, 2.11009, 
-0.0430282, 1.52754, 2.11006, 
-0.0430207, 1.52805, 2.10993, 
-0.0430211, 1.52817, 2.10987, 
-0.042148, 1.52755, 2.10904, 
-0.0420539, 1.53238, 2.10758, 
-0.0420255, 1.5378, 2.10641, 
-0.0418515, 1.53939, 2.10597, 
-0.0417981, 1.54444, 2.10456, 
-0.0408813, 1.54504, 2.10427, 
-0.0407716, 1.54969, 2.10263, 
-0.0407446, 1.55493, 2.10129, 
-0.0402441, 1.55604, 2.10059, 
-0.0401639, 1.56078, 2.09894, 
-0.0402008, 1.56277, 2.09877, 
-0.0401558, 1.56312, 2.0985, 
-0.0401319, 1.5679, 2.09684, 
-0.0395606, 1.56666, 2.09648, 
-0.0395081, 1.57077, 2.09455, 
-0.039517, 1.57309, 2.09455, 
-0.0395222, 1.57365, 2.09443, 
-0.0395247, 1.57378, 2.09437, 
-0.0393486, 1.57196, 2.09383, 
-0.0393349, 1.57619, 2.09192, 
-0.0393214, 1.57839, 2.09185, 
-0.0393219, 1.57892, 2.09172, 
-0.0393234, 1.57904, 2.09166, 
-0.0384106, 1.57794, 2.09152, 
-0.0383115, 1.58234, 2.08965, 
-0.0376274, 1.57828, 2.08927, 
-0.0357681, 1.55327, 2.09034, 
-0.0326313, 1.50751, 2.09268, 
-0.0291851, 1.45637, 2.09451, 
-0.027004, 1.42421, 2.09612, 
-0.0259921, 1.40801, 2.09823, 
-0.025792, 1.40614, 2.09841, 
-0.0229936, 1.41472, 2.09781, 
-0.0226261, 1.42148, 2.09825, 
-0.0253991, 1.42953, 2.09887, 
-0.0360531, 1.43137, 2.10008, 
-0.0470098, 1.43217, 2.10064, 
-0.0502284, 1.43243, 2.10088, 
-0.0486765, 1.43508, 2.10036, 
-0.0484978, 1.44218, 2.10069, 
-0.0486429, 1.44408, 2.10054, 
-0.0488259, 1.4457, 2.09966, 
-0.0488561, 1.4526, 2.09972, 
-0.0488309, 1.45451, 2.09964, 
-0.0488294, 1.45492, 2.09948, 
-0.0488295, 1.45503, 2.09943, 
-0.0491849, 1.45718, 2.09857, 
-0.0492566, 1.46406, 2.09854, 
-0.0471363, 1.46807, 2.0967, 
-0.0469313, 1.47429, 2.09638, 
-0.047101, 1.4764, 2.09631, 
-0.0475027, 1.47821, 2.09527, 
-0.0475699, 1.4845, 2.09482, 
-0.0463182, 1.48721, 2.09411, 
-0.0461776, 1.49296, 2.09347, 
-0.0461835, 1.49894, 2.09284, 
-0.0465786, 1.50127, 2.09211, 
-0.0466537, 1.50704, 2.0913, 
-0.0466511, 1.50839, 2.0899, 
-0.0466656, 1.51368, 2.08884, 
-0.0466701, 1.51944, 2.08798, 
-0.0469585, 1.52145, 2.08745, 
-0.0470145, 1.5269, 2.08636, 
-0.0453066, 1.52791, 2.08565, 
-0.0451711, 1.53294, 2.08433, 
-0.0451731, 1.5385, 2.08327, 
-0.045235, 1.5402, 2.08257, 
-0.0452526, 1.54538, 2.08125, 
-0.0430866, 1.54624, 2.08063, 
-0.0428985, 1.55106, 2.07913, 
-0.0387755, 1.54844, 2.07837, 
-0.026151, 1.5232, 2.07878, 
-0.00535839, 1.47905, 2.07883, 
0.0101984, 1.44532, 2.0785, 
0.0180935, 1.42874, 2.07903, 
0.0190984, 1.42682, 2.07935, 
0.0188705, 1.42787, 2.07992, 
0.0170922, 1.43136, 2.07892, 
0.0168616, 1.4387, 2.07942, 
0.0129285, 1.44528, 2.07712, 
0.0126284, 1.45222, 2.07729, 
0.0126379, 1.45875, 2.07724, 
0.0114965, 1.46249, 2.07652, 
0.0112986, 1.46914, 2.07637, 
0.0116595, 1.47359, 2.07413, 
0.0117466, 1.47935, 2.07362, 
0.011762, 1.4856, 2.07325, 
0.0117679, 1.48761, 2.07311, 
0.0117658, 1.48807, 2.07295, 
0.0117644, 1.48818, 2.0729, 
0.0117573, 1.48825, 2.07285, 
0.011763, 1.4941, 2.07218, 
0.0120486, 1.49691, 2.07169, 
0.0121174, 1.50274, 2.07098, 
0.0120836, 1.50484, 2.07088, 
0.0120739, 1.50533, 2.07074, 
0.00785534, 1.5049, 2.06949, 
-0.00519988, 1.47823, 2.06852, 
-0.0240724, 1.43741, 2.0651, 
-0.0351423, 1.41316, 2.06312, 
-0.0392265, 1.40488, 2.0632, 
-0.0387569, 1.40621, 2.06381, 
-0.0386446, 1.4067, 2.06399, 
-0.0386248, 1.40678, 2.06397, 
-0.0386214, 1.4068, 2.06396, 
-0.0386209, 1.4068, 2.06396, 
-0.0386211, 1.4068, 2.06396, 
-0.0386213, 1.4068, 2.06396, 
-0.0386215, 1.4068, 2.06396, 
-0.0386218, 1.4068, 2.06396, 
-0.038622, 1.4068, 2.06396, 
-0.0386222, 1.4068, 2.06396, 
-0.0386224, 1.4068, 2.06396, 
-0.0386226, 1.4068, 2.06396, 
-0.0386228, 1.4068, 2.06396, 
-0.038623, 1.4068, 2.06396, 
-0.0386232, 1.4068, 2.06396, 
-0.0386234, 1.4068, 2.06396, 
-0.0386236, 1.4068, 2.06396, 
-0.0386238, 1.4068, 2.06396, 
-0.038624, 1.4068, 2.06396, 
-0.0386241, 1.4068, 2.06396, 
-0.0386243, 1.4068, 2.06396, 
-0.0386244, 1.4068, 2.06396, 
-0.0386246, 1.4068, 2.06396, 
-0.0386247, 1.4068, 2.06396, 
-0.0386249, 1.4068, 2.06396, 
-0.038625, 1.4068, 2.06396, 
-0.0386252, 1.4068, 2.06396, 
-0.0386253, 1.4068, 2.06396, 
-0.0386254, 1.4068, 2.06396, 
-0.0386256, 1.4068, 2.06396, 
-0.0386257, 1.4068, 2.06396, 
-0.0386258, 1.4068, 2.06396, 
-0.0386259, 1.4068, 2.06396, 
-0.038626, 1.4068, 2.06396, 
-0.0386261, 1.4068, 2.06396, 
-0.0386262, 1.4068, 2.06396, 
-0.0386263, 1.4068, 2.06396, 
-0.0386264, 1.4068, 2.06396, 
-0.0386265, 1.4068, 2.06396, 
-0.0386266, 1.4068, 2.06396, 
-0.0386267, 1.4068, 2.06396, 
-0.0386268, 1.40681, 2.06396, 
-0.0386269, 1.40681, 2.06396, 
-0.038627, 1.40681, 2.06396, 
-0.0386271, 1.40681, 2.06396, 
-0.0386272, 1.40681, 2.06396, 
-0.0386272, 1.40681, 2.06396, 
-0.0386273, 1.40681, 2.06396, 
-0.0386274, 1.40681, 2.06396, 
-0.0386275, 1.40681, 2.06396, 
-0.0386275, 1.40681, 2.06396, 
-0.0386276, 1.40681, 2.06396, 
-0.0386277, 1.40681, 2.06396, 
-0.0386277, 1.40681, 2.06396, 
-0.0386278, 1.40681, 2.06396, 
-0.0386278, 1.40681, 2.06396, 
-0.0386279, 1.40681, 2.06396, 
-0.038628, 1.40681, 2.06396, 
-0.038628, 1.40681, 2.06396, 
-0.0386281, 1.40681, 2.06396, 
-0.0386281, 1.40681, 2.06396, 
-0.0386282, 1.40681, 2.06396, 
-0.0386282, 1.40681, 2.06396, 
-0.0386283, 1.40681, 2.06396, 
-0.0386283, 1.40681, 2.06396, 
-0.0386284, 1.40681, 2.06396, 
-0.0386284, 1.40681, 2.06396, 
-0.0386284, 1.40681, 2.06396, 
-0.0386285, 1.40681, 2.06396, 
-0.0386285, 1.40681, 2.06396, 
-0.0386286, 1.40681, 2.06396, 
-0.0386286, 1.40681, 2.06396, 
-0.0386286, 1.40681, 2.06396, 
-0.0386287, 1.40681, 2.06396, 
-0.0386287, 1.40681, 2.06396, 
-0.0386287, 1.40681, 2.06396, 
-0.0386288, 1.40681, 2.06396, 
-0.0386288, 1.40681, 2.06396, 
-0.0386288, 1.40681, 2.06396, 
-0.0386289, 1.40681, 2.06396, 
-0.0386289, 1.40681, 2.06396, 
-0.0386289, 1.40681, 2.06396, 
-0.0386289, 1.40681, 2.06396, 
-0.038629, 1.40681, 2.06396, 
-0.038629, 1.40681, 2.06396, 
-0.038629, 1.40681, 2.06396, 
-0.0386291, 1.40681, 2.06396, 
-0.0386291, 1.40681, 2.06396, 
-0.0386291, 1.40681, 2.06396, 
-0.0386291, 1.40681, 2.06396, 
-0.0386291, 1.40681, 2.06396, 
-0.0386292, 1.40681, 2.06396, 
-0.0386292, 1.40681, 2.06396, 
-0.0386292, 1.40681, 2.06396, 
-0.0386292, 1.40681, 2.06396, 
-0.0386292, 1.40681, 2.06396, 
-0.0386293, 1.40681, 2.06396, 
-0.0386293, 1.40681, 2.06396, 
-0.0386293, 1.40681, 2.06396, 
-0.0386293, 1.40681, 2.06396, 
-0.0386293, 1.40681, 2.06396, 
-0.0386294, 1.40681, 2.06396, 
-0.0386294, 1.40681, 2.06396, 
-0.0386294, 1.40681, 2.06396, 
-0.0386294, 1.40681, 2.06396, 
-0.0386294, 1.40681, 2.06396, 
-0.0386294, 1.40681, 2.06396, 
-0.0386294, 1.40681, 2.06396, 
-0.0386295, 1.40681, 2.06396, 
-0.0386295, 1.40681, 2.06396, 
-0.0386295, 1.40681, 2.06396, 
-0.0386295, 1.40681, 2.06396, 
-0.0386295, 1.40681, 2.06396, 
-0.0386295, 1.40681, 2.06396, 
-0.0386295, 1.40681, 2.06396, 
-0.0386295, 1.40681, 2.06396, 
-0.0386295, 1.40681, 2.06396, 
-0.0386296, 1.40681, 2.06396, 
-0.0386296, 1.40681, 2.06396, 
-0.0386296, 1.40681, 2.06396, 
-0.0386296, 1.40681, 2.06396, 
-0.0386296, 1.40681, 2.06396, 
-0.0386296, 1.40681, 2.06396, 
-0.0386296, 1.40681, 2.06396, 
-0.0386296, 1.40681, 2.06396, 
-0.0386296, 1.40681, 2.06396, 
-0.0386296, 1.40681, 2.06396, 
-0.0386296, 1.40681, 2.06396, 
-0.0386296, 1.40681, 2.06396, 
-0.0386297, 1.40681, 2.06396, 
-0.0386297, 1.40681, 2.06396, 
-0.0386297, 1.40681, 2.06396, 
-0.0386297, 1.40681, 2.06396, 
-0.0386297, 1.40681, 2.06396, 
-0.0386297, 1.40681, 2.06396, 
-0.0386297, 1.40681, 2.06396, 
-0.0386297, 1.40681, 2.06396, 
-0.0386297, 1.40681, 2.06396, 
-0.0386297, 1.40681, 2.06396, 
-0.0386297, 1.40681, 2.06396, 
-0.0386297, 1.40681, 2.06396, 
-0.0386297, 1.40681, 2.06396, 
-0.0386297, 1.40681, 2.06396, 
-0.0386297, 1.40681, 2.06396, 
-0.0386297, 1.40681, 2.06396, 
-0.0386297, 1.40681, 2.06396, 
-0.0386298, 1.40681, 2.06396, 
-0.0386298, 1.40681, 2.06396, 
-0.0386298, 1.40681, 2.06396, 
-0.0386298, 1.40681, 2.06396, 
-0.0386298, 1.40681, 2.06396, 
-0.0386298, 1.40681, 2.06396, 
-0.0386298, 1.40681, 2.06396, 
-0.0386298, 1.40681, 2.06396, 
-0.0386298, 1.40681, 2.06396, 
-0.0386298, 1.40681, 2.06396, 
-0.0386298, 1.40681, 2.06396, 
-0.0386298, 1.40681, 2.06396, 
-0.0386298, 1.40681, 2.06396, 
-0.0386298, 1.40681, 2.06396, 
-0.0386298, 1.40681, 2.06396, 
-0.0386298, 1.40681, 2.06396, 
-0.0386298, 1.40681, 2.06396, 
-0.0386298, 1.40681, 2.06396, 
-0.0386298, 1.40681, 2.06396, 
-0.0386298, 1.40681, 2.06396, 
-0.0386298, 1.40681, 2.06396, 
-0.0386298, 1.40681, 2.06396, 
-0.0386298, 1.40681, 2.06396, 
-0.0386298, 1.40681, 2.06396, 
-0.0386298, 1.40681, 2.06396, 
-0.0386298, 1.40681, 2.06396, 
-0.0386298, 1.40681, 2.06396, 
-0.0386298, 1.40681, 2.06396, 
-0.0386298, 1.40681, 2.06396, 
-0.0386298, 1.40681, 2.06396, 
-0.0386298, 1.40681, 2.06396, 
-0.0386298, 1.40681, 2.06396, 
-0.0379025, 1.40741, 2.064, 
-0.0378825, 1.41429, 2.06443, 
-0.0378927, 1.4169, 2.06478, 
-0.0379001, 1.41746, 2.06466, 
-0.0379026, 1.41758, 2.06459, 
-0.0379032, 1.41762, 2.06458, 
-0.0379033, 1.41763, 2.06457, 
-0.0379033, 1.41763, 2.06457, 
-0.0379032, 1.41763, 2.06457, 
-0.0339438, 1.42662, 2.06384, 
-0.0336602, 1.43383, 2.06449, 
-0.0391056, 1.44033, 2.063, 
-0.0577952, 1.43617, 2.05724, 
-0.0779394, 1.43023, 2.05043, 
-0.0877522, 1.42749, 2.0473, 
-0.0884779, 1.4274, 2.04714, 
-0.0881924, 1.42782, 2.04727, 
-0.0881812, 1.43479, 2.04761, 
-0.0872883, 1.43959, 2.04686, 
-0.0871498, 1.44701, 2.04737, 
-0.0835122, 1.45352, 2.04461, 
-0.0832166, 1.46038, 2.04477, 
-0.0832497, 1.46701, 2.04477, 
-0.0829344, 1.47172, 2.04281, 
-0.0828986, 1.47869, 2.04267, 
-0.0796773, 1.48216, 2.04182, 
-0.0793768, 1.48845, 2.04156, 
-0.0796269, 1.49061, 2.04149, 
-0.079678, 1.4911, 2.04135, 
-0.0796877, 1.49122, 2.04129, 
-0.0756162, 1.49525, 2.03906, 
-0.075367, 1.50149, 2.03865, 
-0.0754162, 1.50761, 2.03814, 
-0.0748413, 1.51033, 2.03622, 
-0.0747566, 1.51615, 2.03543, 
-0.0695927, 1.51638, 2.03336, 
-0.0537572, 1.4969, 2.02917, 
-0.0290968, 1.46382, 2.02186, 
-0.00979316, 1.43774, 2.01625, 
0.000275761, 1.42429, 2.01355, 
0.00132793, 1.42305, 2.01348, 
0.00102225, 1.42391, 2.01394, 
0.000963731, 1.4241, 2.01397, 
0.000959804, 1.43691, 2.01365, 
0.000740475, 1.4445, 2.01372, 
0.000661227, 1.45159, 2.01406, 
-0.000829181, 1.4573, 2.01232, 
-0.00111544, 1.46447, 2.01251, 
-0.000959536, 1.46647, 2.01246, 
-0.000932154, 1.46691, 2.01232, 
-0.000926962, 1.46702, 2.01226, 
-0.00108127, 1.46745, 2.01202, 
-0.00116116, 1.474, 2.01191, 
-0.00110249, 1.47627, 2.01201, 
-0.00109419, 1.47678, 2.01188, 
-0.001093, 1.4769, 2.01183, 
-0.000627053, 1.47891, 2.01057, 
-0.000537792, 1.48568, 2.01047, 
-0.00098954, 1.48855, 2.00891, 
-0.00118733, 1.49428, 2.00828, 
-0.00122282, 1.50065, 2.00799, 
-0.00204853, 1.50482, 2.00617, 
-0.00222895, 1.51094, 2.00553, 
-0.00482139, 1.51438, 2.00347, 
-0.00520781, 1.52017, 2.00266, 
-0.00520688, 1.52624, 2.00207, 
-0.00434133, 1.52896, 2.00136, 
-0.00418434, 1.53467, 2.00046, 
-0.0042693, 1.53681, 2.00043, 
-0.00422667, 1.53739, 2.00022, 
-0.00421088, 1.54301, 1.99927, 
-0.00660831, 1.5447, 1.99706, 
-0.0068559, 1.54989, 1.99583, 
-0.00664388, 1.55224, 1.99593, 
-0.00667679, 1.55284, 1.99571, 
-0.00668818, 1.55829, 1.99461, 
-0.00655901, 1.55922, 1.99352, 
-0.00655323, 1.56424, 1.99217, 
-0.00653892, 1.56982, 1.99113, 
-0.00775094, 1.57152, 1.99017, 
-0.00793782, 1.57662, 1.98881, 
-0.00779385, 1.5787, 1.98872, 
-0.00776867, 1.57919, 1.98858, 
-0.00776485, 1.5793, 1.98853, 
-0.00776459, 1.57933, 1.98851, 
-0.00776494, 1.57934, 1.98851, 
-0.0118075, 1.57811, 1.98182, 
-0.0239492, 1.55205, 1.96666, 
-0.043219, 1.50799, 1.94164, 
-0.0574117, 1.47478, 1.92302, 
-0.0630196, 1.46222, 1.91621, 
-0.0628272, 1.46354, 1.91672, 
-0.062779, 1.47135, 1.91757, 
-0.0614297, 1.47878, 1.91549, 
-0.0612426, 1.48693, 1.91656, 
-0.0586548, 1.49272, 1.91602, 
-0.0584071, 1.49998, 1.91658, 
-0.0584279, 1.50701, 1.91687, 
-0.058954, 1.51091, 1.91646, 
-0.0591322, 1.51807, 1.91667, 
-0.0620235, 1.52225, 1.91555, 
-0.0622612, 1.52867, 1.91539, 
-0.0622617, 1.53532, 1.9153, 
-0.0605671, 1.53827, 1.91505, 
-0.060229, 1.54472, 1.91477, 
-0.0604343, 1.54691, 1.91474, 
-0.0604676, 1.54762, 1.91422, 
-0.0605052, 1.55377, 1.9137, 
-0.0605022, 1.55604, 1.91373, 
-0.0605056, 1.55655, 1.9136, 
-0.060153, 1.55817, 1.91028, 
-0.0601332, 1.56431, 1.90955, 
-0.0601567, 1.57047, 1.90902, 
-0.0598704, 1.57277, 1.90808, 
-0.0598129, 1.57863, 1.9073, 
-0.0577333, 1.58141, 1.90464, 
-0.0574859, 1.58714, 1.90373, 
-0.057495, 1.59302, 1.90295, 
-0.0563576, 1.59546, 1.90095, 
-0.056196, 1.6, 1.90016, 
-0.0563266, 1.6, 1.89974, 
-0.056366, 1.59999, 1.89865, 
-0.0561184, 1.59951, 1.89675, 
-0.0538454, 1.5841, 1.89252, 
-0.0495048, 1.54509, 1.88285, 
-0.0446922, 1.49915, 1.87116, 
-0.041939, 1.47287, 1.86482, 
-0.0408421, 1.46309, 1.86289, 
-0.0409347, 1.46471, 1.86367, 
-0.0425715, 1.47293, 1.86253, 
-0.0427428, 1.48195, 1.86417, 
-0.0377267, 1.49003, 1.86259, 
-0.0219296, 1.49291, 1.85815, 
0.00548974, 1.49251, 1.84834, 
0.0301345, 1.49232, 1.8401, 
0.0426863, 1.49233, 1.83581, 
0.0452682, 1.49236, 1.83494, 
0.0448039, 1.49245, 1.83498, 
0.0447142, 1.49247, 1.83499, 
0.0446976, 1.49247, 1.83499, 
0.0446946, 1.49247, 1.83499, 
0.0443245, 1.49296, 1.83458, 
0.0442321, 1.50036, 1.83519, 
0.040811, 1.50567, 1.83346, 
0.040386, 1.51322, 1.83404, 
0.0406826, 1.51562, 1.83419, 
0.0407363, 1.51613, 1.83405, 
0.0407456, 1.51624, 1.83399, 
0.0416323, 1.52165, 1.83323, 
0.0416926, 1.52896, 1.83375, 
0.0416949, 1.53602, 1.83403, 
0.0408579, 1.53884, 1.8334, 
0.0407248, 1.54559, 1.83343, 
0.0408518, 1.54802, 1.83358, 
0.0408735, 1.54854, 1.83345, 
0.042258, 1.55309, 1.82862, 
0.042409, 1.56011, 1.82863, 
0.0422987, 1.56215, 1.82861, 
0.0422756, 1.56259, 1.82847, 
0.0422706, 1.56269, 1.82842, 
0.0424535, 1.56592, 1.826, 
0.0424853, 1.57238, 1.82573, 
0.0424946, 1.5789, 1.82552, 
0.0425184, 1.58138, 1.82457, 
0.0425279, 1.58757, 1.82409, 
0.0430665, 1.59128, 1.82025, 
0.0431367, 1.59736, 1.81952, 
0.0430986, 1.59961, 1.8196, 
0.0430895, 1.6, 1.81949, 
0.0430868, 1.6, 1.81941, 
0.0425036, 1.59984, 1.82206, 
0.0424264, 1.6, 1.82156, 
0.0424269, 1.6, 1.82095, 
0.0418881, 1.6, 1.82131, 
0.0417989, 1.6, 1.82088, 
0.0420802, 1.6, 1.81974, 
0.0422772, 1.6, 1.8191, 
0.0420343, 1.6, 1.82019, 
0.0444654, 1.6, 1.80683, 
0.0494443, 1.59988, 1.78028, 
0.0574444, 1.59544, 1.73812, 
0.067894, 1.58671, 1.68311, 
0.0767182, 1.57849, 1.63685, 
0.0826324, 1.57323, 1.60598, 
0.0857667, 1.57097, 1.58924, 
0.0865351, 1.57043, 1.58521, 
0.0864061, 1.57111, 1.58559, 
0.0862416, 1.57125, 1.58766, 
0.0862303, 1.57951, 1.58911, 
0.0862415, 1.58262, 1.58965, 
0.0858657, 1.58347, 1.58986, 
0.0857791, 1.59157, 1.59113, 
0.0852299, 1.59425, 1.59422, 
0.0851789, 1.6, 1.59572, 
0.0851688, 1.6, 1.59758, 
0.086195, 1.59579, 1.61233, 
0.0882327, 1.57486, 1.6409, 
0.0909557, 1.54409, 1.67707, 
0.0928448, 1.52232, 1.70187, 
0.0935703, 1.51313, 1.71346, 
0.0936427, 1.51275, 1.71454, 
0.0932697, 1.51958, 1.71235, 
0.093214, 1.52931, 1.71423, 
0.0932615, 1.53106, 1.71404, 
0.0932707, 1.53139, 1.71385, 
0.0932719, 1.53147, 1.7138, 
0.0929128, 1.53178, 1.71354, 
0.0928371, 1.53954, 1.71453, 
0.0951938, 1.5452, 1.71207, 
0.0954766, 1.55325, 1.71311, 
0.095462, 1.56099, 1.71399, 
0.0959463, 1.56339, 1.7138, 
0.0960877, 1.57034, 1.71409, 
0.0928348, 1.57448, 1.71541, 
0.0925332, 1.58175, 1.71605, 
0.0925385, 1.58908, 1.71654, 
0.0910343, 1.59132, 1.71985, 
0.0908592, 1.59828, 1.72011, 
0.0925338, 1.59785, 1.72329, 
0.0983647, 1.57181, 1.73106, 
0.105949, 1.53521, 1.73853, 
0.109696, 1.51685, 1.74261, 
0.110222, 1.51456, 1.74408, 
0.110114, 1.51573, 1.74463, 
0.104868, 1.52229, 1.75316, 
0.0883439, 1.514, 1.77662, 
0.0619619, 1.49706, 1.81062, 
0.0430527, 1.48525, 1.83478, 
0.0359144, 1.48063, 1.84446, 
0.0362652, 1.48066, 1.84458, 
0.0362778, 1.48797, 1.84527, 
0.0350857, 1.49348, 1.84446, 
0.0348317, 1.50167, 1.84535, 
0.0350124, 1.50369, 1.84531, 
0.0350439, 1.5041, 1.84514, 
0.0350491, 1.5042, 1.84509, 
0.0351649, 1.5052, 1.84379, 
0.0352066, 1.51246, 1.84421, 
0.0363, 1.51962, 1.83802, 
0.0364199, 1.52697, 1.83837, 
0.0363351, 1.52919, 1.83847, 
0.0363164, 1.52966, 1.83833, 
0.0363122, 1.52976, 1.83827, 
0.0370609, 1.53392, 1.83872, 
0.0371768, 1.54086, 1.83897, 
0.0371796, 1.54769, 1.83905, 
0.0370761, 1.55, 1.83932, 
0.0370473, 1.5565, 1.83916, 
0.0370818, 1.55887, 1.83925, 
0.0370857, 1.55939, 1.83911, 
0.0370856, 1.5595, 1.83905, 
0.0369868, 1.55951, 1.83961, 
0.0369734, 1.5658, 1.8393, 
0.0374933, 1.57062, 1.83302, 
0.0375401, 1.57688, 1.8325, 
0.0375119, 1.57916, 1.83264, 
0.0375039, 1.57965, 1.83252, 
0.0375017, 1.57976, 1.83246, 
0.037501, 1.57979, 1.83245, 
0.0375007, 1.5798, 1.83244, 
0.0385329, 1.58067, 1.83093, 
0.0387373, 1.58684, 1.83034, 
0.0398357, 1.59023, 1.82735, 
0.0399906, 1.59619, 1.82663, 
0.0398347, 1.59843, 1.82671, 
0.039803, 1.59892, 1.82658, 
0.0397967, 1.59903, 1.82653, 
0.0397957, 1.59906, 1.82651, 
0.0397958, 1.59907, 1.82651, 
0.039796, 1.59907, 1.82651, 
0.0397963, 1.59907, 1.82651, 
0.0397966, 1.59907, 1.82651, 
0.0394691, 1.59933, 1.82607, 
0.0393527, 1.6, 1.82543, 
0.0400651, 1.6, 1.82351, 
0.0400605, 1.6, 1.82286, 
0.0400425, 1.6, 1.82224, 
0.0395982, 1.6, 1.82245, 
0.0395051, 1.6, 1.82183, 
0.0394813, 1.6, 1.82118, 
0.0394981, 1.6, 1.8206, 
0.0399877, 1.6, 1.82048, 
0.038062, 1.6, 1.81948, 
0.034637, 1.6, 1.81668, 
0.0299731, 1.6, 1.81332, 
0.0238539, 1.59697, 1.81673, 
0.0148565, 1.58988, 1.83146, 
0.00244526, 1.57864, 1.85075, 
-0.0119286, 1.56814, 1.86489, 
-0.0243839, 1.53695, 1.87536, 
-0.0451618, 1.49704, 1.88327, 
-0.0832269, 1.53968, 1.89713, 
-0.14453, 1.49442, 1.92322, 
-0.213698, 1.47124, 1.95204, 
-0.250911, 1.46061, 1.96527, 
-0.286273, 1.43429, 1.96169, 
-0.305942, 1.41365, 1.86784, 
-0.330728, 1.3925, 1.72516, 
-0.332625, 1.35665, 1.62111, 
-0.283119, 1.40322, 1.57389, 
-0.204445, 1.54282, 1.617, 
-0.202867, 1.57287, 1.61267, 
-0.210607, 1.57287, 1.60072, 
-0.216564, 1.57167, 1.59441, 
-0.221004, 1.57081, 1.59031, 
-0.224295, 1.57018, 1.58761, 
-0.225535, 1.56993, 1.58664, 
-0.225631, 1.56989, 1.58637, 
-0.225585, 1.56987, 1.58632, 
-0.225581, 1.56988, 1.58629, 
-0.225577, 1.56988, 1.58631, 
-0.218678, 1.58017, 1.57193, 
-0.210056, 1.58924, 1.55775, 
-0.200972, 1.59807, 1.54245, 
-0.193548, 1.6, 1.52947, 
-0.18665, 1.60001, 1.5172, 
-0.203122, 1.59833, 1.53846, 
-0.235191, 1.58427, 1.57894, 
-0.268868, 1.56726, 1.6197, 
-0.28622, 1.55795, 1.64114, 
-0.289848, 1.55578, 1.64577, 
-0.289239, 1.55567, 1.64545, 
-0.288001, 1.55761, 1.64261, 
-0.280187, 1.56595, 1.6287, 
-0.278397, 1.56863, 1.62537, 
-0.277959, 1.56978, 1.62443, 
-0.270261, 1.57816, 1.61078, 
-0.26549, 1.57989, 1.60423, 
-0.257459, 1.58743, 1.59003, 
-0.254323, 1.59125, 1.58756, 
-0.247618, 1.59292, 1.58934, 
-0.240502, 1.59203, 1.59688, 
-0.234963, 1.5883, 1.61129, 
-0.227051, 1.58261, 1.63301, 
-0.217703, 1.57594, 1.65842, 
-0.206731, 1.56812, 1.68824, 
-0.194162, 1.55921, 1.72244, 
-0.180118, 1.54929, 1.76069, 
-0.164744, 1.53844, 1.80262, 
-0.147975, 1.52659, 1.84836, 
-0.12997, 1.51378, 1.89757, 
-0.110776, 1.50001, 1.95006, 
-0.0925528, 1.48665, 2.00074, 
-0.0752932, 1.47413, 2.04806, 
-0.058955, 1.46214, 2.09276, 
-0.0439756, 1.45099, 2.13371, 
-0.0305453, 1.4409, 2.1701, 
-0.0185523, 1.43175, 2.20242, 
-0.0082179, 1.42377, 2.23034, 
0.000521944, 1.41698, 2.25365, 
0.00742981, 1.41147, 2.27286, 
0.0122673, 1.40767, 2.28513, 
0.0160702, 1.40451, 2.29531, 
0.0181935, 1.40281, 2.30182, 
0.0185573, 1.40248, 2.30294, 
0.0186529, 1.40223, 2.30313, 
0.0233972, 1.41054, 2.2905, 
0.031108, 1.41619, 2.27632, 
0.0329607, 1.419, 2.27428, 
0.0359851, 1.42431, 2.27001, 
0.0441149, 1.43122, 2.25699, 
0.0457157, 1.43351, 2.25493, 
0.0460219, 1.43447, 2.25504, 
0.0460796, 1.43475, 2.25537, 
0.0501665, 1.44068, 2.25026, 
0.0581826, 1.44769, 2.23917, 
0.0617452, 1.45205, 2.23566, 
0.0696721, 1.45935, 2.2255, 
0.0714033, 1.46176, 2.22342, 
0.0717305, 1.46273, 2.22343, 
0.0717919, 1.46302, 2.22369, 
0.0721139, 1.46357, 2.22381, 
0.079853, 1.47117, 2.21516, 
0.0840327, 1.47569, 2.21284, 
0.0918659, 1.48343, 2.20461, 
0.0936274, 1.48579, 2.2027, 
0.094431, 1.48738, 2.20259, 
0.102169, 1.49521, 2.19496, 
0.104721, 1.49836, 2.19414, 
0.112411, 1.50627, 2.18702, 
0.113368, 1.50865, 2.19001, 
0.0978435, 1.49641, 2.21583, 
0.0678268, 1.47264, 2.2628, 
0.0352257, 1.44739, 2.31388, 
0.0151402, 1.4314, 2.34562, 
0.00655288, 1.42386, 2.35917, 
0.00688607, 1.42343, 2.35885, 
0.0123587, 1.42952, 2.35212, 
0.0201851, 1.43491, 2.34383, 
0.0215977, 1.43735, 2.34306, 
0.0217873, 1.43834, 2.34326, 
0.0287891, 1.44454, 2.33669, 
0.0331742, 1.44952, 2.33352, 
0.0402251, 1.45561, 2.32671, 
0.0427934, 1.4592, 2.32477, 
0.0492709, 1.46518, 2.3186, 
0.0477339, 1.46461, 2.31942, 
0.0200941, 1.43967, 2.34209, 
-0.0117864, 1.41205, 2.36851, 
-0.0263719, 1.39889, 2.38069, 
-0.0293207, 1.39625, 2.38316, 
-0.0288538, 1.39682, 2.38298, 
-0.0232793, 1.40318, 2.37781, 
-0.0170949, 1.40958, 2.37489, 
-0.0114157, 1.41577, 2.36973, 
-0.0106584, 1.41784, 2.36903, 
-0.00808788, 1.42245, 2.36834, 
-0.0028849, 1.42889, 2.36355, 
0.00172431, 1.43377, 2.36301, 
0.00653082, 1.44007, 2.35892, 
0.0111667, 1.44658, 2.35478, 
0.0125945, 1.45147, 2.35446, 
0.017017, 1.45819, 2.35055, 
0.0220433, 1.46286, 2.35093, 
0.0265325, 1.46961, 2.34738, 
0.027309, 1.47171, 2.34642, 
0.0280388, 1.47371, 2.34686, 
0.0321471, 1.48057, 2.34344, 
0.0339865, 1.4839, 2.34528, 
0.037882, 1.49082, 2.34219, 
0.0386737, 1.49286, 2.34127, 
0.0391919, 1.4945, 2.34184, 
0.0428576, 1.50139, 2.33877, 
0.0448705, 1.50407, 2.34221, 
0.0484174, 1.51103, 2.33985, 
0.0518809, 1.5178, 2.33683, 
0.0528391, 1.52044, 2.33789, 
0.0561909, 1.52735, 2.33524, 
0.0554534, 1.52971, 2.33744, 
0.058423, 1.53662, 2.33492, 
0.061652, 1.54344, 2.33218, 
0.0622165, 1.54576, 2.33325, 
0.0652059, 1.55265, 2.33078, 
0.0659174, 1.55487, 2.3301, 
0.0659941, 1.55563, 2.33008, 
0.0659033, 1.55584, 2.33016, 
0.0658029, 1.55602, 2.33045, 
0.0684693, 1.56287, 2.32816, 
0.0689876, 1.56444, 2.33089, 
0.0715438, 1.57134, 2.32888, 
0.0721452, 1.57354, 2.32819, 
0.072211, 1.57432, 2.32842, 
0.0746216, 1.58112, 2.32635, 
0.0747296, 1.58263, 2.32924, 
0.0769481, 1.58944, 2.32756, 
0.0792769, 1.59626, 2.32544, 
0.0792969, 1.59807, 2.32689, 
0.0814454, 1.6, 2.32521, 
0.0819759, 1.6, 2.32449, 
0.0830164, 1.60001, 2.32426, 
0.0852395, 1.6, 2.32185, 
0.0855929, 1.60001, 2.32206, 
0.0856066, 1.60002, 2.32228, 
0.0855434, 1.6, 2.32237, 
0.0874073, 1.60003, 2.32151, 
0.0894182, 1.6, 2.31933, 
0.0896845, 1.6, 2.31981, 
0.0904795, 1.6, 2.31986, 
0.0923941, 1.60001, 2.31827, 
0.0949374, 1.6, 2.31647, 
0.0966729, 1.6, 2.31508, 
0.0983099, 1.6, 2.31431, 
0.100426, 1.6, 2.31341, 
0.102177, 1.6, 2.3122, 
0.102364, 1.6, 2.31266, 
0.102395, 1.6, 2.31292, 
0.103869, 1.6, 2.31251, 
0.104934, 1.60001, 2.31241, 
0.106486, 1.6, 2.31161, 
0.108774, 1.60001, 2.30995, 
0.110372, 1.6, 2.30986, 
0.111797, 1.6, 2.30956, 
0.113423, 1.6, 2.30925, 
0.114856, 1.6, 2.30881, 
0.115027, 1.6, 2.30938, 
0.115241, 1.6, 2.30972, 
0.116523, 1.6, 2.30974, 
0.118397, 1.6, 2.30957, 
0.119712, 1.6, 2.30936, 
0.119839, 1.6, 2.30996, 
0.119831, 1.6, 2.31014, 
0.119797, 1.6, 2.31017, 
0.119759, 1.6, 2.31017, 
0.119721, 1.6, 2.31016, 
0.119684, 1.6, 2.31014, 
0.119671, 1.6, 2.31017, 
0.120617, 1.6, 2.31051, 
0.121311, 1.6, 2.31061, 
0.122302, 1.6, 2.31064, 
0.123989, 1.6, 2.30969, 
0.124853, 1.6, 2.31016, 
0.125734, 1.6, 2.3107, 
0.126063, 1.6, 2.31167, 
0.126915, 1.6, 2.31221, 
0.128095, 1.6, 2.31369, 
0.128868, 1.6, 2.31436, 
0.129676, 1.6, 2.31502, 
0.129819, 1.6, 2.31607, 
0.130557, 1.6, 2.31681, 
0.132255, 1.6, 2.31619, 
0.133057, 1.6, 2.31668, 
0.13316, 1.6, 2.31722, 
0.133158, 1.6, 2.31737, 
0.133137, 1.6, 2.31739, 
0.133113, 1.6, 2.31737, 
0.133089, 1.6, 2.31734, 
0.133066, 1.6, 2.31731, 
0.133089, 1.6, 2.31757, 
0.133692, 1.6, 2.31828, 
0.132934, 1.6, 2.32093, 
0.133258, 1.6, 2.32178, 
0.133899, 1.6, 2.32312, 
0.13452, 1.6, 2.32384, 
0.1346, 1.6, 2.32413, 
0.134637, 1.6, 2.32448, 
0.135168, 1.6, 2.32527, 
0.135377, 1.6, 2.32673, 
0.13589, 1.6, 2.32749, 
0.136601, 1.6, 2.32869, 
0.137167, 1.6, 2.32927, 
0.137943, 1.6, 2.32985, 
0.138506, 1.6, 2.3304, 
0.139088, 1.6, 2.33307, 
0.139596, 1.6, 2.33387, 
0.140882, 1.6, 2.33305, 
0.132266, 1.6, 2.35213, 
0.116892, 1.59643, 2.38706, 
0.091911, 1.58177, 2.44269, 
0.0588147, 1.56046, 2.51641, 
0.023956, 1.53931, 2.59485, 
-0.00192897, 1.52231, 2.65313, 
-0.0176541, 1.51168, 2.68858, 
-0.0270865, 1.50458, 2.70933, 
-0.028335, 1.50341, 2.7122, 
-0.0281177, 1.50262, 2.71131, 
-0.0280865, 1.50248, 2.71128, 
-0.0280915, 1.50247, 2.7114, 
-0.0280948, 1.50247, 2.71153, 
-0.0281046, 1.50247, 2.71165, 
-0.0281282, 1.50246, 2.71176, 
-0.0281285, 1.50246, 2.71187, 
-0.028149, 1.50246, 2.71196, 
-0.0281427, 1.50246, 2.71209, 
-0.0281534, 1.50246, 2.71217, 
-0.0281626, 1.50245, 2.71228, 
-0.0281714, 1.50245, 2.71237, 
-0.0281804, 1.50245, 2.71246, 
-0.0281884, 1.50245, 2.71256, 
-0.0282199, 1.50244, 2.71266, 
-0.0281739, 1.50245, 2.71272, 
-0.0282243, 1.50243, 2.71283, 
-0.0282216, 1.50244, 2.71289, 
-0.0282284, 1.50244, 2.71297, 
-0.0282252, 1.50244, 2.71305, 
-0.0282496, 1.50244, 2.71312, 
-0.0282374, 1.50244, 2.71319, 
-0.0282568, 1.50243, 2.71327, 
-0.0282553, 1.50244, 2.71332, 
-0.0282744, 1.50243, 2.71341, 
-0.0282684, 1.50243, 2.71342, 
-0.0282819, 1.50243, 2.71345, 
-0.0282737, 1.50243, 2.71343, 
-0.0283019, 1.50243, 2.71344, 
-0.0282974, 1.50243, 2.71344, 
-0.0283132, 1.50243, 2.71342, 
-0.0283022, 1.50243, 2.71345, 
-0.0283084, 1.50243, 2.71343, 
-0.0283133, 1.50243, 2.71344, 
-0.0283178, 1.50243, 2.71344, 
-0.0283227, 1.50243, 2.71343, 
-0.0283267, 1.50243, 2.71344, 
-0.0283543, 1.50242, 2.71345, 
-0.0283045, 1.50243, 2.71343, 
-0.0283512, 1.50242, 2.71346, 
-0.0283449, 1.50243, 2.71343, 
-0.0283483, 1.50243, 2.71344, 
-0.0283417, 1.50243, 2.71344, 
-0.0283629, 1.50243, 2.71343, 
-0.0283474, 1.50243, 2.71344, 
-0.0283637, 1.50243, 2.71344, 
-0.0283593, 1.50243, 2.71342, 
-0.0283754, 1.50243, 2.71345, 
-0.0283666, 1.50243, 2.71343, 
-0.0283773, 1.50243, 2.71345, 
-0.0283664, 1.50243, 2.71343, 
-0.028392, 1.50243, 2.71344, 
-0.0283849, 1.50243, 2.71344, 
-0.0283982, 1.50243, 2.71342, 
-0.0283849, 1.50243, 2.71345, 
-0.0283888, 1.50243, 2.71343, 
-0.0283913, 1.50243, 2.71344, 
-0.0283937, 1.50243, 2.71344, 
-0.0283964, 1.50243, 2.71343, 
-0.0283984, 1.50243, 2.71344, 
-0.028424, 1.50242, 2.71345, 
-0.0283722, 1.50243, 2.71343, 
-0.028417, 1.50242, 2.71346, 
-0.0284089, 1.50243, 2.71343, 
-0.0284104, 1.50243, 2.71344, 
-0.0284021, 1.50243, 2.71344, 
-0.0284215, 1.50243, 2.71343, 
-0.0284044, 1.50243, 2.71344, 
-0.0284191, 1.50243, 2.71344, 
-0.0284132, 1.50243, 2.71342, 
-0.0284279, 1.50242, 2.71344, 
-0.0284175, 1.50242, 2.71342, 
-0.0284267, 1.50242, 2.71344, 
-0.0284144, 1.50242, 2.71342, 
-0.0284387, 1.50241, 2.71342, 
-0.0284303, 1.50241, 2.71343, 
-0.0284423, 1.50241, 2.7134, 
-0.0284277, 1.5024, 2.71342, 
-0.0284304, 1.5024, 2.7134, 
-0.0284318, 1.50239, 2.71341, 
-0.028433, 1.50239, 2.7134, 
-0.0284346, 1.50239, 2.71339, 
-0.0284355, 1.50238, 2.7134, 
-0.02846, 1.50237, 2.71341, 
-0.0284073, 1.50238, 2.71338, 
-0.028451, 1.50236, 2.71341, 
-0.028442, 1.50237, 2.71339, 
-0.0284425, 1.50237, 2.71339, 
-0.0284333, 1.50237, 2.71338, 
-0.0284519, 1.50236, 2.71338, 
-0.0284339, 1.50236, 2.71338, 
-0.0284478, 1.50235, 2.71338, 
-0.028441, 1.50236, 2.71336, 
-0.0284549, 1.50235, 2.71338, 
-0.0284438, 1.50235, 2.71337, 
-0.0284524, 1.50234, 2.71338, 
-0.0284394, 1.50234, 2.71336, 
-0.0284629, 1.50234, 2.71337, 
-0.0284538, 1.50234, 2.71337, 
-0.0284651, 1.50234, 2.71335, 
-0.0284498, 1.50233, 2.71337, 
-0.0284519, 1.50233, 2.71335, 
-0.0284527, 1.50233, 2.71336, 
-0.0284533, 1.50233, 2.71336, 
-0.0284544, 1.50233, 2.71334, 
-0.0284547, 1.50232, 2.71335, 
-0.0284787, 1.50231, 2.71337, 
-0.0284255, 1.50232, 2.71334, 
-0.0284687, 1.50231, 2.71337, 
-0.0284591, 1.50232, 2.71334, 
-0.0284592, 1.50232, 2.71335, 
-0.0284495, 1.50232, 2.71334, 
-0.0284676, 1.50231, 2.71334, 
-0.0284493, 1.50231, 2.71334, 
-0.0284627, 1.50231, 2.71335, 
-0.0284555, 1.50231, 2.71333, 
-0.028469, 1.50231, 2.71335, 
-0.0284575, 1.50231, 2.71333, 
-0.0284658, 1.5023, 2.71335, 
-0.0284524, 1.5023, 2.71333, 
-0.0284755, 1.5023, 2.71334, 
-0.028466, 1.5023, 2.71334, 
-0.028477, 1.5023, 2.71332, 
-0.0284613, 1.5023, 2.71334, 
-0.0284631, 1.5023, 2.71332, 
-0.0284635, 1.5023, 2.71333, 
-0.0284639, 1.5023, 2.71333, 
-0.0284647, 1.5023, 2.71332, 
-0.0284647, 1.50229, 2.71333, 
-0.0284884, 1.50228, 2.71334, 
-0.028435, 1.50229, 2.71332, 
-0.0284779, 1.50228, 2.71335, 
-0.028468, 1.50229, 2.71332, 
-0.0284678, 1.50229, 2.71333, 
-0.0284579, 1.50229, 2.71332, 
-0.0284758, 1.50229, 2.71332, 
-0.0284572, 1.50229, 2.71332, 
-0.0284704, 1.50229, 2.71333, 
-0.028463, 1.50229, 2.71331, 
-0.0284762, 1.50229, 2.71333, 
-0.0284646, 1.50228, 2.71332, 
-0.0284727, 1.50228, 2.71334, 
-0.0284591, 1.50228, 2.71332, 
-0.028482, 1.50228, 2.71332, 
-0.0284723, 1.50228, 2.71333, 
-0.0284831, 1.50228, 2.71331, 
-0.0284672, 1.50228, 2.71333, 
-0.0284689, 1.50228, 2.71331, 
-0.0284692, 1.50228, 2.71332, 
-0.0284694, 1.50228, 2.71332, 
-0.02847, 1.50228, 2.71331, 
-0.0284699, 1.50228, 2.71332, 
-0.0284934, 1.50227, 2.71333, 
-0.0284399, 1.50228, 2.71331, 
-0.0284826, 1.50227, 2.71334, 
-0.0284726, 1.50228, 2.71331, 
-0.0284723, 1.50228, 2.71332, 
-0.0284623, 1.50228, 2.71331, 
-0.02848, 1.50227, 2.71331, 
-0.0284613, 1.50228, 2.71331, 
-0.0284744, 1.50227, 2.71332, 
-0.0284669, 1.50228, 2.7133, 
-0.02848, 1.50227, 2.71332, 
-0.0284683, 1.50227, 2.71331, 
-0.0284762, 1.50227, 2.71333, 
-0.0284626, 1.50227, 2.71331, 
-0.0284854, 1.50227, 2.71331, 
-0.0284755, 1.50227, 2.71332, 
-0.0284863, 1.50227, 2.7133, 
-0.0284703, 1.50227, 2.71332, 
-0.0284719, 1.50227, 2.7133, 
-0.0284721, 1.50227, 2.71331, 
-0.0284722, 1.50227, 2.71331, 
-0.0284727, 1.50227, 2.7133, 
-0.0284725, 1.50227, 2.71331, 
-0.028496, 1.50226, 2.71333, 
-0.0284424, 1.50227, 2.7133, 
-0.028485, 1.50226, 2.71333, 
-0.028475, 1.50227, 2.71331, 
-0.0284746, 1.50227, 2.71331, 
-0.0284645, 1.50227, 2.71331, 
-0.0284822, 1.50227, 2.7133, 
-0.0284634, 1.50227, 2.71331, 
-0.0284765, 1.50227, 2.71332, 
-0.0284689, 1.50227, 2.7133, 
-0.028482, 1.50227, 2.71332, 
-0.0284702, 1.50227, 2.7133, 
-0.0284781, 1.50226, 2.71332, 
-0.0284644, 1.50227, 2.7133, 
-0.0284871, 1.50227, 2.71331, 
-0.0284772, 1.50227, 2.71331, 
-0.0284879, 1.50227, 2.7133, 
-0.0284719, 1.50227, 2.71332, 
-0.0284734, 1.50227, 2.7133, 
-0.0284736, 1.50227, 2.71331, 
-0.0284737, 1.50227, 2.71331, 
-0.0284742, 1.50227, 2.7133, 
-0.0284739, 1.50227, 2.71331, 
-0.0284973, 1.50226, 2.71332, 
-0.0284437, 1.50227, 2.7133, 
-0.0284863, 1.50226, 2.71333, 
-0.0284763, 1.50227, 2.7133, 
-0.0284758, 1.50227, 2.71331, 
-0.0284657, 1.50227, 2.71331, 
-0.0284833, 1.50226, 2.7133, 
-0.0284645, 1.50227, 2.71331, 
-0.0284776, 1.50227, 2.71331, 
-0.0284699, 1.50227, 2.71329, 
-0.028483, 1.50226, 2.71331, 
-0.0284712, 1.50226, 2.7133, 
-0.0284791, 1.50226, 2.71332, 
-0.0284653, 1.50226, 2.7133, 
-0.028488, 1.50226, 2.7133, 
-0.0284781, 1.50227, 2.71331, 
-0.0284888, 1.50227, 2.71329, 
-0.0284727, 1.50226, 2.71332, 
-0.0284742, 1.50227, 2.7133, 
-0.0284744, 1.50226, 2.7133, 
-0.0284744, 1.50226, 2.71331, 
-0.0284749, 1.50227, 2.71329, 
-0.0284746, 1.50226, 2.71331, 
-0.028498, 1.50225, 2.71332, 
-0.0284444, 1.50227, 2.7133, 
-0.028487, 1.50225, 2.71333, 
-0.0284769, 1.50227, 2.7133, 
-0.0284765, 1.50227, 2.71331, 
-0.0284663, 1.50227, 2.7133, 
-0.0284839, 1.50226, 2.7133, 
-0.0284651, 1.50226, 2.7133, 
-0.0284781, 1.50226, 2.71331, 
-0.0284705, 1.50227, 2.71329, 
-0.0284835, 1.50226, 2.71331, 
-0.0284717, 1.50226, 2.7133, 
-0.0284796, 1.50226, 2.71332, 
-0.0284658, 1.50226, 2.7133, 
-0.0284885, 1.50226, 2.7133, 
-0.0284786, 1.50226, 2.71331, 
-0.0284892, 1.50227, 2.71329, 
-0.0284731, 1.50226, 2.71332, 
-0.0284746, 1.50226, 2.7133, 
-0.0284748, 1.50226, 2.7133, 
-0.0284748, 1.50226, 2.7133, 
-0.0284753, 1.50226, 2.71329, 
-0.028475, 1.50226, 2.7133, 
-0.0284984, 1.50225, 2.71332, 
-0.0284447, 1.50226, 2.7133, 
-0.0284873, 1.50225, 2.71333, 
-0.0284772, 1.50226, 2.7133, 
-0.0284768, 1.50226, 2.71331, 
-0.0284666, 1.50226, 2.7133, 
-0.0284842, 1.50226, 2.7133, 
-0.0284654, 1.50226, 2.7133, 
-0.0284784, 1.50226, 2.71331, 
-0.0284707, 1.50227, 2.71329, 
-0.0284838, 1.50226, 2.71331, 
-0.028472, 1.50226, 2.7133, 
-0.0284798, 1.50226, 2.71332, 
-0.028466, 1.50226, 2.7133, 
-0.0284887, 1.50226, 2.7133, 
-0.0284788, 1.50226, 2.71331, 
-0.0284894, 1.50226, 2.71329, 
-0.0284734, 1.50226, 2.71331, 
-0.0284749, 1.50226, 2.71329, 
-0.028475, 1.50226, 2.7133, 
-0.028475, 1.50226, 2.7133, 
-0.0284755, 1.50226, 2.71329, 
-0.0284752, 1.50226, 2.7133, 
-0.0284986, 1.50225, 2.71332, 
-0.0284449, 1.50226, 2.7133, 
-0.0284875, 1.50225, 2.71332, 
-0.0284774, 1.50226, 2.7133, 
-0.028477, 1.50226, 2.71331, 
-0.0284668, 1.50226, 2.7133, 
-0.0284844, 1.50226, 2.7133, 
-0.0284656, 1.50226, 2.7133, 
-0.0284786, 1.50226, 2.71331, 
-0.0284709, 1.50227, 2.71329, 
-0.0284839, 1.50226, 2.71331, 
-0.0284721, 1.50226, 2.7133, 
-0.0284799, 1.50226, 2.71332, 
-0.0284662, 1.50226, 2.7133, 
-0.0284888, 1.50226, 2.7133, 
-0.0284789, 1.50226, 2.71331, 
-0.0284896, 1.50226, 2.71329, 
-0.0284735, 1.50226, 2.71331, 
-0.028475, 1.50226, 2.71329, 
-0.0284751, 1.50226, 2.7133, 
-0.0284751, 1.50226, 2.7133, 
-0.0284756, 1.50226, 2.71329, 
-0.0284753, 1.50226, 2.7133, 
-0.0284987, 1.50225, 2.71332, 
-0.028445, 1.50226, 2.71329, 
-0.0284876, 1.50225, 2.71332, 
-0.0284775, 1.50226, 2.7133, 
-0.028477, 1.50226, 2.71331, 
-0.0284668, 1.50226, 2.7133, 
-0.0284845, 1.50226, 2.7133, 
-0.0284656, 1.50226, 2.7133, 
-0.0284786, 1.50226, 2.71331, 
-0.028471, 1.50227, 2.71329, 
-0.028484, 1.50226, 2.71331, 
-0.0284722, 1.50226, 2.7133, 
-0.02848, 1.50226, 2.71332, 
-0.0284662, 1.50226, 2.7133, 
-0.0284889, 1.50226, 2.7133, 
-0.028479, 1.50226, 2.71331, 
-0.0284896, 1.50226, 2.71329, 
-0.0284735, 1.50226, 2.71331, 
-0.028475, 1.50226, 2.71329, 
-0.0284751, 1.50226, 2.7133, 
-0.0284752, 1.50226, 2.7133, 
-0.0284756, 1.50226, 2.71329, 
-0.0284754, 1.50226, 2.7133, 
-0.0284987, 1.50225, 2.71332, 
-0.0284451, 1.50226, 2.71329, 
-0.0284876, 1.50225, 2.71332, 
-0.0284775, 1.50226, 2.7133, 
-0.0284771, 1.50226, 2.71331, 
-0.0284669, 1.50226, 2.7133, 
-0.0284845, 1.50226, 2.7133, 
-0.0284657, 1.50226, 2.7133, 
-0.0284787, 1.50226, 2.71331, 
-0.028471, 1.50227, 2.71329, 
-0.028484, 1.50226, 2.71331, 
-0.0284722, 1.50226, 2.7133, 
-0.02848, 1.50226, 2.71332, 
-0.0284663, 1.50226, 2.7133, 
-0.0284889, 1.50226, 2.7133, 
-0.028479, 1.50226, 2.71331, 
-0.0284896, 1.50226, 2.71329, 
-0.0284736, 1.50226, 2.71331, 
-0.0284751, 1.50226, 2.71329, 
-0.0284752, 1.50226, 2.7133, 
-0.0284752, 1.50226, 2.7133, 
-0.0284757, 1.50226, 2.71329, 
-0.0284754, 1.50226, 2.7133, 
-0.0284987, 1.50225, 2.71332, 
-0.0284451, 1.50226, 2.71329, 
-0.0284877, 1.50225, 2.71332, 
-0.0284776, 1.50226, 2.7133, 
-0.0284771, 1.50226, 2.71331, 
-0.0284669, 1.50226, 2.7133, 
-0.0284845, 1.50226, 2.7133, 
-0.0284657, 1.50226, 2.7133, 
-0.0284787, 1.50226, 2.71331, 
-0.028471, 1.50227, 2.71329, 
-0.0284841, 1.50226, 2.71331, 
-0.0284722, 1.50226, 2.7133, 
-0.0284801, 1.50226, 2.71332, 
-0.0284663, 1.50226, 2.7133, 
-0.028489, 1.50226, 2.7133, 
-0.028479, 1.50226, 2.71331, 
-0.0284897, 1.50226, 2.71329, 
-0.0284736, 1.50226, 2.71331, 
-0.0284751, 1.50226, 2.71329, 
-0.0284752, 1.50226, 2.7133, 
-0.0284752, 1.50226, 2.7133, 
-0.0284757, 1.50226, 2.71329, 
-0.0284754, 1.50226, 2.7133, 
-0.0284987, 1.50225, 2.71332, 
-0.0284451, 1.50226, 2.71329, 
-0.0284877, 1.50225, 2.71332, 
-0.0284776, 1.50226, 2.7133, 
-0.0284771, 1.50226, 2.71331, 
-0.0284669, 1.50226, 2.7133, 
-0.0284845, 1.50226, 2.7133, 
-0.0284657, 1.50226, 2.7133, 
-0.0284787, 1.50226, 2.71331, 
-0.028471, 1.50227, 2.71329, 
-0.0284841, 1.50226, 2.71331, 
-0.0284722, 1.50226, 2.7133, 
-0.0284801, 1.50226, 2.71332, 
-0.0284663, 1.50226, 2.7133, 
-0.028489, 1.50226, 2.7133, 
-0.028479, 1.50226, 2.71331, 
-0.0284897, 1.50226, 2.71329, 
-0.0284736, 1.50226, 2.71331, 
-0.0284751, 1.50226, 2.71329, 
-0.0284752, 1.50226, 2.7133, 
-0.0284752, 1.50226, 2.7133, 
-0.0284757, 1.50226, 2.71329, 
-0.0284754, 1.50226, 2.7133, 
-0.0284988, 1.50225, 2.71332, 
-0.0284451, 1.50226, 2.71329, 
-0.0284877, 1.50225, 2.71332, 
-0.0284776, 1.50226, 2.7133, 
-0.0284771, 1.50226, 2.71331, 
-0.0284669, 1.50226, 2.7133, 
-0.0284845, 1.50226, 2.7133, 
-0.0284657, 1.50226, 2.7133, 
-0.0284787, 1.50226, 2.71331, 
-0.028471, 1.50227, 2.71329, 
-0.0284841, 1.50226, 2.71331, 
-0.0284722, 1.50226, 2.7133, 
-0.0284801, 1.50226, 2.71332, 
-0.0284663, 1.50226, 2.7133, 
-0.028489, 1.50226, 2.7133, 
-0.028479, 1.50226, 2.71331, 
-0.0284897, 1.50226, 2.71329, 
-0.0284736, 1.50226, 2.71331, 
-0.0284751, 1.50226, 2.71329, 
-0.0284752, 1.50226, 2.7133, 
-0.0284752, 1.50226, 2.7133, 
-0.0284757, 1.50226, 2.71329, 
-0.0284754, 1.50226, 2.7133, 
-0.0284988, 1.50225, 2.71332, 
-0.0284451, 1.50226, 2.71329, 
-0.0284877, 1.50225, 2.71332, 
-0.0284776, 1.50226, 2.7133, 
-0.0284771, 1.50226, 2.71331, 
-0.0284669, 1.50226, 2.7133, 
-0.0284845, 1.50226, 2.7133, 
-0.0284657, 1.50226, 2.7133, 
-0.0284787, 1.50226, 2.71331, 
-0.028471, 1.50227, 2.71329, 
-0.0284841, 1.50226, 2.71331, 
-0.0284722, 1.50226, 2.7133, 
-0.0284801, 1.50226, 2.71332, 
-0.0284663, 1.50226, 2.7133, 
-0.028489, 1.50226, 2.7133, 
-0.028479, 1.50226, 2.71331, 
-0.0284897, 1.50226, 2.71329, 
-0.0284736, 1.50226, 2.71331, 
-0.0284751, 1.50226, 2.71329, 
-0.0284752, 1.50226, 2.7133, 
-0.0284752, 1.50226, 2.7133, 
-0.0284757, 1.50226, 2.71329, 
-0.0284754, 1.50226, 2.7133, 
-0.0284988, 1.50225, 2.71332, 
-0.0284451, 1.50226, 2.71329, 
-0.0284877, 1.50225, 2.71332, 
-0.0284776, 1.50226, 2.7133, 
-0.0284771, 1.50226, 2.71331, 
-0.0284669, 1.50226, 2.7133, 
-0.0284845, 1.50226, 2.7133, 
-0.0284657, 1.50226, 2.7133, 
-0.0284787, 1.50226, 2.71331, 
-0.028471, 1.50227, 2.71329, 
-0.0284841, 1.50226, 2.71331, 
-0.0284722, 1.50226, 2.7133, 
-0.0284801, 1.50226, 2.71332, 
-0.0284663, 1.50226, 2.7133, 
-0.028489, 1.50226, 2.7133, 
-0.028479, 1.50226, 2.71331, 
-0.0284897, 1.50226, 2.71329, 
-0.0284736, 1.50226, 2.71331, 
-0.0284751, 1.50226, 2.71329, 
-0.0284752, 1.50226, 2.7133, 
-0.0284752, 1.50226, 2.7133, 
-0.0284757, 1.50226, 2.71329, 
-0.0284754, 1.50226, 2.7133, 
-0.0284988, 1.50225, 2.71332, 
-0.0284451, 1.50226, 2.71329, 
-0.0284877, 1.50225, 2.71332, 
-0.0284776, 1.50226, 2.7133, 
-0.0284771, 1.50226, 2.71331, 
-0.0284669, 1.50226, 2.7133, 
-0.0284845, 1.50226, 2.7133, 
-0.0284657, 1.50226, 2.7133, 
-0.0284787, 1.50226, 2.71331, 
-0.028471, 1.50227, 2.71329, 
-0.0284841, 1.50226, 2.71331, 
-0.0284722, 1.50226, 2.7133, 
-0.0284801, 1.50226, 2.71332, 
-0.0284663, 1.50226, 2.7133, 
-0.028489, 1.50226, 2.7133, 
-0.028479, 1.50226, 2.71331, 
-0.0284897, 1.50226, 2.71329, 
-0.0284736, 1.50226, 2.71331, 
-0.0284751, 1.50226, 2.71329, 
-0.0284752, 1.50226, 2.7133, 
-0.0284752, 1.50226, 2.7133, 
-0.0284757, 1.50226, 2.71329, 
-0.0284754, 1.50226, 2.7133, 
-0.0284988, 1.50225, 2.71332, 
-0.0284451, 1.50226, 2.71329, 
-0.0284877, 1.50225, 2.71332, 
-0.0284776, 1.50226, 2.7133, 
-0.0284771, 1.50226, 2.71331, 
-0.0284669, 1.50226, 2.7133, 
-0.0284845, 1.50226, 2.7133, 
-0.0284657, 1.50226, 2.7133, 
-0.0284787, 1.50226, 2.71331, 
-0.028471, 1.50227, 2.71329, 
-0.0284841, 1.50226, 2.71331, 
-0.0284722, 1.50226, 2.7133, 
-0.0284801, 1.50226, 2.71332, 
-0.0284663, 1.50226, 2.7133, 
-0.028489, 1.50226, 2.7133, 
-0.028479, 1.50226, 2.71331, 
-0.0284897, 1.50226, 2.71329, 
-0.0284736, 1.50226, 2.71331, 
-0.0284751, 1.50226, 2.71329, 
-0.0284752, 1.50226, 2.7133, 
-0.0284752, 1.50226, 2.7133, 
-0.0284757, 1.50226, 2.71329, 
-0.0284754, 1.50226, 2.7133, 
-0.0284988, 1.50225, 2.71332, 
-0.0284451, 1.50226, 2.71329, 
-0.0284877, 1.50225, 2.71332, 
-0.0284776, 1.50226, 2.7133, 
-0.0284771, 1.50226, 2.71331, 
-0.0284669, 1.50226, 2.7133, 
-0.0284846, 1.50226, 2.7133, 
-0.0284657, 1.50226, 2.7133, 
-0.0284787, 1.50226, 2.71331, 
-0.028471, 1.50227, 2.71329, 
-0.0284841, 1.50226, 2.71331, 
-0.0284722, 1.50226, 2.7133, 
-0.0284801, 1.50226, 2.71332, 
-0.0284663, 1.50226, 2.7133, 
-0.028489, 1.50226, 2.7133, 
-0.028479, 1.50226, 2.71331, 
-0.0284897, 1.50226, 2.71329, 
-0.0284736, 1.50226, 2.71331, 
-0.0284751, 1.50226, 2.71329, 
-0.0284752, 1.50226, 2.7133, 
-0.0284752, 1.50226, 2.7133, 
-0.0284757, 1.50226, 2.71329, 
-0.0284754, 1.50226, 2.7133, 
-0.0284988, 1.50225, 2.71332, 
-0.0284451, 1.50226, 2.71329, 
-0.0284877, 1.50225, 2.71332, 
-0.0284776, 1.50226, 2.7133, 
-0.0284771, 1.50226, 2.71331, 
-0.0284669, 1.50226, 2.7133, 
-0.0284846, 1.50226, 2.7133, 
-0.0284657, 1.50226, 2.7133, 
-0.0284787, 1.50226, 2.71331, 
-0.028471, 1.50227, 2.71329, 
-0.0284841, 1.50226, 2.71331, 
-0.0284722, 1.50226, 2.7133, 
-0.0284801, 1.50226, 2.71332, 
-0.0284663, 1.50226, 2.7133, 
-0.028489, 1.50226, 2.7133, 
-0.028479, 1.50226, 2.71331, 
-0.0284897, 1.50226, 2.71329, 
-0.0285362, 1.50222, 2.71316, 
-0.0285643, 1.50669, 2.71122, 
-0.0285458, 1.50835, 2.71088, 
-0.0285205, 1.5088, 2.71073, 
-0.0285345, 1.50891, 2.71069, 
-0.0285299, 1.51339, 2.70875, 
-0.0311694, 1.52008, 2.706, 
-0.0314439, 1.52483, 2.70414, 
-0.0312385, 1.5262, 2.70356, 
-0.0312262, 1.52665, 2.70336, 
-0.031244, 1.53111, 2.70129, 
-0.0313341, 1.53477, 2.6991, 
-0.0313356, 1.53912, 2.69703, 
-0.0313375, 1.54066, 2.69655, 
-0.0313261, 1.54107, 2.69641, 
-0.0316625, 1.54143, 2.69165, 
-0.0334726, 1.54288, 2.66951, 
-0.0364723, 1.54401, 2.63504, 
-0.0397958, 1.54299, 2.59679, 
-0.0444238, 1.54046, 2.54366, 
-0.0502973, 1.5375, 2.47675, 
-0.0572689, 1.53407, 2.39813, 
-0.0650936, 1.53026, 2.30916, 
-0.0739159, 1.52609, 2.20971, 
-0.0827734, 1.52185, 2.10968, 
-0.0906739, 1.51808, 2.0206, 
-0.0974463, 1.51496, 1.94395, 
-0.103264, 1.51241, 1.87777, 
-0.108044, 1.51007, 1.8247, 
-0.11122, 1.50888, 1.78803, 
-0.113919, 1.50784, 1.75736, 
-0.115807, 1.50697, 1.73634, 
-0.1164, 1.50671, 1.7298, 
-0.116317, 1.50708, 1.72994, 
-0.116297, 1.50721, 1.72997, 
-0.116294, 1.50723, 1.72997, 
-0.116294, 1.50723, 1.72996, 
-0.113778, 1.51768, 1.73567, 
-0.113496, 1.5264, 1.73746, 
-0.113661, 1.52869, 1.73738, 
-0.113701, 1.52918, 1.73723, 
-0.113709, 1.5293, 1.73718, 
-0.113711, 1.52934, 1.73717, 
-0.1137, 1.52933, 1.73732, 
-0.113684, 1.5369, 1.73823, 
-0.113494, 1.54208, 1.74092, 
-0.113458, 1.55019, 1.74201, 
-0.111544, 1.55354, 1.74226, 
-0.111188, 1.56114, 1.74298, 
-0.111199, 1.56863, 1.74362, 
-0.111032, 1.57108, 1.74455, 
-0.111005, 1.57819, 1.74493, 
-0.109518, 1.58429, 1.73897, 
-0.109358, 1.59125, 1.73904, 
-0.109448, 1.59383, 1.73931, 
-0.109473, 1.59439, 1.73922, 
-0.10948, 1.59451, 1.73916, 
-0.109481, 1.59454, 1.73915, 
-0.10948, 1.59455, 1.73915, 
-0.10948, 1.59455, 1.73914, 
-0.109472, 1.59453, 1.73943, 
-0.109484, 1.6, 1.73982, 
-0.110502, 1.6, 1.7406, 
-0.110495, 1.6, 1.74067, 
-0.113091, 1.6, 1.74227, 
-0.104981, 1.6, 1.73734, 
-0.0840986, 1.6, 1.72592, 
-0.0545543, 1.6, 1.70946, 
-0.0114529, 1.6, 1.68568, 
0.0421992, 1.6, 1.65603, 
0.105456, 1.60001, 1.62134, 
0.159987, 1.60001, 1.5915, 
0.203668, 1.60001, 1.56732, 
0.233539, 1.6, 1.55102, 
0.253086, 1.6, 1.54011, 
0.263631, 1.6, 1.5344, 
0.263402, 1.59999, 1.53436, 
0.263102, 1.60002, 1.53435, 
0.263149, 1.60003, 1.53815, 
0.263127, 1.60001, 1.53999, 
0.263106, 1.60001, 1.54024, 
0.26481, 1.6, 1.54321, 
0.265079, 1.6, 1.54476, 
0.263293, 1.60001, 1.54531, 
0.263039, 1.6, 1.54682, 
0.263241, 1.6, 1.54717, 
0.263277, 1.6, 1.54724, 
0.263284, 1.6, 1.54726, 
0.263336, 1.6, 1.54975, 
0.263389, 1.6, 1.55125, 
0.263349, 1.6, 1.55157, 
0.263342, 1.6, 1.55163, 
0.263341, 1.6, 1.55165, 
0.26334, 1.6, 1.55165, 
0.263487, 1.6, 1.55426, 
0.263628, 1.6, 1.55576, 
0.263633, 1.6, 1.55715, 
0.263485, 1.6, 1.55825, 
0.263474, 1.6, 1.55971, 
0.265032, 1.6, 1.55971, 
0.265153, 1.6, 1.56108, 
0.268688, 1.6, 1.56171, 
0.265549, 1.6, 1.56258, 
0.24349, 1.6, 1.564, 
0.211303, 1.6, 1.56609, 
0.170558, 1.6, 1.56875, 
0.113195, 1.6, 1.57248, 
0.044387, 1.6, 1.57698, 
-0.0359793, 1.6, 1.58223, 
-0.129716, 1.6, 1.58837, 
-0.218004, 1.6, 1.59401, 
-0.292885, 1.6, 1.5989, 
-0.355521, 1.6, 1.60304, 
-0.402687, 1.6, 1.60602, 
-0.435013, 1.6, 1.6083, 
-0.461137, 1.6, 1.61003, 
-0.474712, 1.6, 1.61086, 
-0.474991, 1.6, 1.61098, 
-0.47613, 1.6, 1.61097, 
-0.476353, 1.6, 1.61221, 
-0.476181, 1.6, 1.61253, 
-0.476152, 1.6, 1.61258, 
-0.476147, 1.6, 1.61259, 
-0.476146, 1.6, 1.6126, 
-0.476145, 1.6, 1.6126, 
-0.476145, 1.6, 1.6126, 
-0.476144, 1.6, 1.6126, 
-0.476144, 1.6, 1.6126, 
-0.476144, 1.6, 1.6126, 
-0.476143, 1.6, 1.6126, 
-0.476143, 1.6, 1.6126, 
-0.476143, 1.6, 1.6126, 
-0.477774, 1.6, 1.61317, 
-0.478019, 1.6, 1.61441, 
-0.480516, 1.6, 1.6145, 
-0.473586, 1.60001, 1.6178, 
-0.456947, 1.59997, 1.62442, 
-0.434903, 1.59826, 1.63334, 
-0.405666, 1.5915, 1.64523, 
-0.365079, 1.58087, 1.66132, 
-0.317473, 1.56807, 1.68049, 
-0.261276, 1.55292, 1.70312, 
-0.198009, 1.536, 1.72822, 
-0.143772, 1.52138, 1.7499, 
-0.0984021, 1.50912, 1.7682, 
-0.0596239, 1.49864, 1.78388, 
-0.0338478, 1.49166, 1.79428, 
-0.0140176, 1.48627, 1.80252, 
0.000666968, 1.48234, 1.80838, 
0.00571088, 1.48098, 1.81034, 
0.00499472, 1.4811, 1.81039, 
0.00489384, 1.48127, 1.81085, 
0.00488361, 1.48895, 1.81188, 
0.00490489, 1.49193, 1.81237, 
0.0049097, 1.49252, 1.81227, 
0.0049123, 1.49998, 1.81309, 
0.00489264, 1.50293, 1.81429, 
0.00486916, 1.51032, 1.81503, 
0.00497922, 1.51322, 1.81821, 
0.00503761, 1.51464, 1.83164, 
0.00502244, 1.51517, 1.85325, 
0.00506231, 1.51348, 1.87797, 
0.00526143, 1.50985, 1.91329, 
0.00530239, 1.50563, 1.9571, 
0.00543162, 1.50071, 2.00801, 
0.00558422, 1.49512, 2.06598, 
0.00575812, 1.48888, 2.13085, 
0.00588435, 1.48205, 2.20212, 
0.00597842, 1.47543, 2.27079, 
0.00611351, 1.46949, 2.33213, 
0.00624548, 1.46428, 2.38602, 
0.00632977, 1.45981, 2.43254, 
0.0064919, 1.45602, 2.47234, 
0.00651874, 1.45313, 2.50217, 
0.0066208, 1.45102, 2.52485, 
0.0067024, 1.44923, 2.54406, 
0.00668576, 1.44803, 2.55623, 
0.00672501, 1.44777, 2.55889, 
0.00677516, 1.44782, 2.5589, 
0.00637611, 1.44856, 2.55829, 
0.00630359, 1.45373, 2.55689, 
0.0063176, 1.45538, 2.55653, 
0.00631037, 1.46023, 2.55496, 
0.00629416, 1.46518, 2.55345, 
0.0063212, 1.46677, 2.55306, 
0.00631849, 1.46717, 2.55286, 
0.00629388, 1.46726, 2.5528, 
0.00628973, 1.46729, 2.55278, 
0.00631998, 1.4673, 2.5528, 
0.00632769, 1.46727, 2.55283, 
0.00631576, 1.46731, 2.55275, 
0.00632253, 1.4673, 2.55281, 
0.00632043, 1.46731, 2.55278, 
0.00630753, 1.46731, 2.55278, 
0.0063153, 1.46731, 2.55278, 
0.00630933, 1.46731, 2.55278, 
0.00632164, 1.4673, 2.5528, 
0.00631634, 1.46731, 2.55278, 
0.00629127, 1.46731, 2.55278, 
0.00628705, 1.46731, 2.55278, 
0.0060554, 1.46787, 2.55236, 
0.00600682, 1.47279, 2.55068, 
0.00602706, 1.47432, 2.55033, 
0.00542503, 1.47439, 2.54911, 
0.00534344, 1.47876, 2.54714, 
0.00542479, 1.48067, 2.54702, 
0.0054118, 1.48113, 2.54689, 
0.00544352, 1.48124, 2.54683, 
0.00544361, 1.48125, 2.54682, 
0.00544898, 1.48127, 2.54684, 
0.00543153, 1.48128, 2.5468, 
0.00545649, 1.48128, 2.54681, 
0.00535679, 1.48126, 2.54667, 
0.00534677, 1.48578, 2.5448, 
0.00238128, 1.48848, 2.54256, 
0.00218028, 1.4926, 2.5405, 
0.002003, 1.49486, 2.5401, 
0.00193582, 1.49947, 2.53821, 
0.00209543, 1.50058, 2.53758, 
0.00207858, 1.50477, 2.53558, 
0.00209377, 1.50656, 2.53521, 
0.00211957, 1.50701, 2.53506, 
0.00212092, 1.50712, 2.53501, 
0.00208685, 1.50716, 2.53497, 
0.0021131, 1.50717, 2.53496, 
0.00212152, 1.50717, 2.53497, 
0.00211662, 1.50715, 2.53499, 
-0.00151678, 1.50833, 2.53376, 
-0.00183278, 1.51256, 2.53172, 
-0.0016186, 1.51425, 2.53134, 
-0.00155846, 1.51481, 2.53098, 
-0.00152733, 1.51916, 2.52889, 
-0.00155147, 1.52073, 2.52846, 
-0.00152854, 1.52114, 2.52831, 
-0.00152651, 1.52124, 2.52826, 
-0.00153491, 1.52161, 2.52782, 
-0.00151317, 1.52592, 2.52566, 
-0.00486376, 1.52528, 2.52482, 
-0.00511855, 1.5288, 2.52248, 
-0.00510118, 1.53317, 2.52038, 
-0.00512372, 1.53409, 2.51963, 
-0.00514862, 1.53811, 2.51732, 
-0.00790276, 1.53854, 2.51684, 
-0.00805649, 1.54239, 2.51443, 
-0.00802518, 1.53841, 2.51464, 
-0.00751476, 1.51351, 2.52049, 
-0.00668025, 1.47181, 2.52963, 
-0.00607256, 1.44222, 2.53554, 
-0.0058615, 1.43028, 2.53862, 
-0.0058357, 1.43099, 2.53895, 
-0.00580318, 1.43633, 2.53787, 
-0.00602067, 1.44159, 2.53717, 
-0.00606262, 1.44656, 2.5361, 
-0.00601697, 1.44844, 2.53574, 
-0.00711346, 1.45141, 2.5344, 
-0.0072437, 1.45695, 2.53322, 
-0.00880059, 1.46109, 2.53215, 
-0.00891816, 1.46584, 2.53071, 
-0.0036906, 1.46391, 2.53236, 
0.0105773, 1.44258, 2.53863, 
0.0149628, 1.43523, 2.54005, 
0.0146578, 1.43611, 2.54048, 
0.0120152, 1.44301, 2.53746, 
0.0118601, 1.44866, 2.53645, 
0.00781093, 1.45298, 2.53522, 
0.00752562, 1.45836, 2.53404, 
0.00780842, 1.45983, 2.53358, 
0.0078498, 1.46021, 2.53342, 
0.00786985, 1.46031, 2.53337, 
0.00786933, 1.46034, 2.53336, 
0.0078639, 1.46035, 2.53336, 
0.00786331, 1.46036, 2.53334, 
0.00788486, 1.46035, 2.53335, 
0.00785077, 1.46035, 2.53335, 
0.00754699, 1.46568, 2.53243, 
0.00751009, 1.47029, 2.53105, 
0.00302059, 1.47322, 2.52975, 
0.00268416, 1.47784, 2.52812, 
0.00293711, 1.47972, 2.52779, 
0.00299486, 1.48018, 2.52768, 
0.00302187, 1.48491, 2.52601, 
0.00412382, 1.48746, 2.52539, 
0.00428541, 1.49217, 2.52372, 
0.00421104, 1.49385, 2.52331, 
0.000964297, 1.49482, 2.52316, 
0.000805126, 1.49934, 2.52144, 
0.000984356, 1.50108, 2.52103, 
0.00101814, 1.50153, 2.52087, 
0.00030629, 1.50417, 2.51953, 
0.000266417, 1.50883, 2.51769, 
-0.00174661, 1.51012, 2.51705, 
-0.00184863, 1.51442, 2.51506, 
-0.00236163, 1.51104, 2.51532, 
-0.00368618, 1.48633, 2.52076, 
-0.00554563, 1.45295, 2.52665, 
-0.00633759, 1.43818, 2.52934, 
-0.00633944, 1.43816, 2.52996, 
-0.00631467, 1.43886, 2.5303, 
-0.00631093, 1.439, 2.53031, 
-0.00634915, 1.43902, 2.53031, 
-0.00632054, 1.43902, 2.5303, 
-0.00635717, 1.43903, 2.53029, 
-0.00630952, 1.43903, 2.53031, 
-0.00632223, 1.43903, 2.53029, 
-0.00632791, 1.43903, 2.53029, 
-0.00631956, 1.43904, 2.53028, 
-0.00632137, 1.43904, 2.53028, 
-0.00630684, 1.43931, 2.53026, 
-0.00625064, 1.44453, 2.52912, 
-0.00338122, 1.45065, 2.5287, 
-0.00313986, 1.45604, 2.52775, 
-0.0032696, 1.45764, 2.52729, 
-0.00334369, 1.45808, 2.52707, 
-0.00335368, 1.45819, 2.52703, 
-0.00335311, 1.45821, 2.52703, 
-0.0033524, 1.45823, 2.52702, 
-0.0033875, 1.45824, 2.52701, 
-0.00335506, 1.45823, 2.52702, 
-0.00335522, 1.45823, 2.52703, 
-0.00333984, 1.45842, 2.52693, 
-0.00329233, 1.4636, 2.52561, 
-0.00333983, 1.46533, 2.52534, 
-0.00230832, 1.46821, 2.52481, 
-0.00225685, 1.47314, 2.52348, 
-0.00224034, 1.47822, 2.52207, 
-0.00272374, 1.48093, 2.52187, 
-0.00270439, 1.48591, 2.52049, 
-0.00271239, 1.48755, 2.52001, 
-0.00268791, 1.48798, 2.51982, 
-0.00268383, 1.49275, 2.51815, 
-0.00297631, 1.49486, 2.51776, 
-0.00299099, 1.49968, 2.5161, 
-0.00620064, 1.50203, 2.51549, 
-0.00636392, 1.50647, 2.51367, 
-0.00623844, 1.50833, 2.5134, 
-0.00630696, 1.50904, 2.51321, 
-0.00631421, 1.51375, 2.51141, 
-0.00423282, 1.51476, 2.51142, 
-0.00408808, 1.51917, 2.50955, 
-0.00410337, 1.52384, 2.50772, 
-0.00508433, 1.52513, 2.50733, 
-0.00519588, 1.52948, 2.50536, 
-0.00513354, 1.53121, 2.50496, 
-0.00510748, 1.53165, 2.5048, 
-0.00509718, 1.53177, 2.50476, 
-0.00509466, 1.53179, 2.50475, 
-0.00511656, 1.53181, 2.50474, 
-0.00510636, 1.53181, 2.50473, 
-0.00509896, 1.53181, 2.50474, 
-0.00509693, 1.53181, 2.50475, 
-0.00511885, 1.53181, 2.50474, 
-0.00510861, 1.53181, 2.50473, 
-0.00510114, 1.53181, 2.50474, 
-0.00509905, 1.53181, 2.50475, 
-0.00512091, 1.53181, 2.50474, 
-0.00511061, 1.53181, 2.50473, 
-0.00510309, 1.53181, 2.50474, 
-0.00501431, 1.53198, 2.50468, 
-0.00496509, 1.53642, 2.50268, 
-0.00506367, 1.53643, 2.50286, 
-0.00506087, 1.54044, 2.50074, 
-0.00506363, 1.54231, 2.50043, 
-0.00507036, 1.54278, 2.50028, 
