117.861, 63.0309, 117.578, -18.4059, 24.0231, -24.5532, -43.403, 
117.859, 63.0274, 117.589, -18.4053, 24.0317, -24.5522, -43.4027, 
117.858, 63.0265, 117.6, -18.4051, 24.0396, -24.5514, -43.4025, 
117.858, 63.026, 117.611, -18.4051, 24.047, -24.5508, -43.4023, 
117.858, 63.0255, 117.62, -18.405, 24.0541, -24.5502, -43.4022, 
117.858, 63.0252, 117.63, -18.405, 24.0611, -24.5496, -43.402, 
117.858, 63.0248, 117.639, -18.4049, 24.0678, -24.549, -43.4019, 
117.858, 63.0245, 117.648, -18.4049, 24.0743, -24.5484, -43.4018, 
117.858, 63.0242, 117.657, -18.4048, 24.0807, -24.5479, -43.4016, 
117.858, 63.0239, 117.666, -18.4048, 24.0869, -24.5473, -43.4015, 
117.858, 63.0236, 117.674, -18.4047, 24.0929, -24.5468, -43.4014, 
117.858, 63.0233, 117.682, -18.4047, 24.0987, -24.5463, -43.4013, 
117.858, 63.023, 117.69, -18.4046, 24.1044, -24.5458, -43.4011, 
117.858, 63.0227, 117.698, -18.4046, 24.11, -24.5454, -43.401, 
117.858, 63.0225, 117.705, -18.4045, 24.1153, -24.5449, -43.4009, 
117.858, 63.0222, 117.712, -18.4045, 24.1206, -24.5444, -43.4008, 
117.858, 63.0219, 117.72, -18.4045, 24.1257, -24.544, -43.4007, 
117.858, 63.0217, 117.726, -18.4044, 24.1306, -24.5436, -43.4006, 
117.857, 63.0214, 117.733, -18.4044, 24.1354, -24.5432, -43.4005, 
117.857, 63.0212, 117.74, -18.4044, 24.1401, -24.5428, -43.4004, 
117.857, 63.021, 117.746, -18.4043, 24.1446, -24.5424, -43.4003, 
117.857, 63.0208, 117.752, -18.4043, 24.1491, -24.542, -43.4002, 
117.857, 63.0205, 117.758, -18.4043, 24.1534, -24.5416, -43.4001, 
117.857, 63.0203, 117.764, -18.4042, 24.1576, -24.5412, -43.4, 
117.857, 63.0201, 117.769, -18.4042, 24.1616, -24.5409, -43.4, 
117.857, 63.0199, 117.775, -18.4042, 24.1656, -24.5405, -43.3999, 
117.857, 63.0197, 117.78, -18.4041, 24.1694, -24.5402, -43.3998, 
117.857, 63.0196, 117.785, -18.4041, 24.1732, -24.5399, -43.3997, 
117.857, 63.0194, 117.79, -18.4041, 24.1768, -24.5396, -43.3996, 
117.857, 63.0192, 117.795, -18.404, 24.1804, -24.5392, -43.3996, 
117.857, 63.019, 117.8, -18.404, 24.1838, -24.5389, -43.3995, 
117.857, 63.0189, 117.805, -18.404, 24.1872, -24.5387, -43.3994, 
117.857, 63.0187, 117.809, -18.404, 24.1904, -24.5384, -43.3994, 
117.857, 63.0185, 117.814, -18.4039, 24.1936, -24.5381, -43.3993, 
117.857, 63.0184, 117.818, -18.4039, 24.1967, -24.5378, -43.3992, 
117.857, 63.0182, 117.822, -18.4039, 24.1997, -24.5376, -43.3992, 
117.857, 63.0181, 117.826, -18.4039, 24.2026, -24.5373, -43.3991, 
117.857, 63.0179, 117.83, -18.4038, 24.2054, -24.537, -43.3991, 
117.857, 63.0178, 117.834, -18.4038, 24.2082, -24.5368, -43.399, 
117.857, 63.0177, 117.838, -18.4038, 24.2108, -24.5366, -43.399, 
117.857, 63.0175, 117.841, -18.4038, 24.2134, -24.5363, -43.3989, 
117.857, 63.0174, 117.845, -18.4038, 24.216, -24.5361, -43.3989, 
117.857, 63.0173, 117.848, -18.4037, 24.2184, -24.5359, -43.3988, 
117.857, 63.0172, 117.852, -18.4037, 24.2208, -24.5357, -43.3988, 
117.857, 63.017, 117.855, -18.4037, 24.2232, -24.5355, -43.3987, 
117.857, 63.0169, 117.858, -18.4037, 24.2254, -24.5353, -43.3987, 
117.857, 63.0168, 117.861, -18.4037, 24.2276, -24.5351, -43.3986, 
117.857, 63.0167, 117.864, -18.4037, 24.2298, -24.5349, -43.3986, 
117.857, 63.0166, 117.867, -18.4036, 24.2319, -24.5347, -43.3985, 
117.857, 63.0165, 117.87, -18.4036, 24.2339, -24.5345, -43.3985, 
117.857, 63.0164, 117.873, -18.4036, 24.2359, -24.5343, -43.3985, 
117.857, 63.0163, 117.875, -18.4036, 24.2378, -24.5342, -43.3984, 
117.782, 63.9052, 117.614, -18.3483, 24.2552, -24.6793, -43.6539, 
117.746, 64.4858, 117.532, -18.3306, 24.2541, -24.7109, -43.7213, 
117.748, 65.0368, 117.442, -18.33, 24.1989, -24.7171, -43.7225, 
117.742, 65.4697, 117.412, -18.365, 24.0588, -24.7085, -43.7033, 
117.742, 66.0244, 117.352, -18.3744, 23.9874, -24.7055, -43.6993, 
117.738, 66.4736, 117.242, -18.3438, 23.9371, -24.7677, -43.7408, 
117.737, 66.9303, 117.15, -18.3375, 23.8846, -24.7839, -43.7495, 
117.737, 67.1405, 117.131, -18.3379, 23.8732, -24.7826, -43.7497, 
117.737, 67.1942, 117.12, -18.3383, 23.8672, -24.7841, -43.7498, 
117.738, 67.2078, 117.118, -18.3385, 23.8663, -24.7848, -43.7498, 
117.76, 67.3965, 116.95, -18.2823, 24.009, -24.8955, -43.7891, 
0, 0, 0, 0, 0, 0, 0, 
117.712, 68.2692, 116.725, -18.3381, 23.9935, -24.9428, -43.8002, 
117.705, 68.7493, 116.614, -18.3532, 23.9258, -24.9567, -43.796, 
117.705, 69.2598, 116.506, -18.3562, 23.8636, -24.964, -43.7965, 
117.718, 69.5273, 116.464, -18.3196, 23.8227, -25.0096, -43.8317, 
117.72, 70.0231, 116.349, -18.3199, 23.7573, -25.019, -43.8332, 
117.718, 70.1971, 116.324, -18.3206, 23.7448, -25.0194, -43.8333, 
117.718, 70.2413, 116.314, -18.321, 23.7397, -25.0209, -43.8333, 
117.718, 70.2527, 116.314, -18.3211, 23.7395, -25.0214, -43.8333, 
117.732, 70.3768, 116.192, -18.2905, 23.8795, -25.135, -43.8491, 
117.737, 70.8915, 116.05, -18.2818, 23.8678, -25.1764, -43.8546, 
117.759, 71.1158, 115.952, -18.2585, 23.9265, -25.213, -43.8631, 
117.77, 71.5885, 115.813, -18.2533, 23.8853, -25.2329, -43.8664, 
117.77, 72.0858, 115.698, -18.2549, 23.8231, -25.2402, -43.8669, 
117.771, 72.2721, 115.666, -18.2654, 23.8011, -25.2334, -43.8558, 
117.773, 72.7346, 115.541, -18.2741, 23.7306, -25.2386, -43.8501, 
117.765, 72.9036, 115.52, -18.2965, 23.7109, -25.2213, -43.8243, 
117.764, 73.3291, 115.392, -18.3055, 23.64, -25.2283, -43.8179, 
117.764, 73.8203, 115.271, -18.3073, 23.5769, -25.236, -43.8184, 
117.763, 73.9952, 115.238, -18.3103, 23.5596, -25.2388, -43.8183, 
117.763, 74.4627, 115.105, -18.3129, 23.4903, -25.2495, -43.8189, 
117.78, 74.5953, 115.092, -18.3247, 23.4773, -25.2437, -43.7743, 
117.789, 75.0038, 114.958, -18.3313, 23.4058, -25.2548, -43.7628, 
117.786, 75.4862, 114.832, -18.3355, 23.3409, -25.2637, -43.7633, 
117.794, 75.6576, 114.776, -18.3255, 23.3553, -25.2781, -43.7622, 
117.798, 76.0945, 114.627, -18.3235, 23.301, -25.298, -43.7628, 
117.806, 76.2533, 114.598, -18.3021, 23.3251, -25.3287, -43.7767, 
117.811, 76.6655, 114.455, -18.2964, 23.2666, -25.3525, -43.7818, 
117.81, 76.858, 114.433, -18.2967, 23.2573, -25.351, -43.7818, 
117.81, 76.9068, 114.424, -18.297, 23.2528, -25.3521, -43.7818, 
117.81, 77.336, 114.288, -18.2994, 23.185, -25.3635, -43.7822, 
117.81, 77.5186, 114.263, -18.2996, 23.1742, -25.3633, -43.7823, 
117.81, 77.5649, 114.254, -18.2998, 23.1696, -25.3646, -43.7823, 
117.81, 77.5764, 114.253, -18.2999, 23.1693, -25.3651, -43.7823, 
117.81, 77.5794, 114.257, -18.2999, 23.1709, -25.365, -43.7823, 
117.807, 77.4885, 114.285, -18.326, 23.2099, -25.3743, -43.7551, 
117.807, 77.85, 114.167, -18.338, 23.155, -25.3893, -43.7471, 
117.806, 78.2977, 114.053, -18.3442, 23.0995, -25.3982, -43.7445, 
117.802, 78.4232, 114.06, -18.3582, 23.0719, -25.3915, -43.7376, 
117.801, 78.8508, 113.931, -18.3618, 23.0072, -25.402, -43.7374, 
117.802, 79.3046, 113.807, -18.3621, 22.9505, -25.4099, -43.7383, 
117.802, 79.4523, 113.783, -18.3627, 22.9414, -25.415, -43.7381, 
117.801, 79.8518, 113.654, -18.3655, 22.881, -25.4289, -43.7384, 
117.799, 79.9879, 113.653, -18.3759, 22.8729, -25.4226, -43.7303, 
117.798, 80.4035, 113.521, -18.3798, 22.8069, -25.4354, -43.7298, 
117.798, 80.8464, 113.392, -18.3815, 22.7484, -25.443, -43.7305, 
117.799, 81.006, 113.358, -18.3808, 22.7347, -25.4433, -43.7306, 
117.798, 81.0462, 113.349, -18.382, 22.7287, -25.4457, -43.7304, 
117.798, 81.0564, 113.349, -18.3826, 22.7282, -25.4459, -43.7301, 
117.799, 81.0591, 113.352, -18.3819, 22.7303, -25.4462, -43.7305, 
117.799, 81.4558, 113.228, -18.3837, 22.6721, -25.4572, -43.7308, 
117.799, 81.6295, 113.207, -18.3838, 22.6637, -25.4568, -43.7308, 
117.799, 81.6729, 113.197, -18.384, 22.6594, -25.4581, -43.7308, 
117.799, 81.6834, 113.197, -18.3841, 22.6589, -25.4586, -43.7308, 
117.799, 81.6862, 113.2, -18.384, 22.6602, -25.4585, -43.7308, 
117.803, 81.6524, 113.213, -18.3887, 22.6812, -25.4629, -43.7207, 
117.805, 82.0538, 113.093, -18.3905, 22.6271, -25.4726, -43.7208, 
117.813, 82.114, 113.112, -18.3928, 22.6499, -25.4774, -43.7052, 
117.815, 82.4993, 112.987, -18.3946, 22.5944, -25.4889, -43.7051, 
117.815, 82.9225, 112.88, -18.3958, 22.5488, -25.4984, -43.7055, 
117.816, 83.0293, 112.879, -18.4034, 22.5345, -25.4925, -43.6986, 
117.818, 83.376, 112.768, -18.409, 22.477, -25.5009, -43.696, 
117.818, 83.7977, 112.657, -18.4104, 22.427, -25.5083, -43.6962, 
117.818, 83.9435, 112.625, -18.41, 22.4226, -25.5159, -43.6958, 
117.819, 84.3145, 112.501, -18.4119, 22.3775, -25.5327, -43.6962, 
117.844, 84.3763, 112.467, -18.3975, 22.4793, -25.5782, -43.684, 
117.854, 84.6827, 112.331, -18.399, 22.452, -25.6063, -43.6808, 
117.854, 85.0967, 112.219, -18.3987, 22.4036, -25.6127, -43.6813, 
117.857, 85.2368, 112.185, -18.3964, 22.3988, -25.6218, -43.6791, 
117.857, 85.6197, 112.061, -18.3988, 22.3434, -25.6329, -43.68, 
0, 0, 0, 0, 0, 0, 0, 
117.855, 86.0714, 111.944, -18.4214, 22.2805, -25.6402, -43.6616, 
117.856, 86.4661, 111.826, -18.4217, 22.2304, -25.6476, -43.6623, 
117.856, 86.6011, 111.798, -18.4215, 22.2195, -25.6497, -43.6609, 
117.858, 86.9474, 111.677, -18.4231, 22.1657, -25.661, -43.6596, 
0, 0, 0, 0, 0, 0, 0, 
117.864, 87.3968, 111.534, -18.4303, 22.1376, -25.6835, -43.6486, 
117.863, 87.5469, 111.515, -18.4288, 22.1333, -25.6813, -43.6493, 
117.863, 87.5838, 111.508, -18.4288, 22.1299, -25.6823, -43.6493, 
117.863, 87.5924, 111.508, -18.4289, 22.1296, -25.6826, -43.6493, 
117.864, 87.5901, 111.512, -18.4285, 22.1341, -25.6837, -43.6478, 
117.866, 87.9213, 111.4, -18.4301, 22.0859, -25.6962, -43.6468, 
117.871, 87.9622, 111.408, -18.4384, 22.1304, -25.7019, -43.6243, 
117.873, 88.2928, 111.285, -18.4404, 22.0767, -25.7128, -43.6236, 
117.873, 88.6673, 111.175, -18.4408, 22.0299, -25.7186, -43.6231, 
117.873, 88.7622, 111.161, -18.4481, 22.0212, -25.7183, -43.6146, 
117.874, 89.1046, 111.041, -18.4494, 21.9696, -25.7273, -43.6146, 
117.874, 89.2185, 111.036, -18.4555, 21.9676, -25.7262, -43.6067, 
117.875, 89.5259, 110.926, -18.4613, 21.9181, -25.7371, -43.6031, 
117.878, 89.6136, 110.936, -18.4736, 21.9268, -25.7384, -43.5803, 
117.883, 89.8902, 110.825, -18.4809, 21.88, -25.7501, -43.571, 
117.881, 90.2509, 110.719, -18.4828, 21.833, -25.7592, -43.5714, 
117.885, 90.3552, 110.69, -18.4795, 21.8459, -25.7742, -43.5697, 
117.886, 90.6826, 110.57, -18.4808, 21.7953, -25.7851, -43.5698, 
117.891, 90.6811, 110.605, -18.4767, 21.8217, -25.7923, -43.5656, 
0, 0, 0, 0, 0, 0, 0, 
117.892, 91.0857, 110.484, -18.4773, 21.7744, -25.8036, -43.5643, 
117.894, 91.1264, 110.477, -18.475, 21.772, -25.8035, -43.5646, 
117.893, 91.1354, 110.475, -18.4757, 21.7716, -25.8038, -43.5647, 
117.893, 91.0788, 110.503, -18.4854, 21.7923, -25.8126, -43.5528, 
117.896, 91.3425, 110.4, -18.4883, 21.7505, -25.8252, -43.5482, 
117.902, 91.4264, 110.416, -18.5003, 21.771, -25.8275, -43.5228, 
117.906, 91.6732, 110.317, -18.5084, 21.7341, -25.8367, -43.5136, 
117.906, 91.6733, 110.298, -18.5052, 21.7293, -25.8359, -43.5135, 
117.906, 91.6733, 110.291, -18.5052, 21.7258, -25.8369, -43.5135, 
117.905, 91.6733, 110.199, -18.5061, 21.6865, -25.8441, -43.5137, 
117.906, 91.6733, 110.172, -18.5064, 21.6741, -25.8467, -43.5137, 
117.905, 91.6733, 110.171, -18.5064, 21.6746, -25.8463, -43.5137, 
117.905, 91.6733, 110.174, -18.5064, 21.6761, -25.846, -43.5137, 
117.905, 91.6733, 110.177, -18.5063, 21.6775, -25.8457, -43.5137, 
117.897, 91.6733, 110.095, -18.4903, 21.6442, -25.8483, -43.537, 
117.895, 91.6733, 109.985, -18.4897, 21.5934, -25.8594, -43.5388, 
117.895, 91.6733, 109.908, -18.4904, 21.5612, -25.865, -43.539, 
117.895, 91.6733, 109.881, -18.4885, 21.5516, -25.866, -43.5428, 
117.894, 91.6733, 109.804, -18.4888, 21.5187, -25.8722, -43.5432, 
117.882, 91.6733, 109.715, -18.4894, 21.444, -25.8545, -43.5529, 
117.882, 91.6733, 109.637, -18.4898, 21.4103, -25.8618, -43.5533, 
117.882, 91.6733, 109.571, -18.4901, 21.3827, -25.8667, -43.5535, 
117.871, 91.6733, 109.52, -18.4941, 21.3213, -25.8399, -43.5594, 
117.87, 91.6733, 109.447, -18.4945, 21.2884, -25.8464, -43.5595, 
117.87, 91.6733, 109.394, -18.4832, 21.2863, -25.851, -43.5731, 
117.87, 91.6733, 109.313, -18.481, 21.2536, -25.8592, -43.5759, 
117.87, 91.6733, 109.309, -18.481, 21.2544, -25.858, -43.5759, 
117.87, 91.6733, 109.31, -18.481, 21.2557, -25.8575, -43.5759, 
117.866, 91.6733, 109.273, -18.471, 21.242, -25.8541, -43.5887, 
117.865, 91.6733, 109.201, -18.4687, 21.2108, -25.8597, -43.5913, 
117.859, 91.6733, 109.116, -18.4517, 21.1818, -25.8593, -43.6127, 
117.859, 91.6733, 109.062, -18.452, 21.1589, -25.864, -43.6126, 
117.859, 91.6733, 109.02, -18.4519, 21.1432, -25.8662, -43.6127, 
117.858, 91.6733, 109.007, -18.4522, 21.1328, -25.8623, -43.6142, 
0, 0, 0, 0, 0, 0, 0, 
117.849, 91.6733, 108.904, -18.4465, 21.0618, -25.8429, -43.6275, 
117.849, 91.6733, 108.855, -18.4468, 21.0436, -25.8498, -43.6264, 
117.849, 91.6733, 108.819, -18.4466, 21.0306, -25.8514, -43.6265, 
117.848, 91.6733, 108.804, -18.4432, 21.0252, -25.8493, -43.6319, 
117.848, 91.6733, 108.767, -18.4425, 21.011, -25.8515, -43.6323, 
117.843, 91.6733, 108.701, -18.4247, 20.9773, -25.8469, -43.6528, 
117.843, 91.6733, 108.659, -18.426, 20.9607, -25.8516, -43.6506, 
117.843, 91.6733, 108.63, -18.4257, 20.9507, -25.8528, -43.6507, 
117.841, 91.6733, 108.604, -18.4177, 20.9393, -25.8461, -43.6612, 
117.839, 91.6733, 108.56, -18.4142, 20.9203, -25.8471, -43.6647, 
117.833, 91.6733, 108.522, -18.4055, 20.906, -25.8439, -43.681, 
117.833, 91.6733, 108.488, -18.4048, 20.8923, -25.8466, -43.6813, 
117.833, 91.6733, 108.49, -18.4048, 20.8952, -25.8452, -43.6813, 
117.833, 91.6733, 108.491, -18.4048, 20.896, -25.8449, -43.6813, 
117.833, 91.6733, 108.47, -18.4044, 20.8895, -25.8455, -43.6814, 
117.833, 91.6733, 108.463, -18.4044, 20.8874, -25.8458, -43.6814, 
117.833, 91.6733, 108.463, -18.4043, 20.8875, -25.8457, -43.6814, 
117.833, 91.6733, 108.464, -18.4043, 20.8878, -25.8456, -43.6814, 
117.833, 91.6733, 108.465, -18.4043, 20.8881, -25.8456, -43.6814, 
117.833, 91.6733, 108.446, -18.404, 20.8824, -25.846, -43.6816, 
117.828, 91.6733, 108.424, -18.3983, 20.8729, -25.8414, -43.696, 
117.824, 91.6733, 108.389, -18.3954, 20.8578, -25.8424, -43.7012, 
117.822, 91.6733, 108.353, -18.3786, 20.849, -25.8347, -43.7235, 
117.82, 91.6733, 108.316, -18.375, 20.8339, -25.8368, -43.727, 
117.814, 91.6733, 108.278, -18.3626, 20.8228, -25.8309, -43.7454, 
117.813, 91.6733, 108.249, -18.3614, 20.8104, -25.8336, -43.746, 
117.813, 91.6733, 108.251, -18.3613, 20.8135, -25.8323, -43.746, 
117.813, 91.6733, 108.252, -18.3613, 20.8142, -25.832, -43.746, 
117.813, 91.6733, 108.253, -18.3613, 20.8144, -25.8319, -43.746, 
117.808, 91.6733, 108.24, -18.3593, 20.7971, -25.8203, -43.756, 
117.807, 91.6733, 108.221, -18.3588, 20.7898, -25.8213, -43.7563, 
117.803, 91.6727, 108.176, -18.3545, 20.7704, -25.8241, -43.7603, 
117.807, 91.6733, 108.189, -18.3589, 20.7784, -25.8229, -43.7518, 
117.806, 91.6734, 108.179, -18.3597, 20.7708, -25.8261, -43.7512, 
117.805, 91.6738, 108.177, -18.3595, 20.7708, -25.8255, -43.7513, 
117.805, 91.6744, 108.177, -18.3595, 20.7703, -25.8256, -43.7516, 
117.805, 91.6733, 108.178, -18.3594, 20.7708, -25.8262, -43.7522, 
117.806, 91.6735, 108.175, -18.3585, 20.772, -25.8245, -43.7518, 
117.796, 91.6739, 108.15, -18.3518, 20.751, -25.8218, -43.7693, 
117.796, 91.6741, 108.13, -18.3509, 20.7457, -25.8203, -43.7697, 
117.795, 91.6747, 108.121, -18.3515, 20.7457, -25.8215, -43.7696, 
117.794, 91.6745, 108.116, -18.3507, 20.7377, -25.8165, -43.7719, 
117.793, 91.6728, 108.104, -18.3508, 20.7243, -25.8157, -43.7729, 
117.795, 91.6734, 108.05, -18.3304, 20.7164, -25.8104, -43.7914, 
117.794, 91.6738, 108.023, -18.3291, 20.7061, -25.813, -43.7939, 
117.794, 91.6739, 108.015, -18.3286, 20.7062, -25.8125, -43.794, 
117.79, 91.6734, 107.979, -18.3154, 20.6905, -25.8052, -43.8098, 
117.79, 91.6733, 107.967, -18.3153, 20.6841, -25.8097, -43.8104, 
117.796, 91.67, 107.98, -18.3173, 20.726, -25.8281, -43.7993, 
117.799, 91.6733, 107.989, -18.3167, 20.7528, -25.8305, -43.7954, 
117.792, 91.6731, 107.954, -18.3047, 20.7313, -25.8292, -43.8161, 
117.791, 91.674, 107.931, -18.3005, 20.7237, -25.8274, -43.8181, 
117.792, 91.6733, 107.923, -18.2981, 20.7268, -25.8238, -43.8188, 
117.792, 91.6736, 107.915, -18.2942, 20.7268, -25.8231, -43.8236, 
117.79, 91.6744, 107.897, -18.2927, 20.7236, -25.8234, -43.8267, 
117.777, 91.6731, 107.883, -18.2973, 20.69, -25.8081, -43.8386, 
117.774, 91.6738, 107.861, -18.2974, 20.6794, -25.8055, -43.8404, 
117.775, 91.6742, 107.864, -18.2969, 20.6843, -25.803, -43.8406, 
117.775, 91.6733, 107.866, -18.2969, 20.685, -25.8027, -43.8404, 
117.774, 91.6726, 107.861, -18.2976, 20.6863, -25.8043, -43.8403, 
117.769, 91.6733, 107.878, -18.3052, 20.6533, -25.7708, -43.8391, 
117.764, 91.6733, 107.892, -18.3098, 20.6361, -25.7483, -43.8388, 
117.776, 91.6741, 107.821, -18.2847, 20.7246, -25.8509, -43.8524, 
117.778, 91.6741, 107.789, -18.2791, 20.7415, -25.8713, -43.856, 
117.752, 91.6611, 107.896, -18.3103, 20.6059, -25.7254, -43.8562, 
117.75, 91.6733, 107.9, -18.3095, 20.6096, -25.722, -43.8567, 
117.75, 91.6744, 107.887, -18.3084, 20.6156, -25.7277, -43.8574, 
117.752, 91.6745, 107.874, -18.304, 20.6383, -25.7489, -43.86, 
117.753, 91.6738, 107.865, -18.3028, 20.6386, -25.7481, -43.8593, 
117.771, 91.6738, 107.796, -18.2768, 20.7355, -25.8403, -43.863, 
117.771, 91.6735, 107.783, -18.2776, 20.7356, -25.8445, -43.8628, 
117.77, 91.6743, 107.787, -18.2778, 20.7391, -25.8438, -43.8631, 
117.77, 91.673, 107.789, -18.2778, 20.739, -25.8426, -43.8625, 
117.784, 91.6735, 107.72, -18.2568, 20.8327, -25.9393, -43.8683, 
117.789, 91.6741, 107.688, -18.2503, 20.8504, -25.9642, -43.8697, 
117.778, 91.6725, 107.741, -18.2713, 20.784, -25.889, -43.8615, 
117.773, 91.6739, 107.762, -18.2783, 20.7639, -25.8553, -43.8591, 
117.774, 91.6739, 107.754, -18.2779, 20.7611, -25.8565, -43.8591, 
117.774, 91.6739, 107.753, -18.2778, 20.7609, -25.8566, -43.8591, 
0, 0, 0, 0, 0, 0, 0, 
117.787, 91.6733, 107.683, -18.2532, 20.8423, -25.9443, -43.8699, 
117.813, 91.6733, 107.578, -18.218, 20.9841, -26.0881, -43.8732, 
117.818, 91.6728, 107.549, -18.2147, 20.9972, -26.1136, -43.8735, 
117.818, 91.6732, 107.55, -18.2153, 20.9986, -26.1144, -43.8735, 
0, 0, 0, 0, 0, 0, 0, 
117.816, 91.6738, 107.552, -18.2179, 20.9895, -26.1026, -43.8729, 
117.816, 91.6742, 107.55, -18.2172, 20.9897, -26.1019, -43.8729, 
117.817, 91.6733, 107.551, -18.217, 20.9898, -26.102, -43.8728, 
117.831, 91.6733, 107.482, -18.1968, 21.085, -26.2053, -43.878, 
117.835, 91.6744, 107.45, -18.1936, 21.1036, -26.2315, -43.8793, 
117.849, 91.6736, 107.383, -18.1757, 21.2125, -26.3392, -43.8796, 
117.85, 91.6742, 107.371, -18.1761, 21.2121, -26.3412, -43.8792, 
117.849, 91.6742, 107.377, -18.1761, 21.2158, -26.3392, -43.8792, 
117.848, 91.6742, 107.377, -18.1761, 21.2162, -26.3389, -43.8792, 
117.848, 91.6742, 107.376, -18.1762, 21.2171, -26.3378, -43.8792, 
117.851, 91.6733, 107.363, -18.1724, 21.2384, -26.3582, -43.8795, 
117.854, 91.6745, 107.346, -18.169, 21.2558, -26.3745, -43.8796, 
117.867, 91.6733, 107.281, -18.1456, 21.3512, -26.4679, -43.886, 
117.873, 91.6739, 107.25, -18.1396, 21.3726, -26.4954, -43.8874, 
117.873, 91.6748, 107.251, -18.1395, 21.3753, -26.4941, -43.8875, 
117.873, 91.6748, 107.25, -18.1395, 21.3751, -26.4939, -43.8874, 
117.873, 91.6748, 107.25, -18.1396, 21.3751, -26.4938, -43.8874, 
117.873, 91.6748, 107.25, -18.1396, 21.3751, -26.4939, -43.8874, 
117.873, 91.6748, 107.25, -18.1396, 21.3751, -26.4939, -43.8874, 
117.873, 91.6748, 107.249, -18.1396, 21.3761, -26.493, -43.8874, 
117.873, 91.6748, 107.249, -18.1396, 21.3762, -26.4926, -43.8874, 
117.873, 91.6748, 107.249, -18.1396, 21.3762, -26.4926, -43.8874, 
117.873, 91.6748, 107.249, -18.1396, 21.3762, -26.4926, -43.8874, 
117.873, 91.6748, 107.249, -18.1396, 21.3762, -26.4926, -43.8874, 
0, 0, 0, 0, 0, 0, 0, 
117.89, 91.6734, 107.138, -18.1107, 21.5045, -26.6401, -43.9001, 
117.892, 91.6743, 107.132, -18.1074, 21.5133, -26.6399, -43.9009, 
117.898, 91.6734, 107.099, -18.0956, 21.565, -26.692, -43.9051, 
117.902, 91.6731, 107.08, -18.0916, 21.582, -26.7146, -43.9063, 
117.892, 91.6717, 107.135, -18.1127, 21.5128, -26.6378, -43.8948, 
117.892, 91.6739, 107.139, -18.1123, 21.5166, -26.629, -43.8951, 
117.892, 91.6744, 107.138, -18.1123, 21.5174, -26.6312, -43.8957, 
117.892, 91.6731, 107.147, -18.1129, 21.5063, -26.6195, -43.8948, 
117.891, 91.6745, 107.147, -18.1141, 21.507, -26.6164, -43.8945, 
0, 0, 0, 0, 0, 0, 0, 
117.902, 91.6732, 107.071, -18.0987, 21.606, -26.7302, -43.8992, 
117.901, 91.6732, 107.077, -18.0987, 21.6094, -26.7283, -43.8991, 
117.901, 91.6732, 107.077, -18.0987, 21.6097, -26.728, -43.8991, 
117.893, 91.6729, 107.123, -18.1167, 21.5382, -26.645, -43.8899, 
117.887, 91.6746, 107.157, -18.127, 21.5114, -26.6097, -43.8861, 
117.898, 91.6733, 107.087, -18.1072, 21.5967, -26.7066, -43.8936, 
117.902, 91.6733, 107.062, -18.1021, 21.6132, -26.7297, -43.8956, 
117.901, 91.6733, 107.069, -18.1018, 21.617, -26.7276, -43.8957, 
117.901, 91.6733, 107.07, -18.1017, 21.6175, -26.7273, -43.8957, 
117.901, 91.6733, 107.07, -18.1017, 21.6184, -26.7265, -43.8958, 
117.901, 91.6733, 107.07, -18.1017, 21.6185, -26.7263, -43.8958, 
117.901, 91.6733, 107.07, -18.1017, 21.6185, -26.7262, -43.8958, 
117.901, 91.6733, 107.07, -18.1017, 21.6185, -26.7262, -43.8958, 
117.901, 91.6733, 107.07, -18.1017, 21.6185, -26.7263, -43.8958, 
117.919, 91.6738, 106.999, -18.0765, 21.7192, -26.83, -43.9003, 
117.919, 91.6733, 106.993, -18.0779, 21.7179, -26.8339, -43.9006, 
117.919, 91.6733, 106.995, -18.0778, 21.7203, -26.8325, -43.9003, 
117.922, 91.6734, 106.984, -18.0732, 21.7386, -26.8536, -43.9018, 
117.923, 91.6734, 106.971, -18.0704, 21.752, -26.8675, -43.9026, 
117.941, 91.6743, 106.902, -18.0437, 21.8561, -26.97, -43.9094, 
117.948, 91.673, 106.875, -18.0374, 21.8774, -26.9985, -43.9109, 
117.946, 91.6739, 106.883, -18.0373, 21.8804, -26.9963, -43.9105, 
117.946, 91.6732, 106.883, -18.0372, 21.882, -26.9953, -43.9106, 
117.971, 91.6735, 106.772, -18.0113, 22.0312, -27.15, -43.9101, 
117.977, 91.6739, 106.753, -18.0083, 22.0404, -27.1705, -43.9085, 
117.974, 91.6733, 106.766, -18.0115, 22.0372, -27.1696, -43.9083, 
117.982, 91.6734, 106.727, -17.9979, 22.0917, -27.2181, -43.9121, 
117.983, 91.6732, 106.726, -17.9985, 22.0907, -27.2213, -43.9114, 
117.995, 91.6732, 106.673, -17.9761, 22.18, -27.3142, -43.9184, 
118.001, 91.6741, 106.647, -17.9685, 22.2018, -27.3374, -43.9208, 
117.989, 91.6725, 106.706, -17.9882, 22.1334, -27.2626, -43.9131, 
117.986, 91.6741, 106.718, -17.9906, 22.1342, -27.2589, -43.9132, 
117.986, 91.6729, 106.723, -17.9919, 22.1318, -27.2605, -43.9129, 
117.99, 91.6733, 106.709, -17.9851, 22.1567, -27.2791, -43.9139, 
117.99, 91.6741, 106.709, -17.985, 22.158, -27.2818, -43.915, 
118.004, 91.6735, 106.642, -17.9614, 22.2543, -27.3806, -43.9206, 
118.011, 91.6739, 106.62, -17.9539, 22.2697, -27.4064, -43.9216, 
118.011, 91.6735, 106.626, -17.9525, 22.2757, -27.4026, -43.9222, 
118.01, 91.6739, 106.628, -17.9535, 22.2751, -27.4032, -43.9218, 
0, 0, 0, 0, 0, 0, 0, 
118.009, 91.6728, 106.636, -17.9549, 22.2738, -27.4044, -43.9221, 
118.01, 91.673, 106.634, -17.9537, 22.2752, -27.4022, -43.9222, 
118.009, 91.6732, 106.636, -17.9549, 22.2735, -27.4045, -43.9222, 
118.01, 91.6732, 106.634, -17.9536, 22.2752, -27.4022, -43.9222, 
118.01, 91.6733, 106.639, -17.9543, 22.2747, -27.4028, -43.9223, 
118.017, 91.6733, 106.6, -17.9433, 22.3335, -27.4562, -43.9242, 
118.018, 91.6748, 106.598, -17.9425, 22.3336, -27.4597, -43.9243, 
118.023, 91.6733, 106.576, -17.931, 22.3787, -27.4993, -43.9289, 
118.028, 91.6737, 106.561, -17.9246, 22.3956, -27.5235, -43.9307, 
0, 0, 0, 0, 0, 0, 0, 
118.027, 91.6746, 106.567, -17.9243, 22.399, -27.5223, -43.9315, 
118.035, 91.6735, 106.527, -17.9087, 22.4595, -27.5834, -43.9378, 
118.04, 91.673, 106.511, -17.9026, 22.4763, -27.6102, -43.9398, 
118.038, 91.6732, 106.518, -17.9052, 22.479, -27.6086, -43.9398, 
118.04, 91.6739, 106.515, -17.9016, 22.4811, -27.6045, -43.9398, 
118.029, 91.6714, 106.572, -17.9206, 22.4034, -27.53, -43.9332, 
118.025, 91.6739, 106.606, -17.9261, 22.3783, -27.4893, -43.9302, 
118.025, 91.6732, 106.609, -17.9262, 22.3771, -27.4893, -43.9306, 
118.029, 91.6734, 106.578, -17.9143, 22.4261, -27.5386, -43.937, 
0, 0, 0, 0, 0, 0, 0, 
118.064, 91.6737, 106.425, -17.8584, 22.6287, -27.7624, -43.9579, 
118.071, 91.6734, 106.402, -17.851, 22.6447, -27.788, -43.9602, 
118.071, 91.6737, 106.403, -17.8498, 22.6525, -27.7942, -43.9608, 
118.082, 91.6743, 106.346, -17.8263, 22.7373, -27.8823, -43.9709, 
118.085, 91.6735, 106.325, -17.8207, 22.7581, -27.9102, -43.9744, 
118.106, 91.6739, 106.229, -17.7857, 22.9023, -28.0546, -43.9866, 
118.109, 91.6741, 106.224, -17.7837, 22.903, -28.0575, -43.9865, 
118.111, 91.674, 106.226, -17.7805, 22.9121, -28.0609, -43.9875, 
118.111, 91.6744, 106.229, -17.7807, 22.912, -28.0636, -43.9878, 
118.112, 91.6733, 106.231, -17.7792, 22.9107, -28.0632, -43.9873, 
118.119, 91.6734, 106.192, -17.7681, 22.97, -28.1173, -43.9895, 
118.124, 91.6732, 106.179, -17.7634, 22.9894, -28.1475, -43.9901, 
118.12, 91.673, 106.203, -17.7711, 22.9615, -28.1106, -43.986, 
118.116, 91.6734, 106.227, -17.7763, 22.9461, -28.0891, -43.9836, 
118.131, 91.6734, 106.162, -17.7531, 23.0365, -28.1835, -43.9891, 
118.138, 91.6732, 106.145, -17.7466, 23.0558, -28.2119, -43.9902, 
118.121, 91.6625, 106.251, -17.779, 22.9289, -28.0604, -43.9734, 
118.114, 91.674, 106.302, -17.7904, 22.8967, -28.0092, -43.9676, 
118.114, 91.6743, 106.308, -17.7899, 22.8918, -28.0051, -43.9672, 
118.121, 91.6738, 106.276, -17.7794, 22.9464, -28.0629, -43.9685, 
118.125, 91.6732, 106.265, -17.776, 22.9617, -28.0901, -43.9684, 
118.124, 91.6732, 106.272, -17.7761, 22.9642, -28.0889, -43.9684, 
118.124, 91.6732, 106.273, -17.7761, 22.9643, -28.0888, -43.9684, 
118.114, 91.673, 106.32, -17.7953, 22.8906, -28.004, -43.9601, 
118.107, 91.6734, 106.355, -17.8062, 22.8654, -27.9684, -43.9569, 
118.109, 91.6738, 106.357, -17.8041, 22.8648, -27.9693, -43.9574, 
118.113, 91.673, 106.335, -17.796, 22.9081, -28.0158, -43.9604, 
118.114, 91.6734, 106.332, -17.7949, 22.91, -28.016, -43.9613, 
118.127, 91.6733, 106.27, -17.7715, 23.0047, -28.1202, -43.9698, 
118.13, 91.6732, 106.251, -17.7678, 23.0195, -28.1499, -43.9713, 
118.125, 91.673, 106.279, -17.7752, 22.9893, -28.1116, -43.9687, 
118.12, 91.6744, 106.302, -17.7811, 22.9728, -28.0908, -43.9682, 
118.127, 91.6732, 106.265, -17.7714, 23.0245, -28.146, -43.969, 
118.131, 91.6739, 106.249, -17.7671, 23.0415, -28.17, -43.9697, 
118.13, 91.6739, 106.256, -17.7671, 23.044, -28.1684, -43.9697, 
118.13, 91.6739, 106.257, -17.7671, 23.0442, -28.1682, -43.9698, 
118.137, 91.6737, 106.218, -17.7531, 23.1032, -28.2295, -43.9761, 
118.138, 91.6747, 106.2, -17.7498, 23.1223, -28.2575, -43.9787, 
118.138, 91.6747, 106.207, -17.7499, 23.1251, -28.2553, -43.9786, 
118.138, 91.6747, 106.208, -17.7499, 23.1254, -28.255, -43.9785, 
118.15, 91.6733, 106.142, -17.7322, 23.2209, -28.3622, -43.9822, 
118.154, 91.6743, 106.12, -17.7279, 23.2389, -28.387, -43.9838, 
118.153, 91.6743, 106.128, -17.7282, 23.2422, -28.3854, -43.9837, 
118.153, 91.6743, 106.13, -17.7283, 23.2424, -28.3853, -43.9837, 
118.152, 91.6734, 106.135, -17.7292, 23.2424, -28.3842, -43.9838, 
118.154, 91.6738, 106.137, -17.7267, 23.2426, -28.3837, -43.9838, 
118.152, 91.6728, 106.14, -17.7292, 23.2411, -28.3858, -43.9835, 
118.152, 91.6734, 106.137, -17.729, 23.2425, -28.3835, -43.9838, 
118.154, 91.6738, 106.137, -17.7266, 23.2425, -28.3836, -43.9838, 
118.153, 91.6728, 106.147, -17.7284, 23.2401, -28.3857, -43.9835, 
118.153, 91.6734, 106.146, -17.728, 23.2413, -28.3833, -43.9838, 
118.155, 91.6738, 106.146, -17.7256, 23.2412, -28.3834, -43.9838, 
118.153, 91.6728, 106.149, -17.7281, 23.2397, -28.3857, -43.9835, 
118.153, 91.6734, 106.147, -17.728, 23.2411, -28.3834, -43.9838, 
118.166, 91.6734, 106.078, -17.7068, 23.3432, -28.4913, -43.9879, 
118.171, 91.6745, 106.057, -17.7016, 23.3637, -28.5213, -43.989, 
118.17, 91.6745, 106.065, -17.7018, 23.3673, -28.5191, -43.989, 
118.17, 91.6745, 106.066, -17.7019, 23.3676, -28.5188, -43.989, 
118.187, 91.6733, 105.965, -17.6672, 23.4985, -28.6687, -44.0052, 
118.19, 91.6745, 105.955, -17.6645, 23.5016, -28.6801, -44.0068, 
118.19, 91.6745, 105.962, -17.6642, 23.5048, -28.6784, -44.0068, 
118.19, 91.6745, 105.963, -17.6642, 23.5051, -28.6782, -44.0068, 
118.19, 91.6745, 105.963, -17.6642, 23.5051, -28.6782, -44.0068, 
118.206, 91.6735, 105.86, -17.6396, 23.6433, -28.8326, -44.0153, 
118.209, 91.6731, 105.852, -17.6377, 23.649, -28.8544, -44.0153, 
118.209, 91.6732, 105.862, -17.6379, 23.6497, -28.8537, -44.0157, 
118.206, 91.673, 105.881, -17.6438, 23.6159, -28.8157, -44.0134, 
118.203, 91.6735, 105.906, -17.6475, 23.5992, -28.7931, -44.012, 
118.202, 91.6742, 105.904, -17.6485, 23.5981, -28.7949, -44.0129, 
0, 0, 0, 0, 0, 0, 0, 
118.209, 91.6733, 105.866, -17.6343, 23.6567, -28.8568, -44.0186, 
118.213, 91.6739, 105.851, -17.6289, 23.6741, -28.8812, -44.0211, 
118.228, 91.6733, 105.795, -17.6058, 23.7742, -28.9751, -44.0266, 
118.235, 91.6745, 105.777, -17.5991, 23.7953, -29.0043, -44.0283, 
118.235, 91.6734, 105.787, -17.5982, 23.7972, -29.0031, -44.0284, 
118.235, 91.6739, 105.787, -17.5983, 23.7971, -29.0022, -44.0287, 
118.235, 91.6733, 105.788, -17.5983, 23.797, -29.0019, -44.0287, 
118.235, 91.6734, 105.789, -17.5981, 23.7966, -29.0026, -44.0284, 
118.235, 91.6739, 105.788, -17.5983, 23.7969, -29.0022, -44.0287, 
0, 0, 0, 0, 0, 0, 0, 
118.254, 91.674, 105.717, -17.5777, 23.9042, -29.114, -44.0278, 
118.254, 91.674, 105.728, -17.5777, 23.9051, -29.113, -44.0278, 
118.255, 91.673, 105.723, -17.5742, 23.9201, -29.1313, -44.0295, 
118.257, 91.6733, 105.718, -17.5703, 23.933, -29.1457, -44.0315, 
118.274, 91.6733, 105.651, -17.5458, 24.0417, -29.2569, -44.0346, 
118.281, 91.6743, 105.629, -17.5391, 24.0642, -29.2859, -44.0357, 
118.298, 91.6733, 105.543, -17.5054, 24.1949, -29.426, -44.0489, 
118.304, 91.6745, 105.523, -17.4992, 24.2114, -29.4543, -44.0515, 
118.303, 91.6745, 105.534, -17.4995, 24.2119, -29.4522, -44.0514, 
118.305, 91.6733, 105.528, -17.4959, 24.2251, -29.4657, -44.0536, 
118.306, 91.6748, 105.528, -17.4933, 24.2338, -29.4781, -44.0549, 
118.335, 91.6737, 105.422, -17.4517, 24.3916, -29.641, -44.0651, 
118.337, 91.6734, 105.422, -17.4505, 24.3916, -29.6465, -44.0663, 
118.337, 91.6739, 105.434, -17.45, 24.3902, -29.6464, -44.0656, 
118.349, 91.6739, 105.375, -17.4285, 24.4802, -29.742, -44.0744, 
118.353, 91.6732, 105.364, -17.4241, 24.4961, -29.7722, -44.076, 
118.352, 91.6732, 105.374, -17.4242, 24.4991, -29.7706, -44.0759, 
118.352, 91.6732, 105.375, -17.4242, 24.4992, -29.7705, -44.0759, 
118.342, 91.6731, 105.422, -17.4433, 24.4253, -29.687, -44.0662, 
118.341, 91.6735, 105.44, -17.4445, 24.4241, -29.6824, -44.0668, 
118.356, 91.6732, 105.368, -17.4201, 24.523, -29.793, -44.0738, 
118.357, 91.6732, 105.369, -17.4199, 24.5214, -29.7974, -44.0745, 
118.356, 91.6732, 105.381, -17.421, 24.5202, -29.7974, -44.0744, 
118.356, 91.6737, 105.386, -17.4231, 24.5103, -29.7841, -44.0725, 
118.355, 91.6739, 105.396, -17.4237, 24.5081, -29.7822, -44.0723, 
118.374, 91.6741, 105.295, -17.3894, 24.6463, -29.9407, -44.0859, 
118.377, 91.6733, 105.277, -17.3853, 24.6609, -29.9643, -44.0876, 
118.378, 91.6737, 105.284, -17.3839, 24.6661, -29.9712, -44.0887, 
118.389, 91.6742, 105.228, -17.3619, 24.7538, -30.0646, -44.0983, 
118.39, 91.6732, 105.232, -17.361, 24.7515, -30.069, -44.0991, 
118.389, 91.6732, 105.244, -17.3622, 24.75, -30.069, -44.099, 
118.388, 91.6737, 105.249, -17.364, 24.7389, -30.0548, -44.0981, 
118.387, 91.6748, 105.265, -17.366, 24.7287, -30.0429, -44.0977, 
118.414, 91.6733, 105.158, -17.3215, 24.879, -30.2004, -44.1123, 
118.421, 91.6733, 105.134, -17.3143, 24.8996, -30.2312, -44.1152, 
118.419, 91.6733, 105.144, -17.3144, 24.9035, -30.2287, -44.1151, 
118.419, 91.6733, 105.145, -17.3145, 24.9038, -30.2284, -44.1151, 
118.419, 91.6733, 105.145, -17.3145, 24.9038, -30.2284, -44.1151, 
118.435, 91.6733, 105.075, -17.2916, 25.0069, -30.3394, -44.119, 
118.44, 91.6733, 105.054, -17.2861, 25.0267, -30.3692, -44.12, 
118.466, 91.6733, 104.957, -17.2437, 25.1813, -30.5251, -44.1317, 
118.468, 91.6733, 104.955, -17.2426, 25.1821, -30.5311, -44.1322, 
118.468, 91.6733, 104.961, -17.2415, 25.1881, -30.536, -44.1326, 
118.479, 91.6733, 104.906, -17.2183, 25.2744, -30.6276, -44.1418, 
118.484, 91.6733, 104.888, -17.2111, 25.2957, -30.6572, -44.1446, 
118.507, 91.6733, 104.799, -17.1743, 25.4347, -30.8013, -44.1551, 
118.515, 91.6733, 104.775, -17.1665, 25.4573, -30.8343, -44.1575, 
118.515, 91.6733, 104.783, -17.1652, 25.4624, -30.8374, -44.1581, 
118.515, 91.6733, 104.786, -17.1653, 25.4619, -30.8369, -44.1581, 
0, 0, 0, 0, 0, 0, 0, 
118.518, 91.6733, 104.755, -17.1637, 25.5248, -30.9046, -44.1552, 
118.518, 91.6733, 104.76, -17.1642, 25.5258, -30.9066, -44.1551, 
118.527, 91.6733, 104.706, -17.1576, 25.6425, -31.0317, -44.1502, 
118.531, 91.6733, 104.693, -17.1567, 25.672, -31.0672, -44.1489, 
118.54, 91.6733, 104.638, -17.1503, 25.7926, -31.1931, -44.1433, 
118.544, 91.6733, 104.623, -17.1495, 25.8252, -31.2314, -44.1416, 
118.543, 91.6733, 104.629, -17.1492, 25.8261, -31.2297, -44.1416, 
118.543, 91.6733, 104.63, -17.1491, 25.826, -31.2295, -44.1416, 
118.552, 91.6733, 104.566, -17.1431, 25.9531, -31.3647, -44.135, 
118.553, 91.6733, 104.569, -17.1436, 25.9537, -31.3677, -44.1349, 
118.568, 91.6733, 104.479, -17.1378, 26.133, -31.5619, -44.1233, 
118.572, 91.6733, 104.464, -17.138, 26.1613, -31.598, -44.1212, 
118.571, 91.6733, 104.473, -17.1382, 26.1604, -31.5962, -44.1212, 
118.573, 91.6733, 104.466, -17.1371, 26.1792, -31.6167, -44.1201, 
0, 0, 0, 0, 0, 0, 0, 
118.583, 91.6733, 104.407, -17.1288, 26.3136, -31.7613, -44.1141, 
118.587, 91.6733, 104.392, -17.1274, 26.3452, -31.7994, -44.1127, 
118.586, 91.6733, 104.398, -17.1272, 26.346, -31.7976, -44.1127, 
118.586, 91.6733, 104.399, -17.1271, 26.3459, -31.7974, -44.1127, 
118.586, 91.6733, 104.406, -17.1274, 26.3441, -31.796, -44.1126, 
118.586, 91.6733, 104.408, -17.1275, 26.3436, -31.7955, -44.1126, 
118.586, 91.6733, 104.408, -17.1275, 26.3434, -31.7954, -44.1126, 
118.586, 91.6733, 104.408, -17.1275, 26.3434, -31.7955, -44.1126, 
118.586, 91.6733, 104.408, -17.1275, 26.3435, -31.7955, -44.1126, 
118.595, 91.6733, 104.35, -17.1187, 26.4573, -31.9189, -44.1105, 
118.598, 91.6733, 104.334, -17.1168, 26.4883, -31.9569, -44.1099, 
118.598, 91.6733, 104.339, -17.1166, 26.4892, -31.9553, -44.1098, 
118.598, 91.6733, 104.34, -17.1165, 26.4891, -31.955, -44.1098, 
118.608, 91.6733, 104.28, -17.1098, 26.6082, -32.0831, -44.1031, 
118.612, 91.6733, 104.265, -17.109, 26.6368, -32.118, -44.1013, 
118.623, 91.6733, 104.205, -17.1004, 26.7661, -32.2526, -44.0943, 
118.624, 91.6733, 104.207, -17.1008, 26.7659, -32.2556, -44.0942, 
118.623, 91.6733, 104.211, -17.1006, 26.7664, -32.2541, -44.0942, 
118.623, 91.6733, 104.212, -17.1006, 26.7663, -32.2539, -44.0942, 
118.635, 91.6733, 104.15, -17.0896, 26.8879, -32.385, -44.0899, 
118.636, 91.6733, 104.151, -17.09, 26.8876, -32.3878, -44.0898, 
118.648, 91.6733, 104.062, -17.0801, 27.0668, -32.583, -44.0839, 
118.651, 91.6733, 104.045, -17.0793, 27.0946, -32.6194, -44.0829, 
118.651, 91.6733, 104.053, -17.0796, 27.0928, -32.6174, -44.0828, 
118.652, 91.6733, 104.044, -17.0782, 27.1135, -32.6398, -44.082, 
118.654, 91.6733, 104.039, -17.0775, 27.1299, -32.6595, -44.0813, 
118.654, 91.6733, 104.042, -17.0774, 27.1297, -32.6583, -44.0813, 
118.653, 91.6733, 104.042, -17.0774, 27.1295, -32.6582, -44.0813, 
118.664, 91.6733, 103.98, -17.07, 27.2508, -32.7869, -44.0744, 
118.669, 91.6733, 103.962, -17.0688, 27.2827, -32.8257, -44.0723, 
118.679, 91.6733, 103.906, -17.0596, 27.4015, -32.9517, -44.0679, 
118.679, 91.6733, 103.907, -17.0601, 27.4006, -32.9544, -44.0678, 
118.679, 91.6733, 103.912, -17.0599, 27.4011, -32.9529, -44.0678, 
118.678, 91.6733, 103.912, -17.0599, 27.401, -32.9527, -44.0678, 
118.678, 91.6733, 103.912, -17.0598, 27.401, -32.9527, -44.0678, 
118.678, 91.6733, 103.912, -17.0598, 27.4011, -32.9527, -44.0678, 
118.679, 91.6733, 103.912, -17.0598, 27.4012, -32.9528, -44.0678, 
118.68, 91.6733, 103.901, -17.0585, 27.4236, -32.9761, -44.0664, 
118.68, 91.6733, 103.905, -17.0588, 27.4227, -32.9764, -44.0663, 
118.7, 91.6733, 103.806, -17.0462, 27.6148, -33.178, -44.0558, 
118.706, 91.6733, 103.786, -17.045, 27.6451, -33.2156, -44.0539, 
118.705, 91.6733, 103.793, -17.0452, 27.6435, -33.2139, -44.0539, 
118.707, 91.6733, 103.783, -17.0434, 27.6669, -33.2385, -44.0529, 
118.709, 91.6736, 103.778, -17.0426, 27.6833, -33.2579, -44.0523, 
118.722, 91.6736, 103.711, -17.0308, 27.8181, -33.3981, -44.0476, 
118.727, 91.6735, 103.694, -17.027, 27.8468, -33.4327, -44.047, 
118.743, 91.6733, 103.6, -17.0141, 28.036, -33.6342, -44.0392, 
118.748, 91.6733, 103.582, -17.0125, 28.0644, -33.673, -44.038, 
118.769, 91.6733, 103.483, -16.9952, 28.2657, -33.8884, -44.0298, 
118.773, 91.6733, 103.472, -16.9942, 28.2838, -33.9138, -44.0288, 
118.772, 91.6733, 103.477, -16.994, 28.2845, -33.9122, -44.0288, 
118.772, 91.6733, 103.478, -16.9939, 28.2845, -33.9119, -44.0288, 
118.772, 91.6733, 103.477, -16.9939, 28.2845, -33.912, -44.0288, 
118.772, 91.6733, 103.477, -16.9939, 28.2846, -33.912, -44.0288, 
118.772, 91.6733, 103.477, -16.9939, 28.2847, -33.9121, -44.0288, 
118.778, 91.6733, 103.443, -16.9883, 28.3538, -33.9839, -44.025, 
118.782, 91.6733, 103.431, -16.9866, 28.3797, -34.0145, -44.0234, 
118.795, 91.6733, 103.366, -16.9742, 28.5146, -34.1581, -44.0189, 
118.8, 91.6733, 103.35, -16.9722, 28.5419, -34.1928, -44.0179, 
118.799, 91.6733, 103.357, -16.9724, 28.5398, -34.1909, -44.0178, 
118.806, 91.6733, 103.325, -16.9659, 28.6069, -34.2608, -44.0154, 
118.81, 91.6733, 103.313, -16.9638, 28.6324, -34.2907, -44.0143, 
118.815, 91.6733, 103.283, -16.9567, 28.7037, -34.365, -44.0127, 
118.819, 91.6733, 103.268, -16.9541, 28.7325, -34.3997, -44.012, 
118.823, 91.6733, 103.246, -16.9481, 28.7879, -34.457, -44.011, 
118.827, 91.6733, 103.236, -16.9457, 28.8121, -34.4862, -44.0105, 
118.832, 91.6733, 103.208, -16.9387, 28.8761, -34.5521, -44.0086, 
118.836, 91.6733, 103.195, -16.9359, 28.9034, -34.5846, -44.0076, 
118.835, 91.6733, 103.199, -16.9358, 28.9034, -34.583, -44.0076, 
118.835, 91.6733, 103.199, -16.9358, 28.9033, -34.5828, -44.0076, 
118.841, 91.6733, 103.166, -16.9282, 28.9715, -34.6557, -44.0074, 
118.841, 91.6733, 103.168, -16.9283, 28.9704, -34.6576, -44.0074, 
118.847, 91.6733, 103.138, -16.9221, 29.0384, -34.7264, -44.005, 
118.851, 91.6733, 103.124, -16.9199, 29.0672, -34.7596, -44.0039, 
118.85, 91.6733, 103.129, -16.9197, 29.0671, -34.7581, -44.0039, 
118.85, 91.6733, 103.129, -16.9197, 29.0669, -34.7578, -44.0039, 
118.864, 91.6733, 103.063, -16.9068, 29.1986, -34.8974, -43.9987, 
118.87, 91.6733, 103.045, -16.9041, 29.2295, -34.9353, -43.9973, 
118.881, 91.6733, 102.984, -16.8891, 29.3617, -35.0778, -43.9955, 
118.886, 91.6733, 102.967, -16.8857, 29.3924, -35.1169, -43.995, 
118.885, 91.6733, 102.974, -16.8859, 29.3899, -35.1149, -43.995, 
118.886, 91.6733, 102.974, -16.8857, 29.3916, -35.1173, -43.9949, 
118.886, 91.6733, 102.975, -16.8851, 29.3965, -35.1239, -43.9946, 
118.886, 91.6733, 102.977, -16.8852, 29.3957, -35.1231, -43.9946, 
0, 0, 0, 0, 0, 0, 0, 
118.892, 91.6733, 102.944, -16.8784, 29.4637, -35.1953, -43.9933, 
118.896, 91.6733, 102.929, -16.8759, 29.4923, -35.2296, -43.9927, 
118.91, 91.6733, 102.865, -16.8618, 29.6258, -35.3668, -43.9875, 
118.916, 91.6745, 102.848, -16.8593, 29.6532, -35.4005, -43.9862, 
118.915, 91.6745, 102.853, -16.8588, 29.6516, -35.3978, -43.9863, 
118.915, 91.6745, 102.854, -16.8587, 29.6507, -35.3971, -43.9864, 
118.915, 91.6745, 102.854, -16.8587, 29.6505, -35.3969, -43.9864, 
118.915, 91.6745, 102.854, -16.8587, 29.6506, -35.397, -43.9864, 
118.915, 91.6745, 102.853, -16.8587, 29.6507, -35.397, -43.9864, 
118.926, 91.6734, 102.801, -16.8476, 29.7571, -35.5094, -43.9838, 
118.925, 91.6733, 102.803, -16.8493, 29.756, -35.513, -43.9842, 
118.924, 91.6733, 102.806, -16.8496, 29.756, -35.5118, -43.9842, 
118.924, 91.6733, 102.807, -16.8497, 29.7558, -35.5116, -43.9842, 
118.937, 91.6733, 102.741, -16.8336, 29.8855, -35.651, -43.9852, 
118.942, 91.6733, 102.722, -16.8297, 29.9169, -35.6902, -43.9855, 
118.953, 91.6733, 102.664, -16.8164, 30.0411, -35.8221, -43.9829, 
118.957, 91.6745, 102.647, -16.8137, 30.0686, -35.8574, -43.9822, 
118.956, 91.6745, 102.652, -16.8135, 30.0693, -35.8556, -43.9822, 
118.956, 91.6745, 102.652, -16.8135, 30.0692, -35.8553, -43.9822, 
118.969, 91.6732, 102.591, -16.7984, 30.1958, -35.9953, -43.982, 
118.974, 91.6748, 102.572, -16.7944, 30.2258, -36.0296, -43.9824, 
118.973, 91.6748, 102.577, -16.7943, 30.2263, -36.0278, -43.9824, 
118.973, 91.6748, 102.577, -16.7943, 30.2261, -36.0275, -43.9824, 
118.985, 91.6746, 102.525, -16.7823, 30.3303, -36.1361, -43.9785, 
118.989, 91.6745, 102.508, -16.7809, 30.3599, -36.1721, -43.9768, 
119.001, 91.6732, 102.448, -16.7639, 30.4914, -36.3133, -43.9787, 
119.005, 91.6746, 102.428, -16.7603, 30.5237, -36.3522, -43.9798, 
119.005, 91.6748, 102.434, -16.7595, 30.5237, -36.3503, -43.9793, 
119.005, 91.6748, 102.434, -16.7595, 30.5235, -36.3501, -43.9793, 
119.02, 91.6734, 102.37, -16.7413, 30.6521, -36.4844, -43.9784, 
119.027, 91.6732, 102.353, -16.7364, 30.6847, -36.5233, -43.9781, 
119.025, 91.6732, 102.358, -16.7364, 30.685, -36.5215, -43.9781, 
119.025, 91.6732, 102.358, -16.7364, 30.6849, -36.5212, -43.9781, 
119.017, 91.6731, 102.401, -16.7445, 30.5971, -36.4277, -43.9806, 
119.012, 91.6748, 102.428, -16.7477, 30.5562, -36.3818, -43.9809, 
119.026, 91.6734, 102.363, -16.7341, 30.6837, -36.5186, -43.9767, 
119.027, 91.6733, 102.365, -16.735, 30.6825, -36.5224, -43.9759, 
119.027, 91.6734, 102.37, -16.7332, 30.6815, -36.5233, -43.976, 
119.027, 91.6742, 102.368, -16.7335, 30.6836, -36.5232, -43.9766, 
119.046, 91.6735, 102.268, -16.7121, 30.877, -36.7307, -43.9736, 
119.052, 91.6733, 102.249, -16.7076, 30.9071, -36.7708, -43.9731, 
119.052, 91.6733, 102.254, -16.7077, 30.905, -36.7696, -43.9731, 
119.058, 91.6733, 102.221, -16.7016, 30.9736, -36.8421, -43.9716, 
119.061, 91.6733, 102.206, -16.6992, 31.0027, -36.8768, -43.9708, 
119.061, 91.6733, 102.21, -16.699, 31.0029, -36.8753, -43.9708, 
119.06, 91.6733, 102.21, -16.699, 31.0027, -36.875, -43.9708, 
119.068, 91.6733, 102.176, -16.6891, 31.0731, -36.9491, -43.9715, 
119.072, 91.6733, 102.161, -16.6849, 31.1019, -36.9835, -43.9718, 
119.071, 91.6733, 102.165, -16.6848, 31.102, -36.982, -43.9718, 
119.071, 91.6733, 102.165, -16.6848, 31.1019, -36.9817, -43.9718, 
119.079, 91.6733, 102.132, -16.6744, 31.1718, -37.0561, -43.9721, 
119.083, 91.6733, 102.117, -16.6699, 31.2005, -37.0906, -43.9722, 
119.089, 91.6733, 102.087, -16.659, 31.2695, -37.1622, -43.9746, 
119.093, 91.6745, 102.073, -16.6549, 31.2939, -37.1922, -43.9755, 
119.092, 91.6745, 102.077, -16.6549, 31.2941, -37.1908, -43.9755, 
119.092, 91.6745, 102.078, -16.6549, 31.2939, -37.1905, -43.9755, 
119.092, 91.6745, 102.078, -16.6549, 31.2939, -37.1905, -43.9755, 
119.092, 91.6745, 102.078, -16.6549, 31.294, -37.1906, -43.9755, 
119.101, 91.6744, 102.025, -16.6438, 31.3984, -37.3015, -43.9753, 
119.104, 91.6728, 102.01, -16.6417, 31.425, -37.3362, -43.9754, 
119.117, 91.6736, 101.951, -16.6239, 31.5507, -37.4664, -43.976, 
119.122, 91.6734, 101.935, -16.6191, 31.5794, -37.5027, -43.9754, 
119.12, 91.674, 101.938, -16.6202, 31.5801, -37.4989, -43.9752, 
119.12, 91.6733, 101.939, -16.6202, 31.5798, -37.5, -43.9756, 
119.131, 91.6736, 101.884, -16.6072, 31.6893, -37.6165, -43.9749, 
119.131, 91.6741, 101.884, -16.6069, 31.6889, -37.6191, -43.9752, 
119.131, 91.6741, 101.889, -16.607, 31.6871, -37.6176, -43.9752, 
119.137, 91.6735, 101.853, -16.5977, 31.7634, -37.6976, -43.976, 
119.141, 91.6739, 101.837, -16.5931, 31.7936, -37.7337, -43.9762, 
119.14, 91.6739, 101.841, -16.5933, 31.7938, -37.732, -43.9762, 
119.14, 91.6739, 101.841, -16.5934, 31.7937, -37.7317, -43.9762, 
119.148, 91.674, 101.808, -16.5835, 31.8626, -37.8055, -43.9766, 
119.152, 91.6732, 101.793, -16.5793, 31.8924, -37.8408, -43.9767, 
119.141, 91.6736, 101.839, -16.5915, 31.8026, -37.7412, -43.9772, 
119.14, 91.6743, 101.849, -16.5923, 31.7962, -37.7345, -43.9769, 
119.155, 91.6747, 101.777, -16.573, 31.934, -37.8835, -43.9771, 
119.161, 91.6743, 101.759, -16.5669, 31.9632, -37.9186, -43.978, 
119.161, 91.6743, 101.763, -16.5663, 31.9621, -37.9163, -43.9781, 
119.164, 91.6737, 101.751, -16.5622, 31.9907, -37.9471, -43.978, 
119.166, 91.6733, 101.744, -16.5599, 32.0095, -37.9706, -43.9777, 
119.176, 91.6733, 101.694, -16.5467, 32.1135, -38.0797, -43.9772, 
119.177, 91.6733, 101.695, -16.5466, 32.113, -38.0822, -43.9772, 
119.176, 91.6733, 101.698, -16.5465, 32.113, -38.0809, -43.9771, 
119.176, 91.6733, 101.698, -16.5465, 32.1129, -38.0807, -43.9771, 
0, 0, 0, 0, 0, 0, 0, 
119.176, 91.6733, 101.703, -16.5466, 32.11, -38.0791, -43.9772, 
119.176, 91.6733, 101.703, -16.5466, 32.1098, -38.079, -43.9772, 
119.176, 91.6733, 101.703, -16.5466, 32.1099, -38.079, -43.9772, 
119.176, 91.6733, 101.703, -16.5466, 32.1099, -38.0791, -43.9772, 
119.175, 91.6733, 101.706, -16.5466, 32.108, -38.078, -43.9772, 
119.175, 91.6733, 101.707, -16.5467, 32.1074, -38.0776, -43.9772, 
119.175, 91.6733, 101.707, -16.5467, 32.1073, -38.0776, -43.9772, 
119.175, 91.6733, 101.707, -16.5467, 32.1073, -38.0776, -43.9772, 
119.175, 91.6733, 101.707, -16.5467, 32.1073, -38.0777, -43.9772, 
0, 0, 0, 0, 0, 0, 0, 
119.201, 91.6733, 101.604, -16.5147, 32.3091, -38.2966, -43.9801, 
119.201, 91.6733, 101.607, -16.5146, 32.3076, -38.2958, -43.9801, 
119.207, 91.6733, 101.583, -16.5064, 32.3588, -38.3501, -43.9815, 
119.21, 91.6733, 101.571, -16.5022, 32.3826, -38.3782, -43.9821, 
119.21, 91.6733, 101.574, -16.5022, 32.3826, -38.377, -43.9821, 
119.21, 91.6733, 101.574, -16.5022, 32.3825, -38.3767, -43.9821, 
119.21, 91.6733, 101.574, -16.5022, 32.3825, -38.3767, -43.9821, 
119.21, 91.6733, 101.574, -16.5022, 32.3825, -38.3768, -43.9821, 
119.227, 91.6733, 101.502, -16.4806, 32.5255, -38.5288, -43.9828, 
119.234, 91.6733, 101.483, -16.4758, 32.555, -38.5651, -43.983, 
119.248, 91.6733, 101.421, -16.4552, 32.6867, -38.7038, -43.984, 
119.254, 91.6733, 101.401, -16.4499, 32.718, -38.7425, -43.9843, 
119.254, 91.6733, 101.406, -16.4499, 32.7166, -38.7412, -43.9843, 
119.255, 91.6733, 101.399, -16.4469, 32.7324, -38.7581, -43.9849, 
119.257, 91.6733, 101.395, -16.4442, 32.7443, -38.7722, -43.9853, 
119.275, 91.6733, 101.324, -16.42, 32.889, -38.9244, -43.989, 
119.281, 91.6733, 101.308, -16.4149, 32.916, -38.9576, -43.9898, 
119.279, 91.6733, 101.312, -16.4148, 32.9165, -38.9561, -43.9898, 
119.279, 91.6733, 101.313, -16.4148, 32.9165, -38.9558, -43.9898, 
119.29, 91.6733, 101.261, -16.4006, 33.0199, -39.0661, -43.9904, 
119.294, 91.6733, 101.245, -16.3965, 33.0476, -39.0999, -43.9905, 
119.293, 91.6733, 101.249, -16.3964, 33.048, -39.0983, -43.9905, 
119.293, 91.6733, 101.249, -16.3964, 33.0479, -39.098, -43.9905, 
119.319, 91.6733, 101.151, -16.3635, 33.2394, -39.3026, -43.9925, 
119.326, 91.6733, 101.135, -16.3585, 33.2651, -39.3354, -43.9928, 
119.324, 91.6733, 101.139, -16.3584, 33.2659, -39.3338, -43.9928, 
119.324, 91.6733, 101.14, -16.3584, 33.2658, -39.3335, -43.9928, 
119.324, 91.6733, 101.14, -16.3584, 33.2659, -39.3335, -43.9928, 
119.339, 91.6733, 101.074, -16.3353, 33.3955, -39.4715, -43.9981, 
0, 0, 0, 0, 0, 0, 0, 
119.354, 91.6736, 101.012, -16.3126, 33.5242, -39.6101, -44.0023, 
119.361, 91.6734, 100.995, -16.305, 33.5546, -39.6503, -44.0034, 
119.359, 91.6743, 100.997, -16.3054, 33.5577, -39.6487, -44.0038, 
119.358, 91.6733, 100.997, -16.3074, 33.557, -39.646, -44.0035, 
119.377, 91.6738, 100.926, -16.2787, 33.699, -39.7994, -44.0073, 
119.383, 91.6733, 100.909, -16.2727, 33.7275, -39.836, -44.0081, 
119.382, 91.6733, 100.914, -16.2724, 33.7283, -39.8342, -44.0081, 
119.382, 91.6733, 100.914, -16.2724, 33.7283, -39.8339, -44.0081, 
119.382, 91.6733, 100.914, -16.2724, 33.7284, -39.8338, -44.0081, 
119.385, 91.6733, 100.902, -16.268, 33.7544, -39.8613, -44.0086, 
119.388, 91.6733, 100.894, -16.2639, 33.7749, -39.8853, -44.0089, 
119.387, 91.6733, 100.896, -16.2639, 33.7746, -39.8841, -44.0089, 
119.387, 91.6733, 100.897, -16.264, 33.7744, -39.8839, -44.0089, 
119.387, 91.6733, 100.897, -16.264, 33.7744, -39.884, -44.0089, 
119.389, 91.6733, 100.888, -16.2607, 33.7927, -39.9029, -44.0095, 
119.391, 91.6733, 100.883, -16.2575, 33.8072, -39.9197, -44.0101, 
119.417, 91.6733, 100.779, -16.2208, 34.008, -40.1368, -44.0175, 
119.422, 91.6733, 100.766, -16.2166, 34.0264, -40.1622, -44.0184, 
119.422, 91.6733, 100.771, -16.2164, 34.0249, -40.1609, -44.0184, 
119.423, 91.6733, 100.764, -16.2134, 34.041, -40.1784, -44.0191, 
119.423, 91.6733, 100.767, -16.2132, 34.0396, -40.1784, -44.0192, 
119.423, 91.6733, 100.769, -16.2132, 34.0391, -40.1777, -44.0192, 
119.423, 91.6733, 100.769, -16.2132, 34.039, -40.1776, -44.0192, 
119.448, 91.6733, 100.649, -16.1424, 34.2122, -40.3708, -44.0634, 
119.451, 91.6733, 100.636, -16.1366, 34.2163, -40.3852, -44.0665, 
119.451, 91.6733, 100.642, -16.1365, 34.2186, -40.3836, -44.0665, 
119.451, 91.6733, 100.643, -16.1366, 34.2188, -40.3834, -44.0665, 
119.451, 91.6733, 100.643, -16.1366, 34.2188, -40.3834, -44.0665, 
119.466, 91.6733, 100.585, -16.1005, 34.3132, -40.4821, -44.0854, 
119.474, 91.6733, 100.563, -16.0872, 34.3393, -40.5162, -44.0918, 
119.5, 91.6733, 100.469, -16.0229, 34.4931, -40.6797, -44.1264, 
119.509, 91.6733, 100.442, -16.0075, 34.5189, -40.7172, -44.134, 
119.508, 91.6733, 100.45, -16.0073, 34.5181, -40.7151, -44.1341, 
119.517, 91.6733, 100.419, -15.9831, 34.573, -40.7715, -44.1479, 
119.524, 91.6733, 100.403, -15.9698, 34.5958, -40.7995, -44.1546, 
119.531, 91.6733, 100.376, -15.9445, 34.6528, -40.8546, -44.1719, 
119.532, 91.6733, 100.377, -15.9426, 34.6516, -40.8561, -44.1726, 
119.549, 91.6733, 100.317, -15.8969, 34.7556, -40.9631, -44.1991, 
119.55, 91.6733, 100.316, -15.8947, 34.7539, -40.9657, -44.1998, 
119.58, 91.6733, 100.215, -15.8158, 34.9182, -41.1376, -44.2447, 
119.587, 91.6733, 100.194, -15.8008, 34.9386, -41.1677, -44.2522, 
119.587, 91.6733, 100.202, -15.8005, 34.9378, -41.1653, -44.2523, 
119.59, 91.6733, 100.188, -15.7893, 34.9642, -41.193, -44.2609, 
119.593, 91.6733, 100.177, -15.7778, 34.9838, -41.2167, -44.2682, 
119.612, 91.6733, 100.115, -15.726, 35.0914, -41.3262, -44.2989, 
119.62, 91.6733, 100.093, -15.7084, 35.1171, -41.3602, -44.3081, 
119.647, 91.6733, 99.9904, -15.6397, 35.2828, -41.5394, -44.3471, 
119.649, 91.6733, 99.9894, -15.6377, 35.2799, -41.5422, -44.3478, 
119.648, 91.6733, 99.9987, -15.6374, 35.2793, -41.5398, -44.3479, 
119.65, 91.6733, 99.99, -15.6299, 35.2971, -41.5583, -44.3533, 
119.652, 91.6733, 99.9858, -15.6227, 35.3092, -41.5726, -44.3577, 
119.668, 91.6733, 99.9248, -15.563, 35.4124, -41.6819, -44.4006, 
119.675, 91.6733, 99.9041, -15.5424, 35.4368, -41.7156, -44.4135, 
119.674, 91.6733, 99.9134, -15.5422, 35.4362, -41.7132, -44.4136, 
119.676, 91.6733, 99.9048, -15.5344, 35.4539, -41.7315, -44.4193, 
119.679, 91.6733, 99.8992, -15.5257, 35.468, -41.7481, -44.4246, 
119.678, 91.6733, 99.9035, -15.5261, 35.4686, -41.7467, -44.4246, 
119.678, 91.6733, 99.904, -15.5263, 35.4685, -41.7465, -44.4246, 
119.678, 91.6733, 99.9038, -15.5263, 35.4685, -41.7466, -44.4246, 
119.681, 91.6733, 99.8923, -15.5159, 35.4895, -41.7677, -44.432, 
119.682, 91.6733, 99.8968, -15.5145, 35.4886, -41.7677, -44.4325, 
119.708, 91.6733, 99.7884, -15.4338, 35.6509, -41.944, -44.483, 
119.709, 91.6733, 99.7855, -15.4303, 35.6509, -41.9496, -44.4847, 
119.71, 91.6733, 99.7899, -15.4269, 35.6569, -41.9544, -44.4868, 
119.717, 91.6733, 99.7603, -15.4011, 35.7111, -42.0109, -44.5052, 
119.722, 91.6733, 99.7459, -15.3866, 35.7335, -42.0388, -44.5142, 
119.737, 91.6733, 99.6906, -15.3434, 35.8329, -42.142, -44.5397, 
119.744, 91.6733, 99.6724, -15.3291, 35.8554, -42.1726, -44.547, 
119.759, 91.6733, 99.6141, -15.2756, 35.9614, -42.2815, -44.5846, 
119.766, 91.6733, 99.5934, -15.2572, 35.9863, -42.3154, -44.5958, 
119.786, 91.6733, 99.5335, -15.207, 36.0991, -42.4273, -44.6222, 
119.787, 91.6733, 99.5351, -15.2047, 36.0978, -42.4294, -44.6228, 
119.786, 91.6733, 99.5444, -15.2045, 36.0969, -42.4268, -44.6229, 
119.794, 91.6733, 99.5137, -15.1755, 36.1509, -42.4832, -44.6451, 
119.798, 91.6733, 99.4996, -15.1591, 36.1729, -42.5107, -44.6558, 
119.806, 91.6733, 99.475, -15.1321, 36.2285, -42.5642, -44.6757, 
119.806, 91.6733, 99.4789, -15.1299, 36.2276, -42.5652, -44.6765, 
119.814, 91.6733, 99.4514, -15.1014, 36.2829, -42.6202, -44.697, 
119.819, 91.6733, 99.4377, -15.085, 36.305, -42.6474, -44.707, 
119.818, 91.6733, 99.4439, -15.0858, 36.3066, -42.6455, -44.7069, 
119.818, 91.6733, 99.4445, -15.0861, 36.3066, -42.6452, -44.7069, 
119.818, 91.6733, 99.4444, -15.0861, 36.3066, -42.6452, -44.7069, 
119.818, 91.6733, 99.4442, -15.0862, 36.3066, -42.6453, -44.7069, 
119.818, 91.6733, 99.4439, -15.0862, 36.3067, -42.6454, -44.7069, 
119.821, 91.6733, 99.4337, -15.079, 36.3251, -42.6638, -44.712, 
119.823, 91.6733, 99.4277, -15.0711, 36.3394, -42.68, -44.7166, 
119.822, 91.6733, 99.4318, -15.0715, 36.34, -42.6787, -44.7166, 
119.822, 91.6733, 99.4322, -15.0716, 36.34, -42.6785, -44.7166, 
119.839, 91.6733, 99.3685, -15.0237, 36.4435, -42.7868, -44.7473, 
0, 0, 0, 0, 0, 0, 0, 
119.868, 91.6733, 99.2666, -14.9363, 36.6044, -42.9599, -44.8032, 
119.87, 91.6733, 99.2633, -14.9319, 36.6048, -42.9659, -44.8052, 
119.869, 91.6733, 99.2707, -14.9327, 36.6075, -42.9637, -44.8052, 
119.868, 91.6733, 99.2715, -14.9329, 36.6077, -42.9634, -44.8052, 
119.868, 91.6733, 99.278, -14.9327, 36.6065, -42.9616, -44.8053, 
119.868, 91.6733, 99.2799, -14.9327, 36.6062, -42.961, -44.8053, 
119.868, 91.6733, 99.28, -14.9327, 36.606, -42.961, -44.8053, 
119.868, 91.6733, 99.2798, -14.9327, 36.606, -42.961, -44.8053, 
119.868, 91.6733, 99.2796, -14.9327, 36.606, -42.9611, -44.8053, 
119.889, 91.6733, 99.2111, -14.8727, 36.7167, -43.0769, -44.8431, 
119.897, 91.6733, 99.1912, -14.8545, 36.7407, -43.1084, -44.8531, 
119.931, 91.6733, 99.0899, -14.7658, 36.9084, -43.2824, -44.9053, 
119.94, 91.6733, 99.0685, -14.7481, 36.9307, -43.314, -44.9143, 
119.939, 91.6733, 99.0772, -14.7478, 36.9307, -43.3119, -44.9144, 
119.947, 91.6733, 99.046, -14.7212, 36.9853, -43.3693, -44.9332, 
119.952, 91.6733, 99.0329, -14.7076, 37.0058, -43.3949, -44.9415, 
119.96, 91.6733, 99.0059, -14.6763, 37.0634, -43.4507, -44.9641, 
119.965, 91.6733, 98.993, -14.6598, 37.0842, -43.476, -44.974, 
119.964, 91.6733, 98.9988, -14.6608, 37.0858, -43.4742, -44.974, 
119.964, 91.6733, 98.9994, -14.6611, 37.0858, -43.4739, -44.974, 
119.985, 91.6733, 98.9314, -14.6015, 37.1966, -43.5889, -45.01, 
119.994, 91.6733, 98.9108, -14.582, 37.2231, -43.6225, -45.0203, 
119.993, 91.6733, 98.9193, -14.5818, 37.2228, -43.6202, -45.0203, 
119.996, 91.6733, 98.9102, -14.5716, 37.2413, -43.6395, -45.0284, 
119.998, 91.6733, 98.9056, -14.5616, 37.2543, -43.6546, -45.0348, 
120.016, 91.6733, 98.84, -14.5001, 37.366, -43.7708, -45.0802, 
120.022, 91.6733, 98.8184, -14.4795, 37.3922, -43.8053, -45.0931, 
120.021, 91.6733, 98.8261, -14.4805, 37.3948, -43.803, -45.0931, 
120.021, 91.6733, 98.827, -14.4808, 37.395, -43.8027, -45.0931, 
120.02, 91.6733, 98.8333, -14.4806, 37.394, -43.8011, -45.0933, 
120.02, 91.6733, 98.8353, -14.4806, 37.3937, -43.8005, -45.0933, 
120.02, 91.6733, 98.8354, -14.4806, 37.3935, -43.8005, -45.0933, 
120.02, 91.6733, 98.8352, -14.4806, 37.3935, -43.8005, -45.0933, 
120.02, 91.6733, 98.835, -14.4806, 37.3935, -43.8006, -45.0933, 
120.035, 91.6733, 98.7716, -14.4314, 37.4963, -43.9096, -45.1279, 
120.036, 91.6733, 98.7714, -14.429, 37.4955, -43.9123, -45.1288, 
120.052, 91.6733, 98.7088, -14.382, 37.6068, -44.0264, -45.1579, 
120.058, 91.6733, 98.6862, -14.3659, 37.6341, -44.0621, -45.1666, 
120.078, 91.6733, 98.6256, -14.3077, 37.7473, -44.1761, -45.2028, 
120.087, 91.6733, 98.6048, -14.2884, 37.7737, -44.2102, -45.2132, 
120.106, 91.6733, 98.5444, -14.235, 37.8845, -44.3203, -45.2436, 
120.115, 91.6733, 98.5225, -14.2162, 37.912, -44.3552, -45.2527, 
120.113, 91.6733, 98.5303, -14.217, 37.9147, -44.3528, -45.2527, 
120.112, 91.6733, 98.5312, -14.2172, 37.9148, -44.3525, -45.2527, 
120.131, 91.6733, 98.4607, -14.1598, 38.0319, -44.4779, -45.2892, 
120.138, 91.6733, 98.4428, -14.1433, 38.0558, -44.5096, -45.2981, 
120.136, 91.6733, 98.4499, -14.1441, 38.0582, -44.5074, -45.2981, 
120.136, 91.6733, 98.4508, -14.1443, 38.0583, -44.507, -45.2981, 
120.159, 91.6733, 98.3839, -14.08, 38.1721, -44.626, -45.3377, 
120.168, 91.6733, 98.3648, -14.0587, 38.1999, -44.6605, -45.349, 
120.186, 91.6733, 98.3043, -13.9951, 38.3113, -44.7756, -45.3924, 
120.187, 91.6733, 98.3056, -13.9918, 38.3103, -44.7779, -45.3935, 
120.186, 91.6733, 98.3116, -13.9928, 38.3121, -44.776, -45.3935, 
120.186, 91.6733, 98.3122, -13.9931, 38.3122, -44.7758, -45.3935, 
0, 0, 0, 0, 0, 0, 0, 
120.205, 91.6733, 98.2471, -13.9406, 38.4205, -44.8919, -45.425, 
120.204, 91.6733, 98.253, -13.9413, 38.4222, -44.8901, -45.4249, 
120.204, 91.6733, 98.2536, -13.9415, 38.4222, -44.8898, -45.4249, 
120.22, 91.6733, 98.1884, -13.8819, 38.528, -45.0022, -45.4687, 
120.227, 91.6733, 98.1684, -13.8615, 38.5539, -45.036, -45.4815, 
120.244, 91.6733, 98.1092, -13.8048, 38.662, -45.1457, -45.5194, 
120.25, 91.6733, 98.0908, -13.7867, 38.6853, -45.1764, -45.5296, 
120.249, 91.6733, 98.0984, -13.7877, 38.6879, -45.1741, -45.5296, 
120.249, 91.6733, 98.0992, -13.788, 38.688, -45.1738, -45.5296, 
120.269, 91.6733, 98.0351, -13.7277, 38.794, -45.2838, -45.5694, 
120.278, 91.6733, 98.0153, -13.7064, 38.8216, -45.3181, -45.5815, 
120.295, 91.6733, 97.957, -13.6464, 38.9301, -45.4299, -45.624, 
120.296, 91.6733, 97.9585, -13.6433, 38.9292, -45.4322, -45.6252, 
120.316, 91.6733, 97.9007, -13.5775, 39.0372, -45.5437, -45.6702, 
120.323, 91.6733, 97.8844, -13.5563, 39.0612, -45.5747, -45.6823, 
120.339, 91.6733, 97.829, -13.4927, 39.1634, -45.6799, -45.7305, 
120.346, 91.6733, 97.8124, -13.4716, 39.1861, -45.7101, -45.7438, 
120.344, 91.6733, 97.8199, -13.4728, 39.1885, -45.7077, -45.7438, 
120.344, 91.6733, 97.8207, -13.4732, 39.1886, -45.7074, -45.7438, 
0, 0, 0, 0, 0, 0, 0, 
120.343, 91.6733, 97.8305, -13.473, 39.1872, -45.7047, -45.7439, 
120.343, 91.6733, 97.8306, -13.473, 39.1871, -45.7047, -45.7439, 
120.343, 91.6733, 97.8304, -13.473, 39.187, -45.7047, -45.7439, 
120.343, 91.6733, 97.8301, -13.473, 39.1871, -45.7048, -45.7439, 
120.343, 91.6733, 97.8367, -13.4728, 39.186, -45.703, -45.744, 
120.343, 91.6733, 97.8373, -13.4715, 39.1884, -45.705, -45.7453, 
120.343, 91.6733, 97.84, -13.4675, 39.193, -45.7095, -45.7483, 
120.351, 91.6733, 97.8072, -13.4388, 39.2531, -45.7713, -45.7709, 
120.351, 91.6738, 97.8104, -13.4378, 39.2504, -45.7703, -45.771, 
120.35, 91.6738, 97.8147, -13.4385, 39.2514, -45.7689, -45.771, 
120.35, 91.6738, 97.8152, -13.4387, 39.2514, -45.7687, -45.771, 
120.36, 91.6734, 97.7832, -13.4068, 39.307, -45.8249, -45.7941, 
120.359, 91.6736, 97.7862, -13.4057, 39.3056, -45.827, -45.795, 
120.358, 91.6736, 97.7904, -13.4069, 39.3063, -45.8259, -45.7949, 
120.358, 91.6736, 97.7909, -13.4072, 39.3063, -45.8257, -45.7949, 
120.368, 91.6733, 97.7579, -13.3749, 39.3637, -45.8814, -45.8176, 
120.369, 91.6734, 97.7605, -13.3726, 39.3627, -45.8829, -45.8182, 
120.377, 91.6739, 97.7343, -13.3437, 39.4156, -45.9392, -45.8402, 
120.382, 91.6742, 97.7178, -13.3257, 39.4393, -45.9658, -45.8513, 
120.381, 91.6742, 97.7234, -13.3267, 39.4407, -45.964, -45.8512, 
120.381, 91.6742, 97.7241, -13.327, 39.4407, -45.9637, -45.8511, 
120.375, 91.6733, 97.7524, -13.352, 39.3936, -45.9174, -45.8308, 
120.369, 91.6734, 97.7782, -13.369, 39.3678, -45.8846, -45.8191, 
120.37, 91.6734, 97.7753, -13.3677, 39.366, -45.8852, -45.8191, 
120.37, 91.6734, 97.7747, -13.3673, 39.3657, -45.8854, -45.8191, 
120.388, 91.6733, 97.7115, -13.3104, 39.4706, -45.9965, -45.8568, 
120.394, 91.6735, 97.6891, -13.2914, 39.4989, -46.0317, -45.8689, 
120.393, 91.6735, 97.6955, -13.2925, 39.5011, -46.0296, -45.8688, 
120.393, 91.6735, 97.6963, -13.2928, 39.5013, -46.0293, -45.8688, 
120.393, 91.6735, 97.6962, -13.2928, 39.5013, -46.0293, -45.8688, 
120.393, 91.6735, 97.6961, -13.2929, 39.5013, -46.0293, -45.8688, 
120.392, 91.6735, 97.7, -13.2928, 39.5006, -46.0281, -45.8689, 
120.396, 91.674, 97.689, -13.2825, 39.5214, -46.0485, -45.8748, 
120.399, 91.6742, 97.6788, -13.2726, 39.5393, -46.0669, -45.8808, 
0, 0, 0, 0, 0, 0, 0, 
120.419, 91.6733, 97.6154, -13.2105, 39.648, -46.1895, -45.9238, 
120.418, 91.6733, 97.6212, -13.2117, 39.6496, -46.1881, -45.9237, 
120.417, 91.6733, 97.6219, -13.212, 39.6497, -46.188, -45.9237, 
120.436, 91.6733, 97.5541, -13.1492, 39.7611, -46.3046, -45.9667, 
120.443, 91.6725, 97.5353, -13.1293, 39.7864, -46.3418, -45.9789, 
120.461, 91.6745, 97.4715, -13.072, 39.8984, -46.4498, -46.0159, 
120.464, 91.6733, 97.4701, -13.068, 39.8986, -46.4524, -46.0168, 
120.463, 91.6733, 97.4763, -13.0679, 39.8987, -46.451, -46.017, 
120.466, 91.6733, 97.4677, -13.0583, 39.9165, -46.4688, -46.0236, 
120.467, 91.6733, 97.471, -13.057, 39.9162, -46.4689, -46.0241, 
120.485, 91.6733, 97.4033, -13.0018, 40.0308, -46.5882, -46.0588, 
120.487, 91.6733, 97.402, -12.9991, 40.0303, -46.5914, -46.0596, 
120.485, 91.6733, 97.4076, -13, 40.0322, -46.5896, -46.0596, 
120.486, 91.6733, 97.4068, -12.9992, 40.0353, -46.5923, -46.0606, 
120.486, 91.6733, 97.4067, -12.9957, 40.0418, -46.5989, -46.0629, 
120.495, 91.6733, 97.3777, -12.9631, 40.0969, -46.6554, -46.0875, 
120.501, 91.6733, 97.3622, -12.9444, 40.1203, -46.6838, -46.0993, 
120.509, 91.6733, 97.3373, -12.9146, 40.1751, -46.7367, -46.1203, 
120.516, 91.6733, 97.3226, -12.8965, 40.1986, -46.7643, -46.1307, 
120.515, 91.6733, 97.3274, -12.8977, 40.1999, -46.7627, -46.1307, 
120.515, 91.6733, 97.328, -12.898, 40.1999, -46.7624, -46.1307, 
120.524, 91.6733, 97.2963, -12.8654, 40.2556, -46.8195, -46.1551, 
120.525, 91.6733, 97.2974, -12.8629, 40.2555, -46.8212, -46.1561, 
120.524, 91.6733, 97.301, -12.8639, 40.2564, -46.82, -46.1561, 
0, 0, 0, 0, 0, 0, 0, 
120.543, 91.6733, 97.2382, -12.801, 40.3595, -46.9288, -46.2002, 
120.544, 91.6733, 97.2371, -12.7978, 40.3589, -46.9317, -46.2014, 
120.543, 91.6733, 97.2423, -12.799, 40.3607, -46.93, -46.2014, 
120.543, 91.6733, 97.2429, -12.7993, 40.3608, -46.9298, -46.2014, 
120.575, 91.6733, 97.1447, -12.6927, 40.5183, -47.1006, -46.2761, 
120.583, 91.6736, 97.1242, -12.6698, 40.5414, -47.1327, -46.2894, 
120.583, 91.6736, 97.1299, -12.6693, 40.5419, -47.1294, -46.2895, 
120.593, 91.6739, 97.0993, -12.6385, 40.5971, -47.1862, -46.3101, 
120.6, 91.6742, 97.0834, -12.6204, 40.6217, -47.2131, -46.3201, 
120.599, 91.6742, 97.0885, -12.6215, 40.6229, -47.2114, -46.32, 
120.598, 91.6742, 97.0891, -12.6218, 40.6228, -47.2111, -46.32, 
120.589, 91.6733, 97.1173, -12.6501, 40.5757, -47.1666, -46.3009, 
120.589, 91.6733, 97.1251, -12.6512, 40.5741, -47.161, -46.2995, 
120.608, 91.6733, 97.0604, -12.5834, 40.6764, -47.2695, -46.3478, 
120.615, 91.6733, 97.038, -12.5594, 40.7031, -47.3039, -46.3626, 
120.648, 91.6733, 96.9416, -12.455, 40.8639, -47.4702, -46.4333, 
120.65, 91.6733, 96.94, -12.4513, 40.8627, -47.4733, -46.4345, 
120.649, 91.6733, 96.947, -12.4513, 40.8628, -47.4714, -46.4346, 
120.652, 91.6733, 96.9376, -12.4406, 40.8817, -47.4905, -46.4429, 
120.652, 91.6733, 96.9413, -12.439, 40.8815, -47.4906, -46.4435, 
120.672, 91.6733, 96.861, -12.3851, 41.0143, -47.6316, -46.4747, 
120.673, 91.6733, 96.8595, -12.3829, 41.0132, -47.6348, -46.4754, 
120.673, 91.6733, 96.8666, -12.3828, 41.0132, -47.6328, -46.4755, 
120.675, 91.6733, 96.8588, -12.3764, 41.0294, -47.649, -46.4798, 
120.677, 91.6733, 96.8533, -12.3689, 41.0434, -47.6642, -46.4838, 
120.697, 91.6733, 96.7923, -12.3124, 41.1512, -47.7748, -46.5199, 
120.705, 91.6733, 96.7711, -12.2922, 41.1794, -47.8099, -46.531, 
120.703, 91.6733, 96.7776, -12.2933, 41.1817, -47.8078, -46.531, 
120.703, 91.6733, 96.7784, -12.2936, 41.1818, -47.8075, -46.531, 
0, 0, 0, 0, 0, 0, 0, 
120.726, 91.6733, 96.7162, -12.2224, 41.2881, -47.9231, -46.578, 
120.725, 91.6733, 96.7211, -12.2236, 41.2896, -47.9214, -46.578, 
120.724, 91.6733, 96.7217, -12.224, 41.2897, -47.9211, -46.578, 
120.744, 91.6733, 96.6569, -12.1591, 41.4001, -48.038, -46.6222, 
120.752, 91.6733, 96.6373, -12.1374, 41.4273, -48.0723, -46.6349, 
120.769, 91.6733, 96.5768, -12.0783, 41.5375, -48.1853, -46.6767, 
120.776, 91.6733, 96.5554, -12.0575, 41.5647, -48.2203, -46.6892, 
120.774, 91.6733, 96.5624, -12.0587, 41.5671, -48.2181, -46.6891, 
120.774, 91.6733, 96.5632, -12.059, 41.5673, -48.2178, -46.6891, 
120.794, 91.6733, 96.4792, -11.9975, 41.7022, -48.3614, -46.7297, 
120.8, 91.6733, 96.4581, -11.9815, 41.726, -48.3939, -46.7385, 
120.799, 91.6733, 96.4654, -11.9822, 41.7287, -48.3918, -46.7385, 
120.799, 91.6733, 96.4663, -11.9825, 41.7289, -48.3914, -46.7385, 
120.799, 91.6733, 96.4662, -11.9825, 41.7289, -48.3914, -46.7385, 
120.801, 91.6733, 96.4558, -11.9734, 41.748, -48.4104, -46.7456, 
120.801, 91.6733, 96.4598, -11.9721, 41.7478, -48.4104, -46.7461, 
