179.902, -0.171926, 179.669, 
179.913, -0.185953, 179.666, 
179.924, -0.200885, 179.665, 
179.935, -0.214926, 179.665, 
179.945, -0.228559, 179.664, 
179.955, -0.24184, 179.664, 
179.964, -0.254763, 179.664, 
179.973, -0.267333, 179.664, 
179.983, -0.279559, 179.663, 
179.991, -0.29145, 179.663, 
180, -0.303015, 179.663, 
-179.992, -0.314263, 179.663, 
-179.984, -0.325202, 179.663, 
-179.976, -0.335842, 179.662, 
-179.968, -0.34619, 179.662, 
-179.961, -0.356254, 179.662, 
-179.954, -0.366042, 179.662, 
-179.947, -0.375562, 179.662, 
-179.94, -0.384821, 179.661, 
-179.933, -0.393827, 179.661, 
-179.927, -0.402585, 179.661, 
-179.92, -0.411103, 179.661, 
-179.914, -0.419388, 179.661, 
-179.908, -0.427446, 179.66, 
-179.902, -0.435282, 179.66, 
-179.897, -0.442904, 179.66, 
-179.891, -0.450317, 179.66, 
-179.886, -0.457527, 179.66, 
-179.881, -0.464539, 179.66, 
-179.876, -0.471359, 179.66, 
-179.871, -0.477992, 179.659, 
-179.866, -0.484443, 179.659, 
-179.862, -0.490717, 179.659, 
-179.857, -0.49682, 179.659, 
-179.853, -0.502754, 179.659, 
-179.848, -0.508527, 179.659, 
-179.844, -0.514141, 179.659, 
-179.84, -0.519601, 179.658, 
-179.836, -0.524911, 179.658, 
-179.832, -0.530076, 179.658, 
-179.829, -0.535099, 179.658, 
-179.825, -0.539985, 179.658, 
-179.822, -0.544736, 179.658, 
-179.818, -0.549358, 179.658, 
-179.815, -0.553852, 179.658, 
-179.812, -0.558224, 179.658, 
-179.809, -0.562476, 179.658, 
-179.805, -0.566611, 179.657, 
-179.803, -0.570632, 179.657, 
-179.8, -0.574544, 179.657, 
-179.797, -0.578348, 179.657, 
-179.794, -0.582048, 179.657, 
-179.594, -1.0482, 179.779, 
-179.384, -1.46707, 179.788, 
-179.212, -1.83173, 179.784, 
-179.119, -2.09692, 179.789, 
-178.937, -2.48673, 179.786, 
-178.859, -2.70867, 179.787, 
-178.738, -2.98329, 179.781, 
-178.656, -3.1449, 179.777, 
-178.641, -3.17748, 179.777, 
-178.637, -3.18685, 179.777, 
-178.602, -3.2262, 179.781, 
0, -0, 0, 
-178.348, -3.75772, 179.783, 
-178.235, -4.02718, 179.777, 
-178.097, -4.3349, 179.768, 
-178.052, -4.47417, 179.773, 
-177.928, -4.75845, 179.764, 
-177.867, -4.88166, 179.759, 
-177.855, -4.90735, 179.758, 
-177.851, -4.9163, 179.758, 
-177.829, -4.93563, 179.756, 
-177.691, -5.22827, 179.743, 
-177.614, -5.35398, 179.744, 
-177.501, -5.6055, 179.74, 
-177.37, -5.89548, 179.726, 
-177.309, -6.02105, 179.719, 
-177.204, -6.26654, 179.71, 
-177.136, -6.39609, 179.691, 
-177.052, -6.60471, 179.679, 
-176.928, -6.88245, 179.664, 
-176.876, -6.9942, 179.658, 
-176.776, -7.23394, 179.645, 
-176.72, -7.3326, 179.622, 
-176.649, -7.5175, 179.612, 
-176.533, -7.78166, 179.595, 
-176.477, -7.88238, 179.584, 
-176.393, -8.08483, 179.571, 
-176.334, -8.19327, 179.563, 
-176.265, -8.37312, 179.552, 
-176.189, -8.51839, 179.54, 
-176.175, -8.54931, 179.537, 
-176.092, -8.75355, 179.523, 
-176.024, -8.88517, 179.512, 
-176.011, -8.91339, 179.51, 
-176.006, -8.92255, 179.509, 
-176.002, -8.92923, 179.509, 
-176.011, -8.89574, 179.508, 
-175.946, -9.06171, 179.497, 
-175.833, -9.31221, 179.477, 
-175.787, -9.41465, 179.47, 
-175.698, -9.6263, 179.454, 
-175.587, -9.87244, 179.433, 
-175.538, -9.97105, 179.423, 
-175.462, -10.1582, 179.407, 
-175.399, -10.2768, 179.395, 
-175.32, -10.472, 179.378, 
-175.217, -10.7032, 179.356, 
-175.166, -10.8036, 179.346, 
-175.157, -10.8256, 179.344, 
-175.153, -10.8342, 179.343, 
-175.149, -10.8405, 179.342, 
-175.068, -11.0326, 179.324, 
-175, -11.1607, 179.31, 
-174.987, -11.1869, 179.308, 
-174.983, -11.1949, 179.307, 
-174.979, -11.2008, 179.306, 
-174.976, -11.1942, 179.306, 
-174.886, -11.3979, 179.287, 
-174.832, -11.4784, 179.272, 
-174.755, -11.6615, 179.255, 
-174.641, -11.9011, 179.229, 
-174.596, -11.9883, 179.22, 
-174.53, -12.1506, 179.205, 
-174.421, -12.3839, 179.178, 
-174.374, -12.4755, 179.167, 
-174.298, -12.6504, 179.148, 
-174.237, -12.71, 179.139, 
-174.193, -12.821, 179.132, 
-174.085, -13.0484, 179.103, 
-174.042, -13.1312, 179.091, 
-173.964, -13.3131, 179.07, 
0, -0, 0, 
-173.852, -13.5599, 179.039, 
-173.757, -13.7628, 179.012, 
-173.713, -13.8475, 179, 
-173.65, -13.9997, 178.98, 
0, -0, 0, 
-173.534, -14.2338, 178.949, 
-173.47, -14.3468, 178.931, 
-173.458, -14.3696, 178.928, 
-173.455, -14.3766, 178.927, 
-173.45, -14.3805, 178.925, 
-173.386, -14.5309, 178.905, 
-173.329, -14.5993, 178.887, 
-173.274, -14.7361, 178.869, 
-173.181, -14.9315, 178.84, 
-173.146, -14.9972, 178.828, 
-173.08, -15.15, 178.807, 
-173.026, -15.2448, 178.79, 
-172.972, -15.3759, 178.772, 
-172.915, -15.4657, 178.751, 
-172.875, -15.5711, 178.736, 
-172.789, -15.7554, 178.707, 
-172.751, -15.8184, 178.696, 
-172.692, -15.9582, 178.675, 
-172.658, -15.9991, 178.665, 
0, -0, 0, 
-172.558, -16.2063, 178.631, 
-172.542, -16.2335, 178.626, 
-172.538, -16.24, 178.625, 
-172.544, -16.2233, 178.626, 
-172.503, -16.3261, 178.609, 
-172.435, -16.4241, 178.585, 
-172.394, -16.5224, 178.57, 
-172.405, -16.5025, 178.57, 
-172.412, -16.4933, 178.572, 
-172.495, -16.3812, 178.59, 
-172.52, -16.3471, 178.596, 
-172.52, -16.3474, 178.596, 
-172.517, -16.3511, 178.595, 
-172.514, -16.355, 178.594, 
-172.584, -16.2589, 178.609, 
-172.687, -16.1206, 178.63, 
-172.755, -16.0281, 178.645, 
-172.777, -15.9971, 178.651, 
-172.846, -15.9031, 178.665, 
-172.936, -15.7886, 178.681, 
-173.006, -15.6925, 178.696, 
-173.065, -15.6121, 178.708, 
-173.119, -15.5458, 178.718, 
-173.186, -15.4551, 178.731, 
-173.217, -15.4041, 178.741, 
-173.289, -15.3046, 178.755, 
-173.29, -15.3025, 178.756, 
-173.288, -15.3049, 178.755, 
-173.314, -15.2648, 178.761, 
-173.378, -15.177, 178.773, 
-173.442, -15.0825, 178.785, 
-173.49, -15.0168, 178.794, 
-173.524, -14.9681, 178.801, 
-173.536, -14.9523, 178.804, 
0, -0, 0, 
-173.628, -14.8269, 178.82, 
-173.672, -14.7666, 178.828, 
-173.7, -14.7256, 178.833, 
-173.711, -14.71, 178.837, 
-173.741, -14.6661, 178.842, 
-173.796, -14.5877, 178.851, 
-173.832, -14.5369, 178.857, 
-173.855, -14.5036, 178.861, 
-173.872, -14.4776, 178.865, 
-173.908, -14.4248, 178.871, 
-173.937, -14.3846, 178.878, 
-173.966, -14.3433, 178.883, 
-173.962, -14.3479, 178.883, 
-173.961, -14.3495, 178.882, 
-173.976, -14.3259, 178.885, 
-173.981, -14.3187, 178.886, 
-173.981, -14.3188, 178.886, 
-173.981, -14.3196, 178.886, 
-173.98, -14.3205, 178.886, 
-173.994, -14.3, 178.888, 
-174.01, -14.278, 178.895, 
-174.04, -14.2364, 178.899, 
-174.059, -14.2032, 178.907, 
-174.09, -14.1594, 178.912, 
-174.114, -14.1222, 178.917, 
-174.139, -14.0859, 178.919, 
-174.135, -14.0912, 178.919, 
-174.134, -14.0925, 178.919, 
-174.133, -14.0931, 178.919, 
-174.146, -14.0789, 178.924, 
-174.161, -14.0567, 178.926, 
-174.2, -14.001, 178.928, 
-174.186, -14.0191, 178.926, 
-174.199, -14.003, 178.927, 
-174.199, -14.0017, 178.926, 
-174.199, -14.0018, 178.927, 
-174.2, -14.0018, 178.927, 
-174.198, -14.0017, 178.927, 
-174.226, -13.9678, 178.933, 
-174.239, -13.9475, 178.934, 
-174.244, -13.9396, 178.935, 
-174.249, -13.9337, 178.937, 
-174.266, -13.9128, 178.939, 
-174.292, -13.8628, 178.945, 
-174.315, -13.8304, 178.95, 
-174.319, -13.8239, 178.95, 
-174.343, -13.7853, 178.954, 
-174.357, -13.7673, 178.957, 
-174.333, -13.7919, 178.95, 
-174.308, -13.8183, 178.947, 
-174.341, -13.774, 178.953, 
-174.356, -13.75, 178.953, 
-174.355, -13.747, 178.953, 
-174.358, -13.74, 178.955, 
-174.369, -13.7229, 178.957, 
-174.395, -13.6991, 178.964, 
-174.412, -13.6746, 178.966, 
-174.404, -13.683, 178.965, 
-174.403, -13.6842, 178.965, 
-174.406, -13.6791, 178.966, 
-174.399, -13.6966, 178.965, 
-174.39, -13.7129, 178.962, 
-174.431, -13.639, 178.972, 
-174.448, -13.6078, 178.976, 
-174.403, -13.7026, 178.97, 
-174.39, -13.7219, 178.965, 
-174.396, -13.711, 178.967, 
-174.4, -13.7007, 178.968, 
-174.404, -13.6926, 178.968, 
-174.427, -13.6317, 178.971, 
-174.437, -13.6168, 178.974, 
-174.432, -13.6244, 178.972, 
-174.431, -13.6252, 178.972, 
-174.462, -13.5604, 178.978, 
0, -0, 0, 
-174.454, -13.5807, 178.978, 
-174.434, -13.6111, 178.974, 
-174.44, -13.6015, 178.975, 
-174.441, -13.6002, 178.976, 
0, -0, 0, 
-174.476, -13.5311, 178.983, 
-174.52, -13.4324, 178.989, 
-174.543, -13.3976, 178.996, 
-174.542, -13.399, 178.996, 
0, -0, 0, 
-174.539, -13.4038, 178.995, 
-174.539, -13.4025, 178.996, 
-174.539, -13.4024, 178.995, 
-174.574, -13.3339, 179.003, 
-174.595, -13.3016, 179.009, 
-174.622, -13.2394, 179.013, 
-174.629, -13.2286, 179.015, 
-174.623, -13.2371, 179.013, 
-174.622, -13.2382, 179.013, 
-174.621, -13.2379, 179.013, 
-174.626, -13.2267, 179.013, 
-174.632, -13.2125, 179.015, 
-174.658, -13.1534, 179.018, 
-174.676, -13.1215, 179.023, 
-174.673, -13.1256, 179.022, 
-174.673, -13.1248, 179.023, 
-174.673, -13.1247, 179.023, 
-174.673, -13.1246, 179.023, 
-174.673, -13.1246, 179.023, 
-174.672, -13.125, 179.022, 
-174.672, -13.1253, 179.022, 
-174.672, -13.1253, 179.022, 
-174.672, -13.1253, 179.022, 
-174.672, -13.1252, 179.022, 
0, -0, 0, 
-174.736, -13.0104, 179.038, 
-174.731, -13.012, 179.037, 
-174.746, -12.9804, 179.039, 
-174.759, -12.9589, 179.042, 
-174.73, -13.014, 179.036, 
-174.718, -13.0278, 179.034, 
-174.719, -13.0266, 179.035, 
-174.715, -13.0331, 179.034, 
-174.712, -13.0374, 179.033, 
0, -0, 0, 
-174.757, -12.9575, 179.043, 
-174.751, -12.9662, 179.041, 
-174.75, -12.9672, 179.041, 
-174.722, -13.0169, 179.036, 
0, -0, 0, 
-174.74, -12.9823, 179.039, 
-174.756, -12.9557, 179.043, 
-174.748, -12.9656, 179.041, 
-174.747, -12.9668, 179.041, 
-174.746, -12.9683, 179.041, 
-174.745, -12.9689, 179.041, 
-174.745, -12.9689, 179.041, 
-174.745, -12.9689, 179.041, 
-174.745, -12.9689, 179.041, 
-174.777, -12.9008, 179.046, 
-174.784, -12.8921, 179.049, 
-174.78, -12.8961, 179.048, 
-174.787, -12.8845, 179.049, 
-174.793, -12.8722, 179.05, 
-174.819, -12.8101, 179.055, 
-174.837, -12.7801, 179.06, 
-174.829, -12.7909, 179.057, 
-174.827, -12.7926, 179.057, 
-174.879, -12.6876, 179.067, 
-174.895, -12.6631, 179.071, 
-174.892, -12.6719, 179.07, 
-174.903, -12.6409, 179.072, 
-174.907, -12.6373, 179.073, 
-174.931, -12.5852, 179.076, 
-174.943, -12.5618, 179.079, 
-174.914, -12.6182, 179.073, 
-174.904, -12.6338, 179.071, 
-174.905, -12.6347, 179.072, 
-174.906, -12.6256, 179.071, 
-174.907, -12.6255, 179.072, 
-174.937, -12.5621, 179.075, 
-174.953, -12.5346, 179.079, 
-174.943, -12.5459, 179.077, 
-174.943, -12.5473, 179.076, 
0, -0, 0, 
-174.942, -12.552, 179.076, 
-174.94, -12.5528, 179.076, 
-174.942, -12.5523, 179.076, 
-174.94, -12.5528, 179.076, 
-174.938, -12.5564, 179.076, 
-174.951, -12.5253, 179.078, 
-174.953, -12.5222, 179.079, 
-174.959, -12.5035, 179.079, 
-174.97, -12.4852, 179.081, 
0, -0, 0, 
-174.963, -12.4941, 179.08, 
-174.981, -12.4564, 179.083, 
-174.995, -12.4341, 179.086, 
-174.989, -12.444, 179.085, 
0, -0, 0, 
-174.964, -12.4937, 179.08, 
-174.936, -12.5366, 179.073, 
-174.935, -12.5378, 179.073, 
-174.949, -12.5099, 179.076, 
0, -0, 0, 
-175.029, -12.3544, 179.093, 
-175.046, -12.3264, 179.098, 
-175.044, -12.3292, 179.097, 
-175.07, -12.2746, 179.101, 
-175.085, -12.2502, 179.104, 
-175.126, -12.1622, 179.113, 
-175.129, -12.1564, 179.114, 
-175.124, -12.1609, 179.113, 
-175.124, -12.1627, 179.113, 
-175.124, -12.1625, 179.112, 
-175.137, -12.1304, 179.114, 
-175.15, -12.1104, 179.117, 
-175.133, -12.1388, 179.113, 
-175.117, -12.1643, 179.11, 
-175.147, -12.1023, 179.114, 
-175.161, -12.08, 179.117, 
-175.101, -12.1834, 179.105, 
-175.057, -12.253, 179.095, 
-175.055, -12.2576, 179.094, 
-175.071, -12.2257, 179.096, 
-175.084, -12.2066, 179.098, 
-175.078, -12.2154, 179.096, 
-175.077, -12.2164, 179.095, 
-175.05, -12.2669, 179.091, 
-175.027, -12.3063, 179.087, 
-175.026, -12.3075, 179.087, 
-175.038, -12.2841, 179.089, 
-175.038, -12.2828, 179.09, 
-175.071, -12.2192, 179.095, 
-175.091, -12.1921, 179.099, 
-175.073, -12.2228, 179.096, 
-175.059, -12.2474, 179.093, 
-175.078, -12.2107, 179.096, 
-175.09, -12.1919, 179.098, 
-175.083, -12.2006, 179.096, 
-175.083, -12.2017, 179.096, 
-175.101, -12.1648, 179.099, 
-175.116, -12.1428, 179.102, 
-175.109, -12.1525, 179.101, 
-175.108, -12.1537, 179.1, 
-175.146, -12.0849, 179.106, 
-175.16, -12.061, 179.11, 
-175.153, -12.072, 179.108, 
-175.152, -12.0733, 179.108, 
-175.149, -12.0783, 179.108, 
-175.147, -12.08, 179.107, 
-175.149, -12.0798, 179.107, 
-175.147, -12.0804, 179.107, 
-175.147, -12.0802, 179.107, 
-175.146, -12.0852, 179.107, 
-175.143, -12.0876, 179.106, 
-175.143, -12.0874, 179.106, 
-175.145, -12.0871, 179.106, 
-175.143, -12.0877, 179.106, 
-175.177, -12.0212, 179.11, 
-175.192, -11.996, 179.113, 
-175.184, -12.0073, 179.111, 
-175.183, -12.0086, 179.111, 
-175.242, -11.9024, 179.122, 
-175.252, -11.8885, 179.125, 
-175.245, -11.8981, 179.123, 
-175.244, -11.8992, 179.123, 
-175.244, -11.8993, 179.123, 
-175.302, -11.7947, 179.134, 
-175.318, -11.7754, 179.137, 
-175.312, -11.785, 179.137, 
-175.301, -11.8058, 179.135, 
-175.284, -11.8324, 179.131, 
-175.288, -11.8291, 179.133, 
0, -0, 0, 
-175.307, -11.7913, 179.136, 
-175.318, -11.7733, 179.139, 
-175.337, -11.7249, 179.141, 
-175.35, -11.7041, 179.145, 
-175.343, -11.7137, 179.143, 
-175.342, -11.7154, 179.143, 
-175.342, -11.7153, 179.143, 
-175.342, -11.7152, 179.143, 
-175.342, -11.7154, 179.143, 
0, -0, 0, 
-175.374, -11.6477, 179.148, 
-175.367, -11.6584, 179.147, 
-175.372, -11.6504, 179.147, 
-175.375, -11.6453, 179.148, 
0, -0, 0, 
-175.418, -11.5578, 179.154, 
-175.462, -11.4717, 179.16, 
-175.479, -11.4459, 179.164, 
-175.471, -11.4578, 179.162, 
-175.474, -11.4511, 179.163, 
-175.476, -11.4493, 179.163, 
-175.524, -11.3472, 179.171, 
-175.528, -11.3427, 179.174, 
-175.523, -11.3527, 179.172, 
-175.552, -11.2951, 179.177, 
-175.567, -11.2747, 179.18, 
-175.56, -11.2859, 179.178, 
-175.559, -11.287, 179.178, 
-175.531, -11.3371, 179.172, 
-175.521, -11.355, 179.171, 
-175.56, -11.2815, 179.176, 
-175.564, -11.2778, 179.178, 
-175.559, -11.2877, 179.177, 
-175.554, -11.295, 179.176, 
-175.549, -11.3039, 179.175, 
-175.608, -11.1979, 179.184, 
-175.623, -11.1752, 179.187, 
-175.62, -11.1799, 179.186, 
-175.648, -11.1251, 179.191, 
-175.652, -11.1226, 179.192, 
-175.647, -11.1324, 179.191, 
-175.642, -11.1402, 179.191, 
-175.633, -11.1561, 179.189, 
-175.684, -11.0512, 179.197, 
-175.702, -11.0224, 179.202, 
-175.692, -11.0355, 179.2, 
-175.691, -11.0369, 179.199, 
-175.691, -11.0368, 179.199, 
-175.727, -10.9671, 179.203, 
-175.743, -10.9414, 179.206, 
-175.784, -10.8511, 179.21, 
-175.788, -10.8456, 179.212, 
-175.784, -10.8513, 179.211, 
-175.811, -10.7972, 179.214, 
-175.825, -10.7744, 179.216, 
-175.866, -10.6887, 179.222, 
-175.884, -10.6604, 179.227, 
-175.878, -10.6687, 179.225, 
-175.877, -10.6707, 179.225, 
0, -0, 0, 
-175.895, -10.6401, 179.227, 
-175.893, -10.6441, 179.227, 
-175.924, -10.5893, 179.23, 
-175.934, -10.5737, 179.232, 
-175.962, -10.5212, 179.235, 
-175.973, -10.5041, 179.238, 
-175.968, -10.511, 179.236, 
-175.968, -10.5117, 179.235, 
-176.003, -10.4489, 179.238, 
-176.003, -10.4503, 179.239, 
-176.055, -10.3598, 179.245, 
-176.068, -10.3408, 179.249, 
-176.063, -10.3498, 179.248, 
-176.067, -10.342, 179.248, 
0, -0, 0, 
-176.101, -10.2823, 179.25, 
-176.112, -10.2644, 179.252, 
-176.108, -10.271, 179.251, 
-176.107, -10.2716, 179.25, 
-176.104, -10.2775, 179.25, 
-176.103, -10.2794, 179.25, 
-176.103, -10.2795, 179.25, 
-176.103, -10.2793, 179.25, 
-176.103, -10.279, 179.25, 
-176.136, -10.2209, 179.253, 
-176.149, -10.2017, 179.256, 
-176.144, -10.208, 179.255, 
-176.144, -10.2087, 179.254, 
-176.178, -10.1488, 179.257, 
-176.189, -10.1312, 179.26, 
-176.22, -10.0735, 179.261, 
-176.221, -10.073, 179.262, 
-176.217, -10.0782, 179.26, 
-176.217, -10.0787, 179.26, 
-176.251, -10.0166, 179.263, 
-176.253, -10.0158, 179.264, 
-176.306, -9.92476, 179.269, 
-176.32, -9.904, 179.272, 
-176.316, -9.91099, 179.271, 
-176.321, -9.90186, 179.271, 
-176.326, -9.89509, 179.272, 
-176.323, -9.8986, 179.271, 
-176.323, -9.89887, 179.271, 
-176.357, -9.83777, 179.273, 
-176.37, -9.8167, 179.276, 
-176.4, -9.76176, 179.277, 
-176.402, -9.76059, 179.278, 
-176.398, -9.76597, 179.277, 
-176.398, -9.76648, 179.277, 
-176.398, -9.76637, 179.277, 
-176.398, -9.7662, 179.277, 
-176.398, -9.76603, 179.277, 
-176.404, -9.75601, 179.277, 
-176.403, -9.75861, 179.277, 
-176.454, -9.66281, 179.282, 
-176.469, -9.64077, 179.286, 
-176.465, -9.64685, 179.285, 
-176.471, -9.63681, 179.285, 
-176.475, -9.6303, 179.286, 
-176.509, -9.56654, 179.288, 
-176.52, -9.54689, 179.291, 
-176.572, -9.45397, 179.295, 
-176.588, -9.43099, 179.299, 
-176.642, -9.33249, 179.302, 
-176.653, -9.31755, 179.305, 
-176.648, -9.32356, 179.304, 
-176.648, -9.32416, 179.303, 
-176.648, -9.32406, 179.303, 
-176.648, -9.32389, 179.303, 
-176.648, -9.32372, 179.303, 
-176.665, -9.29145, 179.303, 
-176.674, -9.27699, 179.305, 
-176.709, -9.21306, 179.307, 
-176.721, -9.19383, 179.31, 
-176.718, -9.19978, 179.309, 
-176.734, -9.16899, 179.309, 
-176.743, -9.15507, 179.311, 
-176.758, -9.12542, 179.31, 
-176.769, -9.10848, 179.312, 
-176.78, -9.08708, 179.311, 
-176.788, -9.07387, 179.313, 
-176.802, -9.04762, 179.311, 
-176.811, -9.03196, 179.313, 
-176.808, -9.03677, 179.312, 
-176.808, -9.03726, 179.311, 
-176.826, -9.00401, 179.312, 
-176.827, -9.00389, 179.313, 
-176.841, -8.97657, 179.312, 
-176.85, -8.96099, 179.314, 
-176.847, -8.96548, 179.313, 
-176.847, -8.96594, 179.312, 
-176.882, -8.90083, 179.314, 
-176.895, -8.88007, 179.317, 
-176.929, -8.81818, 179.317, 
-176.943, -8.79684, 179.319, 
-176.94, -8.80242, 179.318, 
-176.941, -8.80187, 179.318, 
-176.941, -8.80164, 179.318, 
-176.94, -8.80339, 179.317, 
0, -0, 0, 
-176.958, -8.77095, 179.318, 
-176.969, -8.75393, 179.32, 
-177, -8.69319, 179.32, 
-177.011, -8.67478, 179.323, 
-177.008, -8.68001, 179.322, 
-177.008, -8.68055, 179.322, 
-177.008, -8.6805, 179.322, 
-177.008, -8.68038, 179.322, 
-177.008, -8.68024, 179.322, 
-177.036, -8.62806, 179.323, 
-177.039, -8.62636, 179.325, 
-177.036, -8.6304, 179.324, 
-177.036, -8.63079, 179.323, 
-177.073, -8.56508, 179.326, 
-177.087, -8.54276, 179.329, 
-177.118, -8.48487, 179.329, 
-177.131, -8.46518, 179.331, 
-177.127, -8.4713, 179.33, 
-177.127, -8.47197, 179.329, 
-177.164, -8.40668, 179.332, 
-177.175, -8.38801, 179.335, 
-177.171, -8.39357, 179.333, 
-177.171, -8.39418, 179.333, 
-177.197, -8.34361, 179.334, 
-177.209, -8.32465, 179.336, 
-177.244, -8.26236, 179.338, 
-177.257, -8.24128, 179.341, 
-177.253, -8.24759, 179.339, 
-177.253, -8.24817, 179.338, 
-177.285, -8.18508, 179.34, 
-177.298, -8.16467, 179.343, 
-177.294, -8.17028, 179.341, 
-177.293, -8.1709, 179.34, 
-177.27, -8.21346, 179.34, 
-177.253, -8.24237, 179.336, 
-177.289, -8.17601, 179.338, 
-177.292, -8.17385, 179.339, 
-177.29, -8.1775, 179.337, 
-177.289, -8.17803, 179.337, 
-177.345, -8.07759, 179.34, 
-177.361, -8.05373, 179.343, 
-177.359, -8.05755, 179.342, 
-177.377, -8.02531, 179.342, 
-177.388, -8.00759, 179.344, 
-177.385, -8.01233, 179.343, 
-177.384, -8.01285, 179.343, 
-177.402, -7.97935, 179.343, 
-177.413, -7.96184, 179.345, 
-177.41, -7.96637, 179.343, 
-177.41, -7.96687, 179.343, 
-177.428, -7.93341, 179.343, 
-177.438, -7.91608, 179.345, 
-177.453, -7.88696, 179.345, 
-177.463, -7.87207, 179.346, 
-177.46, -7.87652, 179.345, 
-177.459, -7.877, 179.345, 
-177.459, -7.87695, 179.345, 
-177.459, -7.87684, 179.345, 
-177.488, -7.82496, 179.347, 
-177.502, -7.80538, 179.349, 
-177.531, -7.74917, 179.348, 
-177.543, -7.72958, 179.35, 
-177.538, -7.73553, 179.348, 
-177.539, -7.73523, 179.348, 
-177.569, -7.6811, 179.349, 
-177.571, -7.67932, 179.35, 
-177.569, -7.68353, 179.349, 
-177.588, -7.6479, 179.349, 
-177.599, -7.63041, 179.351, 
-177.596, -7.63482, 179.349, 
-177.595, -7.63532, 179.349, 
-177.614, -7.60195, 179.35, 
-177.625, -7.58399, 179.351, 
-177.597, -7.63271, 179.35, 
-177.592, -7.6416, 179.348, 
-177.631, -7.57019, 179.349, 
-177.644, -7.54952, 179.351, 
-177.641, -7.55351, 179.351, 
-177.648, -7.54049, 179.35, 
-177.655, -7.53025, 179.351, 
-177.68, -7.48238, 179.35, 
-177.682, -7.48053, 179.351, 
-177.68, -7.48427, 179.35, 
-177.68, -7.48466, 179.35, 
0, -0, 0, 
-177.678, -7.48805, 179.349, 
-177.678, -7.48807, 179.349, 
-177.678, -7.48798, 179.349, 
-177.678, -7.48789, 179.349, 
-177.677, -7.49008, 179.349, 
-177.677, -7.49082, 179.349, 
-177.677, -7.49084, 179.349, 
-177.677, -7.49076, 179.349, 
-177.677, -7.49068, 179.349, 
0, -0, 0, 
-177.735, -7.38552, 179.353, 
-177.734, -7.38804, 179.352, 
-177.747, -7.3639, 179.353, 
-177.756, -7.34965, 179.354, 
-177.753, -7.35311, 179.353, 
-177.753, -7.3535, 179.353, 
-177.753, -7.35347, 179.353, 
-177.753, -7.35339, 179.353, 
-177.791, -7.28231, 179.355, 
-177.805, -7.26097, 179.358, 
-177.837, -7.19972, 179.357, 
-177.851, -7.17711, 179.359, 
-177.849, -7.18109, 179.358, 
-177.853, -7.17393, 179.358, 
-177.856, -7.1683, 179.358, 
-177.893, -7.09947, 179.36, 
-177.904, -7.08064, 179.362, 
-177.901, -7.08559, 179.361, 
-177.9, -7.08616, 179.36, 
-177.929, -7.03483, 179.361, 
-177.94, -7.0162, 179.362, 
-177.937, -7.02113, 179.361, 
-177.936, -7.02171, 179.361, 
-177.989, -6.92378, 179.363, 
-178.002, -6.90413, 179.365, 
-177.998, -6.90964, 179.363, 
-177.997, -6.91027, 179.363, 
-177.997, -6.91024, 179.363, 
-178.032, -6.84553, 179.364, 
0, -0, 0, 
-178.067, -6.78288, 179.365, 
-178.081, -6.76013, 179.367, 
-178.076, -6.76598, 179.366, 
-178.075, -6.76716, 179.366, 
-178.114, -6.6951, 179.365, 
-178.128, -6.67358, 179.367, 
-178.124, -6.67919, 179.365, 
-178.123, -6.67985, 179.365, 
-178.123, -6.67982, 179.365, 
-178.13, -6.66802, 179.365, 
-178.136, -6.65789, 179.365, 
-178.134, -6.66063, 179.364, 
-178.134, -6.6609, 179.364, 
-178.134, -6.66083, 179.364, 
-178.138, -6.6527, 179.364, 
-178.142, -6.64608, 179.363, 
-178.199, -6.54156, 179.367, 
-178.21, -6.52492, 179.369, 
-178.208, -6.52915, 179.368, 
-178.212, -6.52188, 179.368, 
-178.211, -6.52363, 179.368, 
-178.21, -6.52507, 179.367, 
-178.21, -6.52516, 179.367, 
-178.277, -6.4013, 179.374, 
-178.29, -6.38228, 179.375, 
-178.285, -6.39002, 179.374, 
-178.284, -6.39093, 179.374, 
-178.284, -6.39091, 179.374, 
-178.311, -6.33488, 179.376, 
-178.327, -6.30881, 179.378, 
-178.373, -6.21507, 179.38, 
-178.393, -6.18247, 179.383, 
-178.388, -6.18989, 179.382, 
-178.402, -6.15957, 179.382, 
-178.412, -6.14105, 179.383, 
-178.422, -6.11689, 179.384, 
-178.423, -6.1161, 179.383, 
-178.45, -6.05773, 179.385, 
-178.453, -6.05396, 179.385, 
-178.5, -5.95371, 179.387, 
-178.516, -5.92749, 179.388, 
-178.511, -5.93593, 179.387, 
-178.517, -5.92226, 179.388, 
-178.524, -5.90884, 179.388, 
-178.551, -5.84918, 179.389, 
-178.566, -5.82283, 179.39, 
-178.62, -5.7185, 179.394, 
-178.624, -5.71348, 179.394, 
-178.618, -5.7228, 179.393, 
-178.622, -5.71414, 179.393, 
-178.625, -5.70839, 179.393, 
-178.654, -5.64634, 179.396, 
-178.669, -5.62022, 179.395, 
-178.663, -5.6295, 179.394, 
-178.667, -5.62092, 179.395, 
-178.67, -5.61359, 179.394, 
-178.667, -5.6188, 179.394, 
-178.667, -5.61927, 179.394, 
-178.667, -5.61911, 179.394, 
-178.672, -5.60818, 179.395, 
-178.67, -5.61129, 179.394, 
-178.726, -5.5009, 179.396, 
-178.731, -5.49414, 179.396, 
-178.727, -5.4986, 179.395, 
-178.741, -5.46915, 179.397, 
-178.751, -5.45161, 179.397, 
-178.777, -5.39749, 179.397, 
-178.79, -5.3749, 179.398, 
-178.816, -5.31796, 179.401, 
-178.831, -5.29228, 179.401, 
-178.855, -5.23679, 179.4, 
-178.856, -5.23551, 179.4, 
-178.85, -5.24474, 179.399, 
-178.864, -5.21417, 179.401, 
-178.874, -5.19675, 179.401, 
-178.882, -5.17471, 179.402, 
-178.881, -5.17658, 179.401, 
-178.892, -5.15068, 179.403, 
-178.901, -5.13383, 179.402, 
-178.895, -5.14171, 179.402, 
-178.895, -5.14254, 179.402, 
-178.895, -5.1424, 179.402, 
-178.895, -5.14217, 179.402, 
-178.895, -5.14193, 179.402, 
-178.899, -5.13253, 179.403, 
-178.903, -5.12532, 179.402, 
-178.9, -5.13024, 179.402, 
-178.899, -5.13069, 179.402, 
-178.93, -5.06836, 179.404, 
0, -0, 0, 
-178.981, -4.96442, 179.407, 
-178.986, -4.95732, 179.407, 
-178.979, -4.96722, 179.406, 
-178.978, -4.96833, 179.406, 
-178.974, -4.97422, 179.405, 
-178.973, -4.97607, 179.405, 
-178.973, -4.97609, 179.405, 
-178.973, -4.97589, 179.405, 
-178.973, -4.97569, 179.405, 
-179.005, -4.90794, 179.407, 
-179.019, -4.88391, 179.408, 
-179.065, -4.78464, 179.411, 
-179.08, -4.75809, 179.412, 
-179.074, -4.76713, 179.411, 
-179.089, -4.736, 179.412, 
-179.098, -4.71992, 179.412, 
-179.108, -4.69541, 179.413, 
-179.116, -4.67967, 179.413, 
-179.11, -4.68715, 179.412, 
-179.11, -4.68794, 179.412, 
-179.141, -4.62139, 179.413, 
-179.154, -4.59692, 179.414, 
-179.148, -4.60564, 179.412, 
-179.153, -4.59646, 179.413, 
-179.155, -4.59015, 179.413, 
-179.186, -4.52536, 179.417, 
-179.201, -4.49921, 179.417, 
-179.193, -4.50938, 179.416, 
-179.193, -4.51054, 179.416, 
-179.189, -4.51636, 179.415, 
-179.188, -4.51825, 179.415, 
-179.188, -4.51827, 179.415, 
-179.188, -4.51808, 179.415, 
-179.188, -4.51787, 179.415, 
-179.22, -4.4548, 179.419, 
-179.222, -4.45194, 179.418, 
-179.251, -4.3921, 179.419, 
-179.267, -4.3654, 179.419, 
-179.292, -4.30777, 179.419, 
-179.306, -4.28283, 179.42, 
-179.33, -4.22688, 179.419, 
-179.345, -4.20124, 179.419, 
-179.337, -4.21158, 179.417, 
-179.336, -4.21275, 179.417, 
-179.372, -4.14136, 179.418, 
-179.385, -4.11915, 179.418, 
-179.378, -4.12861, 179.417, 
-179.378, -4.12966, 179.417, 
-179.409, -4.06317, 179.418, 
-179.421, -4.04021, 179.418, 
-179.448, -3.98036, 179.418, 
-179.449, -3.97878, 179.417, 
-179.444, -3.98665, 179.417, 
-179.443, -3.98746, 179.417, 
0, -0, 0, 
-179.476, -3.92165, 179.418, 
-179.471, -3.92927, 179.417, 
-179.47, -3.93004, 179.417, 
-179.503, -3.86445, 179.421, 
-179.516, -3.84002, 179.42, 
-179.542, -3.78333, 179.421, 
-179.555, -3.76074, 179.421, 
-179.548, -3.77079, 179.42, 
-179.547, -3.77192, 179.42, 
-179.576, -3.70902, 179.422, 
-179.589, -3.6855, 179.422, 
-179.615, -3.62823, 179.424, 
-179.616, -3.62699, 179.423, 
-179.642, -3.56957, 179.425, 
-179.653, -3.54883, 179.424, 
-179.678, -3.494, 179.427, 
-179.689, -3.47269, 179.426, 
-179.682, -3.48258, 179.426, 
-179.681, -3.48367, 179.426, 
0, -0, 0, 
-179.675, -3.49294, 179.425, 
-179.676, -3.49297, 179.425, 
-179.676, -3.49274, 179.425, 
-179.676, -3.49249, 179.425, 
-179.672, -3.49862, 179.424, 
-179.671, -3.49934, 179.424, 
-179.669, -3.5014, 179.423, 
-179.685, -3.4697, 179.426, 
-179.684, -3.47162, 179.425, 
-179.68, -3.47717, 179.425, 
-179.68, -3.4777, 179.425, 
-179.694, -3.44695, 179.427, 
-179.694, -3.44701, 179.426, 
-179.691, -3.45211, 179.426, 
-179.691, -3.45258, 179.426, 
-179.704, -3.42265, 179.428, 
-179.704, -3.42293, 179.427, 
-179.716, -3.39627, 179.429, 
-179.725, -3.37871, 179.428, 
-179.72, -3.38592, 179.428, 
-179.72, -3.38673, 179.428, 
-179.708, -3.41177, 179.425, 
-179.692, -3.44028, 179.424, 
-179.695, -3.43592, 179.424, 
-179.695, -3.43515, 179.424, 
-179.727, -3.37174, 179.424, 
-179.741, -3.34621, 179.425, 
-179.735, -3.35492, 179.424, 
-179.734, -3.35597, 179.424, 
-179.734, -3.35595, 179.424, 
-179.734, -3.3558, 179.424, 
-179.732, -3.35951, 179.424, 
-179.736, -3.34991, 179.424, 
-179.74, -3.34025, 179.423, 
0, -0, 0, 
-179.777, -3.27014, 179.426, 
-179.772, -3.27732, 179.425, 
-179.771, -3.27811, 179.425, 
-179.804, -3.21124, 179.427, 
-179.82, -3.18427, 179.427, 
-179.844, -3.12956, 179.427, 
-179.846, -3.12531, 179.427, 
-179.842, -3.1317, 179.426, 
-179.845, -3.12352, 179.426, 
-179.844, -3.12605, 179.425, 
-179.876, -3.06025, 179.426, 
-179.879, -3.05624, 179.426, 
-179.874, -3.06377, 179.425, 
-179.874, -3.06328, 179.425, 
-179.874, -3.06279, 179.425, 
-179.887, -3.03427, 179.426, 
-179.896, -3.01597, 179.426, 
-179.905, -2.99358, 179.427, 
-179.913, -2.97665, 179.426, 
-179.909, -2.98294, 179.426, 
-179.909, -2.98364, 179.426, 
-179.923, -2.95294, 179.428, 
-179.923, -2.95239, 179.427, 
-179.92, -2.9571, 179.427, 
0, -0, 0, 
-179.95, -2.89416, 179.43, 
-179.953, -2.89045, 179.429, 
-179.948, -2.89749, 179.429, 
-179.948, -2.89828, 179.429, 
-179.997, -2.79615, 179.432, 
179.989, -2.77064, 179.432, 
179.994, -2.77818, 179.431, 
179.98, -2.74862, 179.432, 
179.973, -2.73221, 179.431, 
179.977, -2.73873, 179.431, 
179.978, -2.73945, 179.431, 
179.987, -2.7631, 179.43, 
179.994, -2.77287, 179.429, 
179.962, -2.7075, 179.43, 
179.948, -2.68098, 179.429, 
179.904, -2.58625, 179.431, 
179.901, -2.58155, 179.431, 
179.906, -2.58888, 179.43, 
179.902, -2.57992, 179.431, 
179.904, -2.58272, 179.43, 
179.862, -2.50385, 179.429, 
179.859, -2.49934, 179.429, 
179.864, -2.50682, 179.428, 
179.86, -2.49962, 179.428, 
179.857, -2.49359, 179.428, 
179.829, -2.4349, 179.428, 
179.816, -2.41018, 179.428, 
179.822, -2.41904, 179.427, 
179.823, -2.42007, 179.427, 
0, -0, 0, 
179.791, -2.35458, 179.428, 
179.795, -2.36119, 179.428, 
179.796, -2.3619, 179.428, 
179.764, -2.29677, 179.429, 
179.751, -2.27324, 179.428, 
179.723, -2.21495, 179.429, 
179.709, -2.18923, 179.428, 
179.716, -2.19875, 179.428, 
179.716, -2.19986, 179.428, 
0, -0, 0, 
179.657, -2.09136, 179.428, 
179.664, -2.10126, 179.428, 
179.665, -2.10241, 179.428, 
179.665, -2.10234, 179.428, 
179.661, -2.09274, 179.428, 
179.663, -2.09594, 179.428, 
