-34.6394, -109.435, 63.5609, 92.0693, 111.084, 115.809, -117, 
-34.6392, -109.435, 63.5338, 92.0799, 111.083, 115.81, -116.999, 
0, 0, 0, 0, 0, 0, 0, 
0, 0, 0, 0, 0, 0, 0, 
-34.6389, -109.435, 63.467, 92.106, 111.081, 115.812, -116.995, 
-34.6388, -109.435, 63.4491, 92.113, 111.081, 115.813, -116.994, 
-34.6387, -109.435, 63.4329, 92.1193, 111.08, 115.813, -116.993, 
-34.6386, -109.435, 63.418, 92.1251, 111.08, 115.814, -116.992, 
-34.6385, -109.435, 63.4046, 92.1304, 111.08, 115.814, -116.992, 
-34.6384, -109.435, 63.3927, 92.135, 111.079, 115.815, -116.991, 
-34.6384, -109.435, 63.382, 92.1392, 111.079, 115.815, -116.99, 
-34.6383, -109.435, 63.3723, 92.143, 111.079, 115.815, -116.99, 
-34.6383, -109.435, 63.3636, 92.1464, 111.079, 115.816, -116.989, 
-34.6382, -109.435, 63.3555, 92.1496, 111.078, 115.816, -116.989, 
-34.6382, -109.435, 63.3484, 92.1523, 111.078, 115.816, -116.989, 
-34.6382, -109.435, 63.342, 92.1548, 111.078, 115.816, -116.988, 
-34.6381, -109.435, 63.3361, 92.1571, 111.078, 115.816, -116.988, 
-34.6381, -109.435, 63.3309, 92.1592, 111.078, 115.816, -116.988, 
-34.6381, -109.435, 63.3262, 92.161, 111.077, 115.817, -116.987, 
-34.638, -109.435, 63.3219, 92.1627, 111.077, 115.817, -116.987, 
-34.638, -109.435, 63.3181, 92.1642, 111.077, 115.817, -116.987, 
-34.638, -109.435, 63.3145, 92.1656, 111.077, 115.817, -116.987, 
-34.638, -109.435, 63.3114, 92.1668, 111.077, 115.817, -116.986, 
-34.638, -109.435, 63.3086, 92.1679, 111.077, 115.817, -116.986, 
-34.638, -109.435, 63.3061, 92.1689, 111.077, 115.817, -116.986, 
-34.6379, -109.435, 63.3038, 92.1698, 111.077, 115.817, -116.986, 
-34.6379, -109.435, 63.3017, 92.1706, 111.077, 115.817, -116.986, 
-34.6379, -109.435, 63.2998, 92.1713, 111.077, 115.817, -116.986, 
-34.6379, -109.435, 63.2981, 92.172, 111.077, 115.817, -116.986, 
-34.6379, -109.435, 63.2966, 92.1726, 111.077, 115.817, -116.986, 
-34.6379, -109.435, 63.2952, 92.1731, 111.077, 115.817, -116.986, 
-34.6379, -109.435, 63.2939, 92.1736, 111.077, 115.817, -116.986, 
-34.6379, -109.435, 63.2928, 92.174, 111.077, 115.817, -116.985, 
-34.6379, -109.435, 63.2918, 92.1744, 111.077, 115.817, -116.985, 
-34.6379, -109.435, 63.2909, 92.1748, 111.076, 115.818, -116.985, 
-34.6379, -109.435, 63.2901, 92.1751, 111.076, 115.818, -116.985, 
-34.6379, -109.435, 63.2893, 92.1754, 111.076, 115.818, -116.985, 
-34.6379, -109.435, 63.2886, 92.1757, 111.076, 115.818, -116.985, 
-34.6379, -109.435, 63.288, 92.1759, 111.076, 115.818, -116.985, 
0, 0, 0, 0, 0, 0, 0, 
0, 0, 0, 0, 0, 0, 0, 
-34.6378, -109.435, 63.2865, 92.1765, 111.076, 115.818, -116.985, 
-34.6378, -109.435, 63.2861, 92.1767, 111.076, 115.818, -116.985, 
-34.6378, -109.435, 63.2858, 92.1768, 111.076, 115.818, -116.985, 
-34.6378, -109.435, 63.2854, 92.1769, 111.076, 115.818, -116.985, 
-34.6378, -109.435, 63.2852, 92.177, 111.076, 115.818, -116.985, 
-34.6378, -109.435, 63.2849, 92.1771, 111.076, 115.818, -116.985, 
-34.6378, -109.435, 63.2846, 92.1772, 111.076, 115.818, -116.985, 
-34.6378, -109.435, 63.2844, 92.1773, 111.076, 115.818, -116.985, 
-34.6378, -109.435, 63.2842, 92.1774, 111.076, 115.818, -116.985, 
-34.6378, -109.435, 63.2841, 92.1775, 111.076, 115.818, -116.985, 
-34.6378, -109.435, 63.2839, 92.1775, 111.076, 115.818, -116.985, 
-34.6378, -109.435, 63.2838, 92.1776, 111.076, 115.818, -116.985, 
-34.6378, -109.435, 63.2836, 92.1776, 111.076, 115.818, -116.985, 
-34.6378, -109.435, 63.2835, 92.1777, 111.076, 115.818, -116.985, 
-34.6378, -109.435, 63.2834, 92.1777, 111.076, 115.818, -116.985, 
-34.6378, -109.435, 63.2833, 92.1778, 111.076, 115.818, -116.985, 
-34.6378, -109.435, 63.2832, 92.1778, 111.076, 115.818, -116.985, 
-34.6378, -109.435, 63.2831, 92.1778, 111.076, 115.818, -116.985, 
-34.6378, -109.435, 63.2831, 92.1778, 111.076, 115.818, -116.985, 
-34.6378, -109.435, 63.283, 92.1779, 111.076, 115.818, -116.985, 
-34.6378, -109.435, 63.283, 92.1779, 111.076, 115.818, -116.985, 
-34.6378, -109.435, 63.2829, 92.1779, 111.076, 115.818, -116.985, 
-34.6378, -109.435, 63.2829, 92.1779, 111.076, 115.818, -116.985, 
-34.6378, -109.435, 63.2828, 92.1779, 111.076, 115.818, -116.985, 
-34.6378, -109.435, 63.2828, 92.178, 111.076, 115.818, -116.985, 
-34.6378, -109.435, 63.2827, 92.178, 111.076, 115.818, -116.985, 
-34.6378, -109.435, 63.2827, 92.178, 111.076, 115.818, -116.985, 
-34.6378, -109.435, 63.2827, 92.178, 111.076, 115.818, -116.985, 
-34.6378, -109.435, 63.2827, 92.178, 111.076, 115.818, -116.985, 
-34.6378, -109.435, 63.2826, 92.178, 111.076, 115.818, -116.985, 
-34.6378, -109.435, 63.2826, 92.178, 111.076, 115.818, -116.985, 
-34.6378, -109.435, 63.2826, 92.178, 111.076, 115.818, -116.985, 
-34.6378, -109.435, 63.2826, 92.178, 111.076, 115.818, -116.985, 
-34.6378, -109.435, 63.2826, 92.178, 111.076, 115.818, -116.985, 
-34.6378, -109.435, 63.2825, 92.178, 111.076, 115.818, -116.985, 
-34.6378, -109.435, 63.2825, 92.1781, 111.076, 115.818, -116.985, 
-34.6378, -109.435, 63.2825, 92.1781, 111.076, 115.818, -116.985, 
-34.6378, -109.435, 63.2825, 92.1781, 111.076, 115.818, -116.985, 
-34.6378, -109.435, 63.2825, 92.1781, 111.076, 115.818, -116.985, 
-34.6378, -109.435, 63.2825, 92.1781, 111.076, 115.818, -116.985, 
0, 0, 0, 0, 0, 0, 0, 
-34.6378, -109.435, 63.2825, 92.1781, 111.076, 115.818, -116.985, 
-34.6378, -109.435, 63.2825, 92.1781, 111.076, 115.818, -116.985, 
-34.6378, -109.435, 63.2825, 92.1781, 111.076, 115.818, -116.985, 
-34.6378, -109.435, 63.2825, 92.1781, 111.076, 115.818, -116.985, 
-34.6378, -109.435, 63.2825, 92.1781, 111.076, 115.818, -116.985, 
-34.6378, -109.435, 63.2825, 92.1781, 111.076, 115.818, -116.985, 
-34.6378, -109.435, 63.2825, 92.1781, 111.076, 115.818, -116.985, 
-34.6378, -109.435, 63.2825, 92.1781, 111.076, 115.818, -116.985, 
-34.6378, -109.435, 63.2825, 92.1781, 111.076, 115.818, -116.985, 
-34.6378, -109.435, 63.2824, 92.1781, 111.076, 115.818, -116.985, 
-34.6378, -109.435, 63.2824, 92.1781, 111.076, 115.818, -116.985, 
-34.6378, -109.435, 63.2824, 92.1781, 111.076, 115.818, -116.985, 
-34.6378, -109.435, 63.2824, 92.1781, 111.076, 115.818, -116.985, 
-34.6378, -109.435, 63.2824, 92.1781, 111.076, 115.818, -116.985, 
-34.6378, -109.435, 63.2824, 92.1781, 111.076, 115.818, -116.985, 
-34.6378, -109.435, 63.2824, 92.1781, 111.076, 115.818, -116.985, 
-34.6378, -109.435, 63.2824, 92.1781, 111.076, 115.818, -116.985, 
-34.6378, -109.435, 63.2824, 92.1781, 111.076, 115.818, -116.985, 
-34.6378, -109.435, 63.2824, 92.1781, 111.076, 115.818, -116.985, 
-34.6378, -109.435, 63.2824, 92.1781, 111.076, 115.818, -116.985, 
-34.6378, -109.435, 63.2824, 92.1781, 111.076, 115.818, -116.985, 
-34.6378, -109.435, 63.2824, 92.1781, 111.076, 115.818, -116.985, 
-34.6378, -109.435, 63.2824, 92.1781, 111.076, 115.818, -116.985, 
-34.6378, -109.435, 63.2824, 92.1781, 111.076, 115.818, -116.985, 
-34.6378, -109.435, 63.2824, 92.1781, 111.076, 115.818, -116.985, 
-34.6378, -109.435, 63.2824, 92.1781, 111.076, 115.818, -116.985, 
-34.6378, -109.435, 63.2824, 92.1781, 111.076, 115.818, -116.985, 
-34.6378, -109.435, 63.2824, 92.1781, 111.076, 115.818, -116.985, 
-34.6378, -109.435, 63.2824, 92.1781, 111.076, 115.818, -116.985, 
-34.6378, -109.435, 63.2824, 92.1781, 111.076, 115.818, -116.985, 
-34.6378, -109.435, 63.2824, 92.1781, 111.076, 115.818, -116.985, 
-34.6378, -109.435, 63.2824, 92.1781, 111.076, 115.818, -116.985, 
-34.6378, -109.435, 63.2824, 92.1781, 111.076, 115.818, -116.985, 
-34.6378, -109.435, 63.2824, 92.1781, 111.076, 115.818, -116.985, 
-34.6378, -109.435, 63.2824, 92.1781, 111.076, 115.818, -116.985, 
-34.6378, -109.435, 63.2824, 92.1781, 111.076, 115.818, -116.985, 
-34.6378, -109.435, 63.2824, 92.1781, 111.076, 115.818, -116.985, 
-34.6378, -109.435, 63.2824, 92.1781, 111.076, 115.818, -116.985, 
-34.6378, -109.435, 63.2824, 92.1781, 111.076, 115.818, -116.985, 
0, 0, 0, 0, 0, 0, 0, 
-34.6378, -109.435, 63.2824, 92.1781, 111.076, 115.818, -116.985, 
-34.6378, -109.435, 63.2824, 92.1781, 111.076, 115.818, -116.985, 
-34.6378, -109.435, 63.2824, 92.1781, 111.076, 115.818, -116.985, 
-34.6378, -109.435, 63.2824, 92.1781, 111.076, 115.818, -116.985, 
-34.6378, -109.435, 63.2824, 92.1781, 111.076, 115.818, -116.985, 
-34.6378, -109.435, 63.2824, 92.1781, 111.076, 115.818, -116.985, 
-34.6378, -109.435, 63.2824, 92.1781, 111.076, 115.818, -116.985, 
-34.6378, -109.435, 63.2824, 92.1781, 111.076, 115.818, -116.985, 
-34.6378, -109.435, 63.2824, 92.1781, 111.076, 115.818, -116.985, 
-34.6378, -109.435, 63.2824, 92.1781, 111.076, 115.818, -116.985, 
-34.6378, -109.435, 63.2824, 92.1781, 111.076, 115.818, -116.985, 
-34.6378, -109.435, 63.2824, 92.1781, 111.076, 115.818, -116.985, 
-34.6378, -109.435, 63.2824, 92.1781, 111.076, 115.818, -116.985, 
-34.6378, -109.435, 63.2824, 92.1781, 111.076, 115.818, -116.985, 
-34.6378, -109.435, 63.2824, 92.1781, 111.076, 115.818, -116.985, 
-34.6378, -109.435, 63.2824, 92.1781, 111.076, 115.818, -116.985, 
-34.6378, -109.435, 63.2824, 92.1781, 111.076, 115.818, -116.985, 
-34.6378, -109.435, 63.2824, 92.1781, 111.076, 115.818, -116.985, 
-34.6378, -109.435, 63.2824, 92.1781, 111.076, 115.818, -116.985, 
-34.6378, -109.435, 63.2824, 92.1781, 111.076, 115.818, -116.985, 
-34.6378, -109.435, 63.2824, 92.1781, 111.076, 115.818, -116.985, 
-34.6378, -109.435, 63.2824, 92.1781, 111.076, 115.818, -116.985, 
-34.6378, -109.435, 63.2824, 92.1781, 111.076, 115.818, -116.985, 
-34.6378, -109.435, 63.2824, 92.1781, 111.076, 115.818, -116.985, 
-34.6378, -109.435, 63.2824, 92.1781, 111.076, 115.818, -116.985, 
-34.6378, -109.435, 63.2824, 92.1781, 111.076, 115.818, -116.985, 
-34.6378, -109.435, 63.2824, 92.1781, 111.076, 115.818, -116.985, 
-34.6378, -109.435, 63.2824, 92.1781, 111.076, 115.818, -116.985, 
-34.6378, -109.435, 63.2824, 92.1781, 111.076, 115.818, -116.985, 
-34.6378, -109.435, 63.2824, 92.1781, 111.076, 115.818, -116.985, 
-34.6378, -109.435, 63.2824, 92.1781, 111.076, 115.818, -116.985, 
-34.6378, -109.435, 63.2824, 92.1781, 111.076, 115.818, -116.985, 
-34.6378, -109.435, 63.2824, 92.1781, 111.076, 115.818, -116.985, 
-34.6378, -109.435, 63.2824, 92.1781, 111.076, 115.818, -116.985, 
-34.6378, -109.435, 63.2824, 92.1781, 111.076, 115.818, -116.985, 
-34.6378, -109.435, 63.2824, 92.1781, 111.076, 115.818, -116.985, 
-34.6378, -109.435, 63.2824, 92.1781, 111.076, 115.818, -116.985, 
-34.6378, -109.435, 63.2824, 92.1781, 111.076, 115.818, -116.985, 
-34.6378, -109.435, 63.2824, 92.1781, 111.076, 115.818, -116.985, 
-34.6378, -109.435, 63.2824, 92.1781, 111.076, 115.818, -116.985, 
-34.6378, -109.435, 63.2824, 92.1781, 111.076, 115.818, -116.985, 
-34.6378, -109.435, 63.2824, 92.1781, 111.076, 115.818, -116.985, 
-34.6378, -109.435, 63.2824, 92.1781, 111.076, 115.818, -116.985, 
-34.6378, -109.435, 63.2824, 92.1781, 111.076, 115.818, -116.985, 
-34.6378, -109.435, 63.2824, 92.1781, 111.076, 115.818, -116.985, 
-34.6378, -109.435, 63.2824, 92.1781, 111.076, 115.818, -116.985, 
-34.6378, -109.435, 63.2824, 92.1781, 111.076, 115.818, -116.985, 
-34.6378, -109.435, 63.2824, 92.1781, 111.076, 115.818, -116.985, 
-34.6378, -109.435, 63.2824, 92.1781, 111.076, 115.818, -116.985, 
-34.6378, -109.435, 63.2824, 92.1781, 111.076, 115.818, -116.985, 
-34.6378, -109.435, 63.2824, 92.1781, 111.076, 115.818, -116.985, 
-34.6378, -109.435, 63.2824, 92.1781, 111.076, 115.818, -116.985, 
-34.6378, -109.435, 63.2824, 92.1781, 111.076, 115.818, -116.985, 
-34.6378, -109.435, 63.2824, 92.1781, 111.076, 115.818, -116.985, 
-34.6378, -109.435, 63.2824, 92.1781, 111.076, 115.818, -116.985, 
-34.6378, -109.435, 63.2824, 92.1781, 111.076, 115.818, -116.985, 
-34.6378, -109.435, 63.2824, 92.1781, 111.076, 115.818, -116.985, 
0, 0, 0, 0, 0, 0, 0, 
0, 0, 0, 0, 0, 0, 0, 
-34.6378, -109.435, 63.2824, 92.1781, 111.076, 115.818, -116.985, 
-34.6378, -109.435, 63.2824, 92.1781, 111.076, 115.818, -116.985, 
-34.6378, -109.435, 63.2824, 92.1781, 111.076, 115.818, -116.985, 
-34.6378, -109.435, 63.2824, 92.1781, 111.076, 115.818, -116.985, 
-34.6378, -109.435, 63.2824, 92.1781, 111.076, 115.818, -116.985, 
-34.6378, -109.435, 63.2824, 92.1781, 111.076, 115.818, -116.985, 
-34.6378, -109.435, 63.2824, 92.1781, 111.076, 115.818, -116.985, 
-34.6378, -109.435, 63.2824, 92.1781, 111.076, 115.818, -116.985, 
-34.6378, -109.435, 63.2824, 92.1781, 111.076, 115.818, -116.985, 
-34.6378, -109.435, 63.2824, 92.1781, 111.076, 115.818, -116.985, 
-34.6378, -109.435, 63.2824, 92.1781, 111.076, 115.818, -116.985, 
-34.6378, -109.435, 63.2824, 92.1781, 111.076, 115.818, -116.985, 
-34.6378, -109.435, 63.2824, 92.1781, 111.076, 115.818, -116.985, 
-34.6378, -109.435, 63.2824, 92.1781, 111.076, 115.818, -116.985, 
-34.6378, -109.435, 63.2824, 92.1781, 111.076, 115.818, -116.985, 
-34.6378, -109.435, 63.2824, 92.1781, 111.076, 115.818, -116.985, 
-34.6378, -109.435, 63.2824, 92.1781, 111.076, 115.818, -116.985, 
-34.6378, -109.435, 63.2824, 92.1781, 111.076, 115.818, -116.985, 
-34.6378, -109.435, 63.2824, 92.1781, 111.076, 115.818, -116.985, 
-34.6378, -109.435, 63.2824, 92.1781, 111.076, 115.818, -116.985, 
-34.6378, -109.435, 63.2824, 92.1781, 111.076, 115.818, -116.985, 
-34.6378, -109.435, 63.2824, 92.1781, 111.076, 115.818, -116.985, 
-34.6378, -109.435, 63.2824, 92.1781, 111.076, 115.818, -116.985, 
-34.6378, -109.435, 63.2824, 92.1781, 111.076, 115.818, -116.985, 
-34.6378, -109.435, 63.2824, 92.1781, 111.076, 115.818, -116.985, 
-34.6378, -109.435, 63.2824, 92.1781, 111.076, 115.818, -116.985, 
-34.6378, -109.435, 63.2824, 92.1781, 111.076, 115.818, -116.985, 
-34.6378, -109.435, 63.2824, 92.1781, 111.076, 115.818, -116.985, 
-34.6378, -109.435, 63.2824, 92.1781, 111.076, 115.818, -116.985, 
-34.6378, -109.435, 63.2824, 92.1781, 111.076, 115.818, -116.985, 
-34.6378, -109.435, 63.2824, 92.1781, 111.076, 115.818, -116.985, 
-34.6378, -109.435, 63.2824, 92.1781, 111.076, 115.818, -116.985, 
-34.6378, -109.435, 63.2824, 92.1781, 111.076, 115.818, -116.985, 
-34.6378, -109.435, 63.2824, 92.1781, 111.076, 115.818, -116.985, 
-34.6378, -109.435, 63.2824, 92.1781, 111.076, 115.818, -116.985, 
-34.6378, -109.435, 63.2824, 92.1781, 111.076, 115.818, -116.985, 
-34.6378, -109.435, 63.2824, 92.1781, 111.076, 115.818, -116.985, 
-34.6378, -109.435, 63.2824, 92.1781, 111.076, 115.818, -116.985, 
0, 0, 0, 0, 0, 0, 0, 
-34.6378, -109.435, 63.2824, 92.1781, 111.076, 115.818, -116.985, 
-34.6378, -109.435, 63.2824, 92.1781, 111.076, 115.818, -116.985, 
-34.6378, -109.435, 63.2824, 92.1781, 111.076, 115.818, -116.985, 
-34.6378, -109.435, 63.2824, 92.1781, 111.076, 115.818, -116.985, 
-34.6378, -109.435, 63.2824, 92.1781, 111.076, 115.818, -116.985, 
-34.6378, -109.435, 63.2824, 92.1781, 111.076, 115.818, -116.985, 
-34.6378, -109.435, 63.2824, 92.1781, 111.076, 115.818, -116.985, 
-34.6378, -109.435, 63.2824, 92.1781, 111.076, 115.818, -116.985, 
-34.6378, -109.435, 63.2824, 92.1781, 111.076, 115.818, -116.985, 
-34.6378, -109.435, 63.2824, 92.1781, 111.076, 115.818, -116.985, 
-34.6378, -109.435, 63.2824, 92.1781, 111.076, 115.818, -116.985, 
-34.6378, -109.435, 63.2824, 92.1781, 111.076, 115.818, -116.985, 
-34.6378, -109.435, 63.2824, 92.1781, 111.076, 115.818, -116.985, 
-34.6378, -109.435, 63.2824, 92.1781, 111.076, 115.818, -116.985, 
-34.6378, -109.435, 63.2824, 92.1781, 111.076, 115.818, -116.985, 
-34.6378, -109.435, 63.2824, 92.1781, 111.076, 115.818, -116.985, 
-34.6378, -109.435, 63.2824, 92.1781, 111.076, 115.818, -116.985, 
-34.6378, -109.435, 63.2824, 92.1781, 111.076, 115.818, -116.985, 
-34.6378, -109.435, 63.2824, 92.1781, 111.076, 115.818, -116.985, 
-34.6378, -109.435, 63.2824, 92.1781, 111.076, 115.818, -116.985, 
-34.6378, -109.435, 63.2824, 92.1781, 111.076, 115.818, -116.985, 
-34.6378, -109.435, 63.2824, 92.1781, 111.076, 115.818, -116.985, 
-34.6378, -109.435, 63.2824, 92.1781, 111.076, 115.818, -116.985, 
-34.6378, -109.435, 63.2824, 92.1781, 111.076, 115.818, -116.985, 
-34.6378, -109.435, 63.2824, 92.1781, 111.076, 115.818, -116.985, 
-34.6378, -109.435, 63.2824, 92.1781, 111.076, 115.818, -116.985, 
-34.6378, -109.435, 63.2824, 92.1781, 111.076, 115.818, -116.985, 
-34.6378, -109.435, 63.2824, 92.1781, 111.076, 115.818, -116.985, 
-34.6378, -109.435, 63.2824, 92.1781, 111.076, 115.818, -116.985, 
-34.6378, -109.435, 63.2824, 92.1781, 111.076, 115.818, -116.985, 
-34.6378, -109.435, 63.2824, 92.1781, 111.076, 115.818, -116.985, 
-35.5295, -109.426, 60.7315, 89.5555, 111.21, 115.984, -118.306, 
-35.8616, -109.435, 59.7681, 88.3923, 111.236, 116.031, -118.777, 
-36.2851, -109.435, 58.3987, 86.8582, 111.212, 116.122, -119.555, 
-36.379, -109.435, 58.1779, 86.594, 111.217, 116.148, -119.673, 
-36.6383, -109.435, 57.4975, 85.7021, 111.155, 116.179, -120.086, 
-37.3059, -109.413, 55.516, 83.2796, 111.204, 116.259, -121.093, 
-37.4307, -109.435, 55.1848, 82.8802, 111.204, 116.291, -121.278, 
-37.8691, -109.434, 53.9193, 81.1663, 111.114, 116.345, -121.949, 
-38.7766, -109.4, 51.1351, 78.0312, 111.132, 116.498, -123.399, 
-39.1204, -109.435, 50.1205, 76.7042, 111.042, 116.54, -123.98, 
-39.9042, -109.395, 47.7316, 74.0134, 111.181, 116.644, -125.161, 
-41.6951, -108.734, 42.7227, 68.0838, 110.968, 116.816, -127.978, 
-42.7258, -109.003, 39.5719, 64.3017, 111.109, 116.951, -129.427, 
-44.0586, -108.421, 35.224, 59.1831, 111.258, 117.184, -131.576, 
-44.7734, -108.784, 33.0813, 56.3826, 111.008, 117.262, -132.836, 
-45.9827, -108.845, 29.3226, 52.9914, 110.789, 117.568, -135.356, 
-47.3777, -107.457, 30.6212, 47.3241, 108.158, 117.582, -134.776, 
-48.1629, -107.522, 27.906, 44.3638, 108.531, 117.745, -135.999, 
-49.5851, -106.607, 23.1643, 40.266, 108.299, 117.69, -139.347, 
-51.1376, -103.804, 18.7062, 33.9517, 107.576, 117.476, -142.002, 
-51.7875, -102.656, 16.8042, 30.1993, 106.444, 117.222, -143.753, 
-52.5973, -99.2308, 14.536, 25.0013, 104.789, 117.08, -146.277, 
-52.7559, -98.4058, 13.0069, 23.3411, 103.854, 117.08, -147.481, 
-53.1652, -97.0022, 12.1489, 21.8319, 103.398, 117.295, -147.972, 
-53.7385, -94.9933, 12.4903, 19.1232, 104.041, 116.639, -146.669, 
-52.8821, -95.4195, 11.8002, 20.1844, 103.665, 117.23, -147.578, 
-52.5314, -98.4532, 11.2472, 24.7333, 103.261, 117.621, -149.243, 
-52.8523, -97.5689, 11.4739, 22.318, 103.871, 117.069, -148.034, 
-53.2474, -96.1804, 11.756, 20.8479, 104.482, 116.852, -147.018, 
-53.1322, -98.4706, 11.3534, 22.6108, 104.33, 117.144, -148.175, 
-53.1833, -96.9544, 11.199, 21.2716, 104.585, 116.805, -147.767, 
-52.8594, -97.5476, 11.2394, 23.7271, 104.68, 117.809, -148.583, 
-53.2967, -96.3075, 11.2649, 21.6327, 104.86, 117.287, -147.613, 
-53.2455, -98.2314, 10.5693, 24.9806, 104.451, 117.187, -149.756, 
-53.4973, -98.2842, 10.7036, 22.9662, 104.74, 117.018, -148.861, 
-53.2969, -98.9072, 9.97864, 25.9278, 104.252, 117.744, -151.161, 
-53.6154, -97.6827, 9.97937, 24.5988, 104.269, 117.726, -149.538, 
-53.9467, -98.8296, 10.051, 26.8408, 104.497, 117.432, -151.226, 
0, 0, 0, 0, 0, 0, 0, 
-53.8558, -96.8221, 10.1841, 22.2036, 105.207, 117.658, -148.6, 
-54.1393, -95.8077, 10.0217, 21.12, 105.202, 117.185, -147.982, 
-53.3596, -96.0894, 11.2535, 21.4643, 104.39, 117.202, -148.047, 
-53.2196, -95.977, 11.217, 21.4186, 104.448, 117.243, -147.815, 
-53.973, -95.6768, 10.9163, 21.3145, 104.101, 117.399, -149.015, 
-53.7786, -97.7185, 10.9753, 25.1461, 104.315, 117.25, -150.374, 
-53.511, -100.46, 10.3415, 28.7011, 103.709, 117.911, -151.957, 
-53.687, -98.4338, 10.825, 24.5775, 104.353, 117.071, -149.378, 
-53.4413, -97.3868, 11.1434, 21.8784, 104.777, 117.259, -147.587, 
-53.9099, -98.2385, 10.4647, 24.9589, 104.189, 117.223, -149.945, 
-53.8481, -97.9964, 10.6145, 23.1131, 104.469, 117.157, -149.319, 
-54.1998, -96.7115, 10.778, 22.0237, 104.741, 116.872, -149.067, 
-53.0619, -98.743, 10.068, 26.0039, 104.245, 117.77, -150.133, 
-53.2498, -98.654, 10.2588, 23.7752, 104.49, 117.507, -149.118, 
-53.5395, -97.7084, 10.2242, 24.0089, 104.649, 116.923, -148.842, 
-54.1698, -95.3504, 10.7865, 19.782, 105.1, 116.972, -147.198, 
-53.2841, -95.6698, 10.7822, 21.0823, 105.205, 117.706, -147.468, 
-53.3961, -95.9266, 10.6845, 21.4292, 105.313, 117.147, -147.959, 
-54.0455, -94.4509, 10.8411, 18.7496, 105.414, 116.931, -146.509, 
-54.2291, -96.135, 10.3968, 21.2092, 104.969, 117.2, -148.162, 
-53.3692, -97.0405, 10.2588, 23.2338, 105.079, 116.925, -148.32, 
-53.8962, -98.2181, 10.0413, 25.6201, 104.838, 117.268, -150.532, 
-53.7816, -97.175, 10.3776, 22.5724, 105.192, 117.448, -148.311, 
-53.7451, -99.1558, 10.0219, 24.2588, 105.006, 117.723, -149.463, 
-53.6151, -97.548, 9.94763, 21.9819, 105.073, 117.533, -148.462, 
-52.6796, -99.098, 9.50224, 26.0236, 104.683, 118.571, -149.748, 
-53.0418, -98.7878, 9.85379, 23.8695, 105.151, 117.758, -148.596, 
-53.4698, -96.7411, 10.2368, 20.7695, 105.567, 117.352, -146.94, 
-53.7912, -97.4044, 10.1131, 22.9827, 105.461, 117.216, -147.999, 
-54.072, -95.8435, 10.2262, 20.5016, 105.597, 117.309, -148.006, 
-53.6747, -95.3629, 10.2751, 20.2867, 105.753, 117.116, -146.861, 
-53.7018, -97.1479, 9.99939, 22.2006, 105.479, 117.359, -148.114, 
-53.8544, -95.8318, 10.1606, 20.0229, 105.66, 117.323, -147.3, 
-53.7861, -95.9117, 10.0657, 19.9596, 105.65, 117.158, -147.423, 
-53.6114, -95.8676, 10.3311, 19.9724, 105.921, 117.284, -146.147, 
-53.367, -97.7627, 9.69116, 24.4215, 105.679, 117.989, -149.461, 
-53.3632, -98.6885, 9.68104, 24.4859, 105.676, 118.002, -149.51, 
-53.1894, -97.227, 9.08122, 24.178, 105.237, 117.98, -149.677, 
-53.0614, -98.929, 9.39969, 26.1377, 105.551, 117.998, -149.678, 
-53.5912, -96.6452, 10.451, 21.4829, 105.718, 117.133, -147.528, 
-54.0661, -96.5812, 10.1971, 21.9376, 105.501, 116.876, -147.757, 
-52.7556, -98.145, 9.68139, 25.3672, 105.129, 118.25, -149.624, 
-53.3836, -97.8248, 9.69915, 24.0059, 105.1, 118.084, -149.356, 
-54.1656, -97.8055, 9.17593, 25.5381, 104.739, 117.354, -150.521, 
-52.8916, -97.4153, 10.7881, 24.6686, 103.88, 118.159, -149.941, 
0, 0, 0, 0, 0, 0, 0, 
0, 0, 0, 0, 0, 0, 0, 
-53.4744, -99.4509, 10.4314, 27.7035, 103.569, 118.192, -151.681, 
-53.6891, -98.6367, 10.9252, 24.9993, 104.158, 117.396, -150.08, 
-52.8065, -96.6849, 10.7618, 22.02, 104.156, 117.616, -147.657, 
-52.9721, -96.3675, 10.7794, 22.9844, 104.172, 118.336, -149.456, 
-53.3687, -95.6683, 11.1142, 20.4243, 104.593, 117.336, -146.999, 
-53.5405, -97.758, 11, 22.4326, 104.546, 117.06, -148.103, 
-52.7782, -97.9707, 10.0221, 25.4179, 103.709, 118.281, -150.842, 
-53.1434, -97.7281, 10.8355, 23.4945, 104.481, 118.081, -148.868, 
-53.4199, -96.4361, 10.6333, 23.1638, 104.475, 117.698, -149.36, 
-53.0874, -98.857, 10.1831, 26.7472, 104.135, 117.831, -150.662, 
-53.3149, -98.9509, 10.4791, 24.6842, 104.478, 117.352, -149.472, 
-53.3397, -97.0522, 10.5645, 22.9766, 104.708, 117.35, -149.476, 
-53.4594, -99.4499, 10.0984, 26.8593, 104.25, 117.358, -150.217, 
-53.7579, -98.6988, 10.0741, 25.0778, 104.252, 117.185, -149.509, 
-52.7611, -97.2104, 10.5613, 22.9907, 104.739, 118.143, -147.84, 
-53.1857, -97.0083, 10.8572, 21.0262, 105.049, 117.797, -147.157, 
-53.8134, -95.9953, 11.3481, 20.62, 104.548, 116.772, -148.1, 
-53.9104, -95.4367, 11.4354, 19.4241, 104.547, 116.762, -146.54, 
-53.6891, -97.0409, 11.3114, 21.6529, 104.441, 117.09, -147.704, 
-53.0106, -98.2293, 9.96133, 24.8963, 104.406, 118.054, -149.922, 
-53.9241, -96.0073, 10.7344, 21.5398, 105.282, 116.897, -148.1, 
-52.6865, -96.9623, 9.83933, 23.3085, 104.452, 118.173, -148.811, 
-53.0703, -96.5217, 10.1298, 23.469, 104.72, 118.369, -149.031, 
-53.6845, -96.1272, 9.91855, 22.6782, 104.516, 117.495, -149.357, 
-53.154, -99.1476, 9.32496, 28.1219, 103.922, 118.437, -151.991, 
-53.3646, -98.4191, 9.70091, 24.8521, 104.366, 117.87, -150.008, 
-53.6551, -95.7826, 10.2868, 20.3448, 105.125, 117.223, -148.088, 
-53.1607, -95.6689, 10.3752, 20.7818, 105.161, 118.123, -147.417, 
-52.8336, -97.0931, 9.9791, 22.8844, 104.894, 117.688, -148.129, 
-53.7564, -95.0482, 10.8689, 18.9016, 105.799, 116.982, -146.863, 
-53.8281, -96.3134, 10.3409, 21.6112, 105.359, 117.07, -148.818, 
-53.0401, -96.9263, 9.84632, 23.3742, 104.887, 117.888, -148.808, 
-53.2406, -97.9059, 10.0179, 24.5097, 104.993, 118.109, -149.148, 
-54.1919, -97.1302, 10.0053, 23.1806, 105.004, 117.204, -148.717, 
-53.4341, -96.1188, 10.2343, 20.6696, 105.389, 117.062, -146.826, 
-53.7776, -95.9158, 10.28, 21.5085, 105.401, 117.718, -148.661, 
-53.275, -97.9846, 9.82998, 24.0604, 104.954, 118.28, -149.416, 
-53.7029, -96.561, 9.77255, 23.6986, 104.965, 118.232, -150.242, 
-53.6038, -98.9437, 9.508, 25.4557, 104.706, 118.43, -151.143, 
-53.7221, -97.5609, 9.77231, 22.3134, 105.041, 118.013, -149.426, 
-53.7871, -95.1143, 10.047, 20.8371, 105.345, 118.046, -148.578, 
-53.8324, -97.7423, 9.76211, 23.6183, 105.092, 118.041, -149.811, 
-53.3965, -98.7773, 9.83337, 26.0279, 105.348, 117.506, -149.459, 
-53.413, -98.3849, 9.91589, 23.9337, 105.416, 117.732, -148.949, 
-54.2276, -97.7094, 10.0751, 24.3757, 105.568, 117.289, -148.954, 
-53.4953, -97.659, 10.1666, 22.8689, 105.151, 117.496, -148.029, 
0, 0, 0, 0, 0, 0, 0, 
-53.0446, -97.2541, 9.8629, 24.8509, 105.022, 118.246, -150.244, 
-53.3364, -97.2731, 10.1562, 22.5902, 105.313, 117.956, -149.126, 
-53.9799, -95.5347, 10.27, 20.4157, 104.925, 117.112, -147.85, 
-53.094, -96.1837, 10.1615, 23.0624, 104.728, 118.696, -149.688, 
-53.7691, -98.1795, 9.92029, 25.6548, 104.51, 117.974, -150.623, 
-53.7553, -96.535, 10.4037, 21.5028, 105.177, 117.078, -147.831, 
-53.6698, -98.2093, 10.1164, 23.4152, 104.95, 117.352, -149.21, 
-53.8056, -96.4912, 10.3303, 20.6112, 105.256, 116.919, -147.839, 
-53.6607, -96.1934, 9.89607, 22.0603, 104.776, 117.639, -148.504, 
-54.28, -95.8769, 10.2292, 20.6402, 105.175, 116.71, -147.68, 
-54.1128, -97.407, 9.90378, 23.0499, 104.901, 116.792, -148.676, 
-53.7934, -99.5646, 9.48584, 26.6587, 104.461, 117.591, -150.813, 
-54.0009, -96.9151, 10.1352, 22.016, 105.225, 116.988, -148.757, 
-53.1587, -96.6045, 10.2778, 21.8209, 105.347, 117.814, -147.386, 
-53.587, -98.1187, 10.1188, 24.7194, 105.257, 117.446, -149.187, 
-52.818, -98.9105, 9.844, 26.0175, 105.078, 118.155, -149.558, 
-52.4465, -98.9981, 9.08389, 27.743, 104.427, 118.974, -151.418, 
-53.061, -97.8527, 9.55858, 24.1681, 104.951, 118.006, -149.824, 
-53.0694, -100.474, 9.26829, 28.479, 104.69, 118.019, -151.059, 
-53.2244, -99.2904, 9.61238, 25.7994, 105.036, 118.039, -150.068, 
-53.7782, -97.0489, 10.1892, 21.8141, 105.561, 117.009, -147.952, 
-53.6831, -99.1973, 9.92025, 23.7742, 105.298, 117.341, -149.121, 
-53.8024, -97.8814, 10.0709, 23.1278, 105.465, 117.504, -148.181, 
-53.719, -97.9549, 9.83738, 23.9506, 105.574, 116.762, -148.887, 
-53.8282, -96.0256, 10.4403, 20.469, 106.038, 117.151, -146.557, 
-53.9173, -96.5896, 10.0644, 21.5838, 105.678, 117.459, -148.165, 
-53.826, -98.1552, 9.79662, 23.0533, 105.581, 117.724, -149.003, 
-54.0627, -97.1625, 9.91447, 22.0605, 105.752, 117.608, -148.494, 
-53.087, -95.9487, 9.44008, 22.2319, 105.473, 118.263, -148.913, 
-53.567, -95.5375, 9.93809, 20.2759, 106.012, 117.324, -147.597, 
-54.0522, -95.5616, 9.58744, 20.8275, 105.693, 117.183, -148.221, 
-54.2836, -95.0476, 10.1037, 19.5853, 106.24, 116.861, -147.051, 
-53.6971, -95.3063, 10.607, 20.0821, 105.41, 117.372, -146.918, 
0, 0, 0, 0, 0, 0, 0, 
-53.5965, -94.7799, 10.7084, 19.9492, 105.526, 117.653, -147.239, 
-53.7139, -96.4166, 10.0545, 21.2313, 105.106, 116.886, -147.505, 
-53.0593, -96.5348, 9.98183, 21.7335, 105.089, 117.896, -148.242, 
-53.9419, -94.9694, 9.66043, 19.5506, 105.51, 117.176, -148.042, 
-53.66, -97.2254, 9.2855, 22.9089, 105.127, 117.813, -149.765, 
-53.6261, -97.5438, 8.99041, 26.0053, 104.916, 118.121, -151.317, 
-53.2837, -98.1308, 9.72215, 24.2845, 105.715, 117.645, -149.056, 
-53.6293, -98.0807, 9.45482, 24.2213, 105.356, 117.846, -148.698, 
-53.8613, -99.6717, 9.23253, 28.2216, 105.22, 117.808, -151.18, 
-53.859, -99.122, 9.53918, 25.0533, 105.535, 117.582, -149.318, 
-53.7229, -97.6809, 7.99572, 24.239, 107.065, 117.754, -148.595, 
-53.9409, -99.8273, 7.74163, 26.8232, 106.744, 118.289, -150.453, 
-53.6693, -97.5927, 9.47587, 23.5684, 105.55, 117.49, -149.323, 
-53.593, -95.6993, 9.80876, 21.0793, 105.892, 117.248, -148.312, 
-53.1807, -96.0886, 9.32858, 21.8133, 105.44, 117.843, -148.631, 
-53.8625, -95.1439, 9.89281, 19.4787, 106.055, 116.826, -147.413, 
-53.3253, -96.3426, 9.49323, 21.4823, 105.835, 117.626, -147.932, 
-54.205, -98.2782, 7.86144, 25.0255, 106.983, 117.41, -150.059, 
-53.9956, -98.2572, 8.12989, 23.5365, 107.249, 117.913, -148.978, 
-53.5947, -96.8899, 7.55629, 22.5829, 107.248, 118.364, -148.539, 
-53.3553, -97.6002, 8.51869, 24.4335, 106.156, 118.41, -149.968, 
-53.2936, -99.3726, 9.14903, 26.8176, 105.078, 118.136, -151.373, 
-53.4324, -97.5275, 9.77148, 24.3292, 105.556, 118.014, -149.464, 
-52.7471, -99.9486, 8.90218, 29.5627, 104.761, 118.92, -152.175, 
-53.6854, -101.388, 9.00988, 31.6934, 104.832, 118.354, -153.125, 
-53.4842, -98.722, 9.41539, 26.2239, 105.224, 118.363, -150.67, 
-54.0731, -97.6911, 9.54872, 24.0826, 105.812, 117.275, -149.436, 
0, 0, 0, 0, 0, 0, 0, 
0, 0, 0, 0, 0, 0, 0, 
-53.9865, -97.9112, 9.18002, 23.4751, 105.601, 117.489, -149.664, 
-53.4272, -99.5756, 8.51757, 28.5971, 105.016, 118.536, -152.466, 
-53.7204, -98.3563, 8.66491, 26.106, 105.241, 117.977, -151.085, 
-54.1283, -96.5971, 9.40642, 21.6467, 105.929, 117.495, -148.711, 
-53.6864, -96.5697, 9.82873, 21.7587, 106.432, 117.466, -147.816, 
-52.9912, -97.2276, 8.73439, 23.2571, 105.985, 118.022, -148.167, 
-53.0179, -100.334, 8.18049, 28.2544, 105.401, 118.792, -150.998, 
-53.289, -100.156, 8.52328, 25.8017, 105.735, 118.479, -149.939, 
-52.8649, -101.659, 8.60957, 29.8239, 104.946, 119.139, -152.192, 
-53.1351, -101.74, 8.76954, 28.2316, 105.097, 118.714, -151.418, 
-53.4753, -100.152, 8.52493, 28.3658, 104.933, 118.762, -151.729, 
-53.145, -97.5011, 8.99626, 24.5555, 105.673, 118.009, -149.983, 
-53.5348, -96.7827, 9.01634, 22.3555, 105.67, 117.776, -148.775, 
-53.4784, -97.2477, 8.87464, 24.769, 105.677, 117.982, -150.574, 
-53.9447, -95.7564, 8.97581, 22.1777, 106.812, 118.082, -148.485, 
-53.5216, -97.5747, 8.7558, 23.0341, 106.813, 117.324, -147.67, 
-54.572, -97.1103, 7.78133, 22.5558, 107.952, 117.081, -147.752, 
-53.135, -100.14, 8.63674, 28.7587, 105.511, 118.737, -151.785, 
-53.3792, -99.3621, 9.03821, 25.53, 105.789, 118.35, -150.182, 
-52.8723, -101.227, 9.18839, 30.3738, 104.386, 119.194, -152.552, 
-52.9413, -100.823, 9.42012, 27.8105, 104.671, 118.732, -151.085, 
-53.4564, -98.3745, 9.69572, 23.7746, 105.13, 117.458, -149.187, 
-53.7755, -98.0928, 9.82201, 22.5815, 105.263, 117.306, -148.764, 
-53.6319, -96.3854, 9.94638, 20.6522, 105.562, 117.003, -147.775, 
-53.2367, -95.6319, 10.4663, 20.3175, 105.111, 117.897, -146.832, 
-54.0521, -95.4162, 10.736, 20.1718, 105.58, 116.874, -147.883, 
-53.6504, -98.3953, 10.2356, 24.4075, 105.124, 117.135, -149.277, 
-53.4211, -98.3926, 10.3799, 23.0333, 104.957, 117.315, -148.527, 
-53.4715, -97.8762, 10.1645, 24.3344, 105.372, 117.793, -149.097, 
-53.2515, -98.0393, 9.87037, 25.4732, 105.122, 118.033, -149.498, 
-53.2531, -98.0789, 9.87308, 25.4644, 105.124, 118.035, -149.499, 
-53.2534, -98.0794, 9.87299, 25.4632, 105.124, 118.034, -149.499, 
-53.2545, -98.0805, 9.87352, 25.4626, 105.125, 118.032, -149.5, 
-53.2538, -98.0797, 9.8728, 25.4628, 105.124, 118.033, -149.499, 
-53.2528, -98.079, 9.87204, 25.4634, 105.124, 118.034, -149.498, 
-53.2537, -98.0793, 9.87254, 25.4618, 105.125, 118.032, -149.499, 
-53.2528, -98.079, 9.87152, 25.4632, 105.124, 118.034, -149.499, 
-53.2529, -98.0795, 9.87148, 25.4634, 105.124, 118.034, -149.499, 
-53.2531, -98.0791, 9.87164, 25.4622, 105.124, 118.032, -149.498, 
-53.2534, -98.0794, 9.87166, 25.462, 105.124, 118.032, -149.499, 
-53.2543, -98.0789, 9.87216, 25.462, 105.125, 118.031, -149.499, 
-53.2535, -98.0792, 9.8716, 25.461, 105.125, 118.031, -149.499, 
-53.2533, -98.0794, 9.87134, 25.4616, 105.125, 118.032, -149.499, 
-53.2539, -98.0802, 9.87148, 25.4615, 105.125, 118.031, -149.499, 
-53.253, -98.0792, 9.87077, 25.4622, 105.125, 118.032, -149.499, 
-53.2532, -98.0794, 9.87092, 25.4611, 105.125, 118.032, -149.498, 
-53.2544, -98.0805, 9.87164, 25.4607, 105.125, 118.03, -149.499, 
-53.2536, -98.0797, 9.87111, 25.4612, 105.125, 118.031, -149.499, 
-53.2541, -98.0791, 9.87127, 25.4613, 105.125, 118.031, -149.498, 
-53.2545, -98.0797, 9.87171, 25.4592, 105.125, 118.028, -149.499, 
-53.2538, -98.0793, 9.87123, 25.4599, 105.125, 118.03, -149.498, 
-53.2543, -98.0789, 9.87143, 25.4613, 105.125, 118.03, -149.499, 
-53.2535, -98.0792, 9.87094, 25.4604, 105.125, 118.03, -149.499, 
-53.253, -98.079, 9.87063, 25.461, 105.125, 118.031, -149.498, 
-53.2534, -98.0794, 9.87069, 25.4611, 105.125, 118.031, -149.499, 
-53.2529, -98.0792, 9.87029, 25.4617, 105.125, 118.032, -149.499, 
-53.2532, -98.0794, 9.87048, 25.4607, 105.125, 118.031, -149.498, 
-53.2534, -98.0794, 9.87062, 25.461, 105.125, 118.031, -149.499, 
-53.2529, -98.079, 9.87035, 25.4611, 105.125, 118.031, -149.498, 
-53.2526, -98.0791, 9.8702, 25.4615, 105.124, 118.032, -149.498, 
-53.2536, -98.0793, 9.87088, 25.4601, 105.125, 118.03, -149.499, 
-53.2536, -98.0797, 9.87071, 25.4608, 105.125, 118.03, -149.499, 
-53.254, -98.0791, 9.87091, 25.461, 105.125, 118.03, -149.498, 
-53.2545, -98.0797, 9.87138, 25.4589, 105.126, 118.028, -149.499, 
-53.2538, -98.0793, 9.87093, 25.4597, 105.125, 118.029, -149.498, 
-53.2543, -98.0789, 9.87117, 25.4611, 105.125, 118.03, -149.499, 
-53.2534, -98.0792, 9.8707, 25.4601, 105.125, 118.03, -149.499, 
-53.253, -98.079, 9.87042, 25.4608, 105.125, 118.031, -149.498, 
-53.2538, -98.0802, 9.87075, 25.4608, 105.125, 118.031, -149.499, 
-53.2529, -98.0792, 9.87011, 25.4615, 105.125, 118.032, -149.499, 
-53.2531, -98.0794, 9.87032, 25.4606, 105.125, 118.031, -149.498, 
-53.2543, -98.0805, 9.87111, 25.4602, 105.126, 118.029, -149.499, 
-53.2536, -98.0797, 9.87062, 25.4607, 105.125, 118.03, -149.499, 
-53.254, -98.0791, 9.87083, 25.4609, 105.125, 118.03, -149.498, 
-53.2545, -98.0797, 9.87131, 25.4589, 105.126, 118.028, -149.499, 
-53.2538, -98.0793, 9.87087, 25.4596, 105.125, 118.029, -149.498, 
-53.2543, -98.0789, 9.87111, 25.461, 105.125, 118.03, -149.499, 
-53.2534, -98.0792, 9.87065, 25.4601, 105.125, 118.03, -149.499, 
-53.253, -98.079, 9.87037, 25.4607, 105.125, 118.031, -149.498, 
-53.2534, -98.0794, 9.87045, 25.4609, 105.125, 118.03, -149.499, 
-53.2528, -98.079, 9.8702, 25.4609, 105.125, 118.031, -149.498, 
-53.2531, -98.0794, 9.87029, 25.4605, 105.125, 118.031, -149.498, 
-53.2543, -98.0805, 9.87108, 25.4602, 105.126, 118.029, -149.499, 
-53.2536, -98.0797, 9.87059, 25.4607, 105.125, 118.03, -149.499, 
-53.254, -98.0791, 9.87081, 25.4609, 105.125, 118.03, -149.498, 
-53.2545, -98.0797, 9.87129, 25.4588, 105.126, 118.028, -149.499, 
-53.2538, -98.0793, 9.87085, 25.4596, 105.125, 118.029, -149.498, 
-53.2543, -98.0789, 9.87109, 25.461, 105.125, 118.03, -149.499, 
-53.2534, -98.0792, 9.87063, 25.4601, 105.125, 118.03, -149.499, 
-53.253, -98.079, 9.87036, 25.4607, 105.125, 118.031, -149.498, 
-53.2534, -98.0795, 9.87044, 25.4609, 105.125, 118.03, -149.499, 
-53.2528, -98.079, 9.87019, 25.4609, 105.125, 118.031, -149.498, 
-53.2526, -98.0791, 9.87005, 25.4614, 105.125, 118.032, -149.498, 
-53.2536, -98.0793, 9.87074, 25.46, 105.125, 118.03, -149.499, 
-53.2527, -98.079, 9.86989, 25.4616, 105.125, 118.032, -149.499, 
-53.2528, -98.0795, 9.87001, 25.462, 105.125, 118.033, -149.499, 
-53.253, -98.0791, 9.87032, 25.4609, 105.125, 118.031, -149.498, 
-53.2533, -98.0794, 9.87047, 25.4608, 105.125, 118.031, -149.499, 
-53.2538, -98.0802, 9.87069, 25.4607, 105.125, 118.031, -149.499, 
-53.2529, -98.0792, 9.87006, 25.4615, 105.125, 118.032, -149.499, 
-53.2531, -98.0794, 9.87028, 25.4605, 105.125, 118.031, -149.498, 
-53.2534, -98.0795, 9.87043, 25.4609, 105.125, 118.03, -149.499, 
-53.2528, -98.079, 9.87018, 25.4609, 105.125, 118.031, -149.498, 
-53.2531, -98.0794, 9.87027, 25.4605, 105.125, 118.031, -149.498, 
-53.2543, -98.0805, 9.87106, 25.4602, 105.126, 118.029, -149.499, 
-53.2536, -98.0797, 9.87058, 25.4606, 105.125, 118.03, -149.499, 
-53.254, -98.0791, 9.87079, 25.4609, 105.125, 118.03, -149.498, 
-53.2545, -98.0797, 9.87128, 25.4588, 105.126, 118.028, -149.499, 
-53.2538, -98.0793, 9.87084, 25.4596, 105.125, 118.029, -149.498, 
-53.2543, -98.0789, 9.87109, 25.461, 105.125, 118.03, -149.499, 
-53.2534, -98.0792, 9.87063, 25.4601, 105.125, 118.03, -149.499, 
-53.253, -98.079, 9.87035, 25.4607, 105.125, 118.031, -149.498, 
-53.2534, -98.0795, 9.87043, 25.4609, 105.125, 118.03, -149.499, 
-53.2528, -98.079, 9.87018, 25.4609, 105.125, 118.031, -149.498, 
-53.2531, -98.0794, 9.87027, 25.4605, 105.125, 118.031, -149.498, 
-53.2534, -98.0795, 9.87043, 25.4609, 105.125, 118.03, -149.499, 
-53.2528, -98.079, 9.87018, 25.4609, 105.125, 118.031, -149.498, 
-53.2526, -98.0791, 9.87005, 25.4614, 105.125, 118.032, -149.498, 
-53.2536, -98.0793, 9.87074, 25.46, 105.125, 118.03, -149.499, 
-53.2527, -98.079, 9.86989, 25.4616, 105.125, 118.032, -149.499, 
-53.2528, -98.0795, 9.87001, 25.462, 105.125, 118.033, -149.499, 
-53.253, -98.0791, 9.87031, 25.4609, 105.125, 118.031, -149.498, 
-53.2533, -98.0794, 9.87047, 25.4608, 105.125, 118.031, -149.499, 
-53.2538, -98.0802, 9.87069, 25.4607, 105.125, 118.031, -149.499, 
-53.2529, -98.0792, 9.87006, 25.4615, 105.125, 118.032, -149.499, 
-53.253, -98.079, 9.87035, 25.4607, 105.125, 118.031, -149.498, 
-53.2534, -98.0795, 9.87043, 25.4609, 105.125, 118.03, -149.499, 
-53.2528, -98.079, 9.87018, 25.4609, 105.125, 118.031, -149.498, 
-53.2526, -98.0791, 9.87005, 25.4614, 105.125, 118.032, -149.498, 
-53.2516, -98.0916, 9.94057, 25.4511, 105.123, 117.939, -149.421, 
-53.2276, -99.235, 9.90786, 25.3214, 102.766, 115.544, -147.568, 
-53.0889, -98.8162, 8.80587, 22.2424, 102.195, 111.578, -148.856, 
-52.8919, -99.1468, 7.99489, 20.9063, 97.1549, 106.591, -144.179, 
-50.6701, -98.3646, 8.34782, 20.299, 96.5641, 104.388, -142.3, 
-48.5423, -97.4667, 7.825, 19.716, 95.0946, 103.829, -138.705, 
-48.7296, -95.4944, 6.67293, 15.2022, 94.7036, 98.7185, -141.386, 
-47.1975, -95.3956, 5.71971, 15.0393, 94.1588, 97.9936, -138.909, 
-47.1893, -96.3749, 5.71661, 14.9927, 94.1753, 97.9956, -138.89, 
-46.5545, -96.7878, 0.814636, 12.2414, 90.7421, 91.9238, -133.063, 
-43.3096, -95.4356, 0.421114, 12.4669, 90.5196, 89.1049, -129.983, 
-38.1057, -91.5061, 1.67036, 11.0882, 90.0623, 85.811, -127.503, 
-37.8442, -92.543, 2.37537, 11.186, 89.4741, 85.2155, -125.29, 
-37.7833, -93.6612, 5.3627, 11.9554, 91.3353, 82.3016, -121.622, 
-33.2914, -90.9477, 4.33158, 12.7856, 91.996, 79.4651, -117.76, 
-31.9722, -90.962, 3.41192, 12.1655, 89.878, 78.1812, -116.591, 
-28.89, -89.3289, 0.149195, 10.7002, 88.7861, 77.3692, -117.451, 
-25.8374, -87.2413, 0.896863, 11.4432, 83.9795, 76.6632, -118.557, 
-26.156, -88.3754, 1.55717, 10.9027, 81.6328, 75.5417, -117.553, 
-23.8189, -87.1265, -0.952558, 11.3154, 79.4009, 73.705, -116.743, 
-25.2871, -88.7422, -2.31999, 12.9967, 75.2632, 68.9054, -114.101, 
0, 0, 0, 0, 0, 0, 0, 
-26.0513, -91.2604, -0.277319, 12.8062, 69.551, 66.7701, -111.932, 
-23.4041, -88.7019, -0.566277, 11.4732, 67.6055, 66.173, -107.415, 
-21.4627, -88.4344, -1.36701, 11.7778, 68.5649, 65.5324, -106.202, 
-21.5327, -89.996, -3.84558, 10.54, 66.8394, 64.7931, -103.112, 
-22.1109, -91.2339, -0.0640043, 12.2316, 62.5154, 60.8832, -105.756, 
-18.5592, -86.7304, 4.48839, 13.5001, 60.6426, 57.7833, -105.09, 
-20.1349, -86.5331, 3.95743, 10.4214, 57.7205, 55.7092, -104.476, 
-20.6907, -87.4874, 5.98285, 10.9903, 56.0045, 54.1692, -99.9911, 
-17.2253, -83.0017, 9.84233, 12.3153, 54.959, 51.3702, -98.9276, 
-14.2115, -81.7506, 12.2246, 11.027, 53.2582, 50.8027, -97.6874, 
-14.7971, -82.6124, 15.0865, 11.9014, 51.5473, 49.4044, -93.5052, 
-9.88079, -78.6098, 17.8623, 9.93736, 48.8269, 48.9413, -90.3, 
-11.8474, -80.1527, 15.1034, 10.9938, 48.9448, 47.2321, -89.5678, 
-13.4646, -80.8711, 19.0859, 12.3107, 50.897, 46.4171, -88.1417, 
-14.3287, -81.6274, 21.622, 13.2943, 48.9939, 44.5023, -82.4232, 
-15.5603, -82.9646, 22.5618, 12.3672, 49.6515, 43.8748, -79.5697, 
-17.2857, -85.051, 26.3633, 10.7049, 49.4478, 43.8633, -75.8498, 
-14.2981, -82.2294, 26.5651, 9.2774, 44.5391, 41.5959, -77.3752, 
-15.2304, -83.8568, 25.3653, 9.81106, 41.759, 41.3865, -75.2707, 
-17.0554, -84.5018, 23.8289, 7.79264, 37.3481, 41.0695, -73.5462, 
-21.0881, -84.563, 25.4418, 4.83244, 35.2784, 37.8641, -78.7717, 
-19.7027, -84.527, 22.9557, 3.9985, 33.1932, 37.5513, -78.1862, 
-20.5425, -85.6945, 18.5116, 2.09264, 30.5389, 38.3679, -75.5365, 
-22.0298, -87.1823, 12.493, 0.745515, 30.153, 39.1112, -72.4038, 
-24.3075, -88.7869, 14.5476, -0.792564, 27.6789, 36.7918, -74.889, 
-24.4616, -89.969, 14.6524, -0.961244, 27.4877, 36.5729, -75.064, 
-26.6044, -89.5708, 10.1299, -3.48648, 21.2738, 37.951, -71.1788, 
-27.9444, -90.3262, 7.12807, -4.98218, 17.6075, 38.8773, -68.8425, 
-30.0607, -90.5273, 3.1387, -6.46948, 12.3806, 40.1722, -65.51, 
-30.7191, -91.7778, 5.28533, -6.22408, 13.1037, 40.3738, -64.5728, 
-32.3251, -92.566, 3.0802, -6.84755, 9.34303, 41.2927, -62.0706, 
-29.1787, -90.1041, 5.75374, -7.14554, 11.2169, 38.9031, -56.7197, 
-30.1098, -91.1991, 4.565, -7.59506, 8.55788, 39.4975, -55.5163, 
-31.5864, -92.2893, 0.638589, -7.20051, 8.01204, 40.1029, -53.9166, 
-33.9063, -92.3968, -2.68638, -7.69574, 2.92288, 41.8914, -51.3782, 
-33.9947, -93.5139, -2.87282, -7.79325, 2.6635, 41.9141, -51.2728, 
-33.9939, -93.5241, -2.86762, -7.78936, 2.66936, 41.9217, -51.2734, 
-33.9955, -93.5251, -2.86186, -7.78817, 2.6746, 41.9252, -51.2736, 
-33.9952, -93.5252, -2.85753, -7.78942, 2.67853, 41.9297, -51.2735, 
-33.9956, -93.5258, -2.85336, -7.78834, 2.68191, 41.932, -51.2731, 
-33.9961, -93.5251, -2.84985, -7.7883, 2.68629, 41.936, -51.2738, 
-33.9956, -93.5257, -2.84679, -7.78918, 2.68888, 41.9389, -51.2737, 
-33.9946, -93.5252, -2.8445, -7.78838, 2.69148, 41.9415, -51.2742, 
-33.9956, -93.5252, -2.84215, -7.789, 2.69566, 41.9443, -51.2754, 
-33.996, -93.5258, -2.8386, -7.78852, 2.69666, 41.9457, -51.274, 
-33.996, -93.5263, -2.83687, -7.78777, 2.69906, 41.9461, -51.2744, 
-33.9968, -93.5253, -2.83455, -7.78803, 2.70158, 41.9496, -51.2748, 
-33.996, -93.5261, -2.83259, -7.78953, 2.70175, 41.9516, -51.2736, 
-33.9966, -93.5252, -2.83066, -7.7891, 2.70334, 41.9534, -51.2735, 
-33.9959, -93.5246, -2.8305, -7.78944, 2.70571, 41.955, -51.2749, 
-33.9967, -93.5254, -2.82796, -7.7892, 2.70598, 41.9558, -51.2736, 
-33.9974, -93.525, -2.82699, -7.78828, 2.70846, 41.9564, -51.2746, 
-33.9981, -93.5262, -2.82508, -7.78844, 2.70893, 41.9564, -51.2738, 
-33.9963, -93.5255, -2.82562, -7.78853, 2.70966, 41.958, -51.2747, 
-33.9969, -93.5258, -2.8244, -7.78874, 2.71095, 41.9587, -51.2748, 
-33.9961, -93.5249, -2.82452, -7.78902, 2.71195, 41.9601, -51.2755, 
-33.9993, -93.5241, -2.82104, -7.78889, 2.71213, 41.9612, -51.2736, 
-33.997, -93.5254, -2.82176, -7.7892, 2.71198, 41.9614, -51.2738, 
-33.9969, -93.526, -2.82202, -7.78866, 2.7139, 41.9607, -51.2753, 
-33.9971, -93.5256, -2.82118, -7.78878, 2.71406, 41.9618, -51.2749, 
-33.9976, -93.5262, -2.82004, -7.7886, 2.7138, 41.9613, -51.274, 
-33.9976, -93.5258, -2.81983, -7.78834, 2.71442, 41.962, -51.2743, 
-33.9979, -93.525, -2.81959, -7.78828, 2.71562, 41.9631, -51.2749, 
-33.998, -93.5251, -2.81909, -7.78814, 2.71601, 41.9634, -51.275, 
-33.9989, -93.5251, -2.8182, -7.78814, 2.71622, 41.9636, -51.2744, 
-33.9961, -93.5252, -2.81999, -7.78886, 2.7164, 41.9638, -51.2756, 
-33.9968, -93.5258, -2.8184, -7.78935, 2.71532, 41.9644, -51.274, 
-33.9977, -93.5254, -2.81849, -7.78838, 2.71693, 41.964, -51.2751, 
-33.9964, -93.5252, -2.81891, -7.78948, 2.71677, 41.9651, -51.2754, 
-33.9966, -93.5259, -2.8185, -7.78837, 2.71676, 41.9639, -51.275, 
-33.9962, -93.5267, -2.81884, -7.7883, 2.71707, 41.9629, -51.2755, 
-33.9986, -93.5255, -2.81714, -7.78955, 2.71774, 41.9655, -51.2747, 
-33.9983, -93.525, -2.81726, -7.7879, 2.71815, 41.9651, -51.2753, 
-33.9973, -93.5246, -2.81771, -7.78937, 2.71771, 41.9662, -51.2751, 
-33.9972, -93.5255, -2.81755, -7.78918, 2.71759, 41.9655, -51.275, 
-33.9976, -93.5251, -2.81697, -7.78943, 2.71749, 41.966, -51.2746, 
-33.9964, -93.5252, -2.81745, -7.78912, 2.71664, 41.9661, -51.2743, 
-33.9973, -93.5256, -2.81732, -7.78898, 2.71821, 41.9655, -51.2753, 
-33.9961, -93.527, -2.8177, -7.78939, 2.71746, 41.9651, -51.275, 
-33.9969, -93.5255, -2.81713, -7.7883, 2.71761, 41.9655, -51.2747, 
-33.998, -93.5247, -2.81636, -7.78893, 2.71787, 41.9663, -51.2744, 
-33.9978, -93.5247, -2.81605, -7.78898, 2.71736, 41.9665, -51.2739, 
-33.9976, -93.5243, -2.8173, -7.78812, 2.71921, 41.966, -51.2759, 
-33.9986, -93.5263, -2.81566, -7.78848, 2.71804, 41.9648, -51.2742, 
-33.9968, -93.5253, -2.81687, -7.78875, 2.71769, 41.966, -51.2747, 
-33.9982, -93.5261, -2.81605, -7.78837, 2.71825, 41.9653, -51.2745, 
-33.9976, -93.5254, -2.81693, -7.78839, 2.71905, 41.9658, -51.2756, 
-33.9967, -93.5261, -2.81718, -7.78939, 2.71841, 41.9657, -51.2753, 
-33.9971, -93.5265, -2.81692, -7.78792, 2.71838, 41.9639, -51.2752, 
-33.9966, -93.5246, -2.81728, -7.78943, 2.7185, 41.9669, -51.2754, 
-33.9976, -93.5257, -2.81662, -7.78895, 2.71905, 41.966, -51.2754, 
-33.9985, -93.5251, -2.81576, -7.7876, 2.71862, 41.9658, -51.2746, 
-33.9987, -93.5254, -2.81587, -7.7895, 2.71898, 41.9667, -51.2748, 
-33.9966, -93.5263, -2.81687, -7.78926, 2.71803, 41.9659, -51.2748, 
-33.9969, -93.5262, -2.81711, -7.78842, 2.7189, 41.9649, -51.2756, 
-33.9959, -93.5266, -2.81738, -7.7898, 2.71827, 41.966, -51.2755, 
-33.9966, -93.5254, -2.81708, -7.78844, 2.71813, 41.966, -51.2749, 
-33.9974, -93.5258, -2.81679, -7.78818, 2.71912, 41.9652, -51.2756, 
-33.9973, -93.526, -2.81654, -7.78839, 2.71851, 41.9654, -51.275, 
-33.9979, -93.5253, -2.81636, -7.7881, 2.71901, 41.966, -51.2753, 
-33.9981, -93.5259, -2.81598, -7.78837, 2.71862, 41.9654, -51.2747, 
-33.9986, -93.524, -2.81542, -7.78924, 2.71844, 41.9674, -51.2743, 
-33.9981, -93.5258, -2.81638, -7.78847, 2.71976, 41.9659, -51.2759, 
-33.9974, -93.5256, -2.81657, -7.78889, 2.71905, 41.9662, -51.2755, 
-33.9982, -93.5254, -2.81565, -7.78875, 2.71833, 41.966, -51.2744, 
-33.9978, -93.5258, -2.81595, -7.78834, 2.71817, 41.9655, -51.2744, 
-33.9981, -93.525, -2.81608, -7.78828, 2.71901, 41.9662, -51.275, 
-33.9982, -93.5251, -2.81592, -7.78813, 2.71907, 41.9662, -51.2751, 
-33.9991, -93.5251, -2.81534, -7.78814, 2.71898, 41.9662, -51.2745, 
-33.9963, -93.5252, -2.81741, -7.78886, 2.71889, 41.9661, -51.2757, 
-33.997, -93.5258, -2.81607, -7.78934, 2.71757, 41.9665, -51.2741, 
-33.9988, -93.5263, -2.8152, -7.78846, 2.71848, 41.9652, -51.2742, 
-33.9975, -93.5255, -2.81651, -7.78838, 2.71888, 41.9658, -51.2752, 
-33.9983, -93.5249, -2.81593, -7.78825, 2.71911, 41.9663, -51.2749, 
-33.9963, -93.5267, -2.8173, -7.7883, 2.71856, 41.9643, -51.2755, 
-33.9986, -93.5255, -2.81574, -7.78955, 2.71909, 41.9668, -51.2748, 
-33.9971, -93.525, -2.81679, -7.78743, 2.71892, 41.9657, -51.2754, 
-33.9972, -93.5256, -2.81635, -7.78825, 2.7182, 41.9658, -51.2747, 
-33.9969, -93.5251, -2.81691, -7.78905, 2.71908, 41.9666, -51.2756, 
-33.9975, -93.5256, -2.81651, -7.78855, 2.71913, 41.9659, -51.2754, 
-33.9964, -93.5252, -2.81661, -7.78912, 2.71745, 41.9668, -51.2744, 
-33.9973, -93.5256, -2.81656, -7.78898, 2.71894, 41.9662, -51.2754, 
-33.9981, -93.5253, -2.81585, -7.78746, 2.71868, 41.9658, -51.2747, 
-34.2449, -93.5786, -2.72817, -7.80766, 4.3859, 42.2668, -51.5922, 
-31.9208, -93.0222, -1.04903, -8.03296, 5.03544, 40.6867, -49.3623, 
-33.0267, -93.6033, 1.6272, -8.05479, 8.86159, 41.8988, -50.5456, 
-35.3296, -93.2282, 5.84015, -8.47972, 14.2601, 43.6174, -51.9382, 
-35.7013, -94.256, 8.63852, -8.10418, 13.8365, 43.8636, -52.324, 
-37.4744, -94.3781, 11.4203, -9.07025, 17.7034, 44.9391, -52.8816, 
-32.9275, -90.7137, 8.48773, -8.52578, 13.9545, 42.0357, -48.4743, 
-33.7656, -91.1923, 9.85327, -9.31302, 16.259, 42.6265, -48.6246, 
-36.0435, -91.3183, 12.844, -10.2303, 20.926, 43.8909, -49.5184, 
-38.8784, -90.3253, 16.3937, -11.5765, 26.4959, 45.3044, -50.2892, 
-40.3293, -90.8522, 18.1501, -12.4104, 29.57, 45.975, -50.6341, 
-42.4309, -90.2155, 19.6594, -13.983, 34.1873, 46.6746, -50.7377, 
0, 0, 0, 0, 0, 0, 0, 
-47.0726, -87.7551, 22.8001, -18.0781, 43.9958, 47.7674, -50.1586, 
-49.8108, -85.902, 25.0586, -20.3905, 48.6144, 48.4265, -49.4617, 
-51.2684, -85.9907, 26.5369, -21.5708, 51.1408, 48.9239, -49.0745, 
-53.5331, -84.602, 28.6276, -23.3973, 54.8972, 49.464, -48.1458, 
-56.8946, -80.3939, 31.5958, -26.5957, 59.949, 50.2908, -46.1988, 
-58.6416, -79.6259, 32.8211, -28.4271, 61.7827, 50.452, -44.5906, 
-61.3296, -76.9876, 34.7369, -30.9509, 64.1518, 50.1362, -42.3642, 
-64.1792, -71.9794, 37.3354, -33.7088, 66.8864, 50.1656, -39.3791, 
-66.2818, -69.8529, 38.0366, -36.6764, 67.324, 49.8955, -35.8553, 
-68.32, -65.9868, 39.5273, -38.3989, 68.1328, 48.6717, -32.7661, 
-68.9738, -65.8254, 39.2038, -40.5056, 67.3146, 48.88, -30.0508, 
-68.7631, -64.7817, 38.8148, -40.4325, 65.3088, 47.6179, -26.2159, 
-68.1962, -64.8395, 38.7722, -40.3839, 65.0397, 48.274, -25.3536, 
-69.25, -63.6374, 38.6943, -40.6383, 64.4187, 47.3242, -24.2412, 
-69.0886, -63.173, 38.1317, -43.0138, 62.0306, 47.2459, -19.5563, 
-68.7849, -64.0175, 37.9309, -41.2068, 61.7232, 46.8119, -19.4031, 
-69.4541, -63.7386, 37.4039, -43.4022, 59.8722, 46.3844, -15.7314, 
-69.7732, -64.9351, 37.4426, -43.442, 61.7787, 47.2958, -16.5321, 
-70.3065, -66.3001, 37.6198, -43.1951, 65.3531, 49.1828, -18.317, 
-71.184, -67.2696, 38.0672, -43.1398, 70.2103, 51.7649, -20.7266, 
-71.5197, -68.5508, 38.3445, -42.8226, 72.4893, 53.2637, -21.9975, 
-72.2432, -69.7528, 38.9446, -42.6737, 76.0817, 55.5632, -24.0139, 
-72.8715, -70.8673, 39.9255, -41.4351, 81.0351, 59.486, -27.2886, 
-73.1946, -72.2149, 40.552, -40.7945, 83.4628, 61.5704, -28.9752, 
-73.9359, -73.3178, 41.6837, -40.2143, 87.0522, 64.7509, -31.5329, 
-74.906, -73.8467, 43.4916, -39.4558, 91.7806, 69.2928, -35.1621, 
-75.2888, -75.065, 44.54, -38.6511, 94.2415, 72.0871, -37.3575, 
-75.7969, -75.8358, 46.0757, -37.6587, 97.442, 75.923, -40.4169, 
-75.506, -76.4057, 47.6658, -34.3917, 100.67, 81.244, -45.2874, 
-75.7077, -77.4986, 48.7946, -33.0039, 102.575, 84.3167, -48.0279, 
-76.2482, -77.5319, 50.5956, -32.1628, 105.331, 88.6549, -51.5528, 
-76.1761, -78.6025, 51.2824, -31.0348, 106.385, 90.8932, -53.4736, 
-75.2788, -79.7254, 51.7788, -28.0167, 107.163, 94.0252, -56.8528, 
-74.8746, -80.8614, 48.9442, -27.2563, 105.986, 89.2726, -53.6046, 
0, 0, 0, 0, 0, 0, 0, 
-71.0547, -80.7753, 46.3376, -25.0289, 106.31, 91.7429, -56.2222, 
-70.068, -81.3029, 46.7304, -22.3525, 107.088, 95.2082, -60.4678, 
-69.8131, -82.5925, 47.1148, -20.9917, 107.51, 97.1487, -62.6747, 
-69.7787, -83.1094, 47.6939, -19.9228, 108.145, 99.9597, -65.9522, 
-69.6297, -84.1763, 46.5398, -19.2493, 105.466, 95.1876, -62.7351, 
-68.3726, -84.5006, 47.2392, -18.8543, 103.552, 95.3181, -62.9889, 
-67.9202, -85.6265, 50.3499, -17.6065, 100.427, 96.0279, -64.2248, 
-66.9959, -86.0553, 49.5651, -17.164, 99.465, 94.9439, -63.5426, 
-66.8262, -87.085, 49.047, -16.8325, 98.2574, 94.9119, -63.6548, 
-65.1563, -87.1316, 48.713, -16.2145, 98.4644, 92.8944, -62.3348, 
-64.6993, -88.1648, 50.5949, -15.1058, 96.6175, 93.5429, -63.7462, 
-64.5988, -89.026, 49.7746, -14.5229, 97.6018, 94.8536, -65.81, 
-64.535, -90.2257, 48.9811, -14.1682, 97.0389, 93.1814, -64.79, 
-64.5274, -91.3155, 48.899, -13.8837, 96.5407, 92.3905, -64.2917, 
-64.5294, -92.3146, 48.9442, -13.6356, 96.4623, 92.2732, -64.2201, 
-59.7938, -89.1048, 50.3054, -13.3647, 94.8901, 87.052, -61.1503, 
-57.6549, -88.7923, 48.1587, -12.9737, 93.2347, 84.6503, -59.64, 
-57.7717, -89.3458, 47.2514, -12.6712, 93.8401, 86.7814, -63.0983, 
-57.9165, -89.8496, 45.7072, -11.7796, 95.0146, 89.5574, -67.7726, 
-58.1533, -90.6903, 45.3138, -11.7337, 95.4108, 90.9399, -69.9392, 
-58.5998, -91.2181, 45.1457, -11.9158, 95.4105, 93.1377, -73.3845, 
-58.9844, -91.1174, 44.9608, -11.7727, 94.9505, 95.8105, -78.1753, 
-59.1715, -91.9626, 45.133, -11.5742, 94.394, 97.2441, -80.8034, 
-59.1896, -92.9103, 45.1906, -11.3598, 94.3581, 97.3438, -81.0082, 
-60.4372, -90.4917, 44.8829, -14.2377, 93.7413, 100.732, -87.1011, 
-61.1867, -89.877, 44.6121, -15.78, 93.3988, 102.53, -90.6802, 
-62.2339, -87.5177, 44.0972, -18.8272, 92.7191, 105.284, -95.9084, 
-62.5955, -87.5045, 43.7497, -19.8754, 92.3291, 106.398, -98.6019, 
-62.6588, -86.9283, 43.1058, -20.6164, 91.6018, 107.699, -102.251, 
-63.6398, -83.2497, 42.1048, -24.9731, 90.3167, 109.603, -107.884, 
-63.6508, -83.1965, 41.4811, -25.4076, 89.5605, 110.057, -110.824, 
-63.7433, -81.3303, 40.6343, -27.1727, 88.3904, 110.736, -114.936, 
-64.0783, -77.3837, 38.9927, -30.8649, 86.063, 110.912, -120.685, 
-64.9274, -76.4336, 38.8345, -33.9428, 85.6816, 110.697, -121.119, 
-66.0494, -74.0064, 38.7282, -38.6427, 85.1424, 110.424, -121.499, 
-65.8931, -73.6492, 37.9798, -38.9879, 83.7957, 109.639, -123.807, 
-65.6951, -71.3603, 37.4775, -41.2941, 82.0335, 108.184, -125.597, 
-65.6831, -70.0029, 36.7762, -43.9849, 80.5415, 107.297, -126.638, 
-65.6117, -69.927, 36.3157, -43.7437, 79.6339, 106.471, -128.31, 
-67.2467, -69.063, 36.4931, -48.4353, 79.3517, 105.247, -126.212, 
-67.855, -68.7014, 36.017, -50.7594, 78.0626, 103.91, -126.111, 
0, 0, 0, 0, 0, 0, 0, 
-68.6704, -66.2068, 35.9687, -55.7331, 76.3893, 101.856, -126.648, 
-68.9967, -65.504, 35.5839, -55.4387, 75.0871, 100.409, -128.622, 
-67.9405, -66.2003, 34.9233, -56.2423, 73.4405, 99.8491, -128.359, 
-68.7327, -65.497, 35.1221, -58.9752, 73.4232, 99.6076, -127.722, 
-69.982, -64.0515, 34.8222, -61.3316, 71.6048, 96.8971, -128.285, 
-69.6765, -64.2185, 34.4768, -63.0968, 70.5744, 96.7051, -127.987, 
-69.7894, -62.624, 34.6967, -63.9863, 70.0024, 95.9229, -129.875, 
-71.2206, -62.2811, 34.1286, -67.5324, 67.967, 93.4539, -128.03, 
-71.5138, -60.7993, 34.3741, -70.1515, 67.8355, 93.8542, -128.191, 
-71.169, -61.3444, 33.5361, -68.944, 65.1846, 91.5397, -129.293, 
-71.2992, -61.472, 33.4555, -71.2152, 64.633, 91.6978, -128.401, 
-72.6147, -59.7461, 33.5441, -74.8369, 63.7205, 90.5103, -127.93, 
-72.9552, -58.4022, 33.2589, -77.2261, 61.6906, 88.9615, -127.967, 
-72.0578, -59.2399, 33.1306, -74.7121, 60.9989, 88.0217, -129.969, 
-73.0422, -57.9456, 32.9254, -77.799, 59.0668, 86.2577, -129.279, 
-73.7263, -57.8648, 32.3884, -77.8173, 57.2681, 84.2754, -130.041, 
-74.7884, -56.8262, 31.9316, -81.3422, 55.5847, 83.8136, -128.494, 
-75.1567, -55.6753, 31.6259, -84.21, 53.8461, 83.2117, -127.984, 
-73.9436, -56.7222, 31.5307, -82.2496, 52.3249, 81.9881, -129.001, 
-75.9983, -54.3206, 31.673, -86.3991, 51.4483, 80.3071, -128.435, 
-75.9298, -55.027, 31.1386, -84.5797, 49.2924, 78.1085, -129.674, 
-76.2387, -55.1009, 30.4605, -85.7798, 46.5313, 76.8643, -128.914, 
-76.8589, -54.4005, 30.7578, -86.7717, 46.405, 75.6601, -129.536, 
-77.2346, -53.5837, 30.5105, -88.483, 43.8976, 74.1902, -129.061, 
-77.9815, -52.789, 29.6311, -90.7897, 41.4278, 74.0241, -128.437, 
-79.2916, -51.2937, 29.7396, -92.7046, 39.4323, 72.1214, -127.344, 
-78.1369, -52.7885, 29.3812, -90.7018, 38.4141, 70.7266, -129.27, 
-79.3425, -52.5636, 29.1544, -91.9988, 36.285, 69.3971, -127.984, 
-79.0687, -51.1494, 29.2913, -93.9375, 34.6006, 69.6728, -127.757, 
-80.03, -51.5885, 28.6242, -93.7911, 30.8651, 67.1434, -127.216, 
-80.3479, -50.3601, 28.8442, -95.1736, 30.3477, 66.4277, -127.635, 
-81.0584, -49.4962, 28.688, -94.857, 27.6174, 63.5593, -127.821, 
-81.8595, -50.4542, 28.2872, -95.6173, 25.4288, 63.0934, -126.821, 
-82.0116, -49.3318, 28.1536, -95.6593, 23.4436, 61.0059, -127.635, 
-82.6454, -48.4457, 28.3963, -97.8949, 20.6536, 60.6964, -126.194, 
-83.4306, -48.3405, 28.1339, -97.2693, 19.2419, 58.3172, -126.466, 
-85.0623, -46.4913, 28.0456, -99.7442, 16.1714, 56.9247, -125.255, 
-85.2719, -47.1707, 27.95, -99.8166, 14.2362, 56.5563, -124.891, 
-86.3092, -48.1101, 27.9737, -98.7855, 11.0596, 54.9085, -123.654, 
-87.8697, -47.7996, 28.0828, -97.7983, 6.53361, 51.2981, -122.214, 
-88.1927, -46.5115, 28.4062, -99.3918, 5.3122, 50.7797, -122.204, 
-88.2427, -46.6515, 28.4102, -98.4958, 1.90846, 48.7103, -122.106, 
-89.5058, -48.4983, 28.2977, -97.8335, -2.51973, 48.8216, -120.622, 
-90.1548, -47.4918, 28.6336, -97.2342, -4.70947, 46.2278, -119.938, 
-92.127, -47.2784, 29.1487, -97.0579, -9.17606, 43.7849, -117.883, 
-93.4738, -46.1396, 29.7788, -98.705, -11.9007, 42.7901, -116.697, 
-93.9967, -46.9332, 30.1892, -97.301, -15.6412, 41.5236, -115.98, 
-96.3532, -46.3901, 31.003, -98.6458, -20.1899, 41.2706, -114.115, 
-96.4002, -46.8914, 30.9603, -98.681, -20.3197, 41.246, -114.079, 
-96.698, -47.7925, 31.5863, -96.1485, -25.6937, 37.8887, -112.782, 
-97.1722, -48.5048, 32.5925, -95.0338, -29.1244, 36.2281, -111.215, 
-98.4738, -48.0236, 33.773, -94.8111, -33.8251, 34.4267, -109.309, 
-99.3579, -48.6067, 34.5514, -94.7596, -36.8027, 33.3827, -107.89, 
-100.841, -49.3636, 35.551, -94.1242, -41.2239, 32.6323, -105.804, 
-101.443, -50.4369, 35.8839, -93.8504, -43.3521, 32.2769, -104.849, 
-102.086, -50.8921, 36.6985, -93.6039, -46.4106, 31.3352, -103.504, 
-103.36, -51.1931, 37.8173, -93.5221, -50.9141, 30.6044, -101.386, 
-103.943, -52.0074, 38.278, -93.2545, -53.2166, 30.0953, -100.081, 
-104.537, -52.63, 38.9238, -92.5705, -57.0096, 29.203, -97.6103, 
-105.368, -53.037, 39.7585, -91.6935, -63.0273, 28.5081, -93.8418, 
-105.752, -53.8153, 40.1064, -91.3789, -65.9122, 28.1348, -92.3656, 
-106.031, -54.1126, 40.2045, -90.4749, -70.8546, 28.1045, -88.7487, 
-105.959, -54.7299, 40.0596, -90.0463, -73.1883, 28.0558, -87.0241, 
-106.113, -54.9211, 39.9483, -89.5146, -76.9326, 28.3437, -84.152, 
-106.255, -55.0407, 40, -88.6716, -82.0744, 28.7114, -80.8641, 
-106.293, -55.3636, 39.6995, -88.2912, -84.9255, 29.2033, -78.7921, 
-105.778, -55.5932, 39.0225, -87.1211, -88.9311, 29.9924, -75.6387, 
-104.95, -55.1643, 37.9168, -85.4774, -94.9201, 31.5315, -71.08, 
-104.344, -54.9739, 36.9564, -84.9264, -98.0539, 32.7339, -68.6437, 
-103.005, -54.3038, 35.235, -83.2857, -103.075, 34.9105, -64.6488, 
-102.348, -54.5746, 34.1173, -82.2893, -105.664, 36.2845, -62.6378, 
-100.972, -54.2423, 32.3365, -80.4877, -109.682, 38.3748, -59.5987, 
-99.1679, -52.7505, 29.5589, -77.7006, -115.522, 42.2158, -55.2068, 
-98.0801, -51.9956, 27.972, -76.7379, -118.91, 44.5788, -52.7279, 
-96.4144, -51.4506, 25.8857, -74.85, -123.573, 47.4607, -51.0695, 
-95.269, -51.3111, 24.7557, -73.168, -126.148, 49.4166, -49.1681, 
-95.1197, -49.7013, 23.9688, -72.9782, -128.979, 52.2962, -48.8183, 
-93.4779, -50.8015, 22.5829, -68.5963, -131.726, 54.8984, -46.2957, 
-93.3203, -50.2633, 22.0898, -68.3365, -133.659, 57.2049, -45.9205, 
0, 0, 0, 0, 0, 0, 0, 
-91.6759, -52.878, 21.0412, -63.1806, -136.862, 60.6565, -44.5851, 
-91.5326, -52.1821, 20.2412, -62.272, -139.154, 62.8993, -44.6062, 
-90.2387, -51.8964, 20.3721, -63.2884, -139.872, 61.7479, -44.9668, 
-91.4222, -52.8568, 20.161, -62.7608, -141.255, 64.2953, -47.2478, 
-89.9434, -54.4218, 19.5578, -59.7135, -142.574, 65.7036, -45.7662, 
-89.1171, -55.3178, 18.8924, -56.3935, -144.342, 67.8589, -45.0562, 
-89.1004, -54.3942, 18.9705, -58.9729, -145.019, 67.5505, -45.9251, 
-88.4328, -53.0113, 18.7232, -58.4481, -146.701, 68.9962, -46.1467, 
-87.7039, -54.7007, 18.1748, -56.6319, -147.888, 69.6482, -45.7994, 
-87.4837, -53.2542, 18.1077, -57.8607, -149.195, 70.2641, -46.828, 
-86.8449, -55.2928, 17.3335, -53.1145, -150.848, 73.3443, -45.9884, 
-85.866, -54.976, 17.247, -54.2501, -152.148, 73.0197, -46.9693, 
-85.3047, -56.0165, 16.7307, -51.0923, -153.665, 75.5202, -46.6957, 
-84.2887, -57.5066, 16.3416, -46.4577, -155.337, 79.0323, -46.8104, 
-84.1999, -57.0116, 15.8628, -47.7806, -156.607, 78.6813, -47.9064, 
-83.1538, -56.6362, 15.9154, -46.7327, -157.553, 79.7299, -48.1966, 
-82.5751, -56.1094, 15.5677, -49.2826, -158.614, 78.0527, -49.3213, 
-82.4401, -57.8201, 15.1686, -45.9819, -159.399, 80.5915, -49.0188, 
-81.4815, -59.781, 14.4089, -41.5037, -161.201, 83.6432, -49.1757, 
-81.1658, -58.6311, 14.4084, -42.9482, -161.863, 83.8255, -49.6314, 
-81.6207, -56.8045, 14.2756, -46.6798, -162.869, 81.8149, -52.1988, 
-81.1786, -58.7588, 14.0172, -44.8702, -163.296, 82.8404, -52.4533, 
-78.9812, -58.0909, 11.3286, -42.0177, -164.165, 85.2541, -53.2084, 
-78.6197, -56.3091, 9.71581, -45.7153, -163.786, 83.478, -55.2858, 
-76.8868, -57.7137, 8.05052, -43.8708, -163.777, 84.0878, -56.0734, 
-76.3485, -59.6105, 6.44994, -39.9534, -164.175, 86.5942, -56.602, 
-74.7819, -56.853, 4.70563, -44.1661, -164.293, 84.5501, -58.4894, 
-74.404, -58.8942, 3.58308, -41.3942, -164.264, 86.2275, -59.1274, 
-73.0098, -58.4289, 1.19754, -38.6683, -164.138, 87.7612, -59.6754, 
-72.2071, -58.0999, -0.473782, -40.5712, -164.267, 86.9406, -61.1349, 
-71.1671, -59.6206, -2.04122, -37.4539, -163.819, 88.3928, -61.55, 
-69.111, -58.455, -4.68728, -40.1468, -164.302, 86.2897, -63.8093, 
-68.7857, -57.4232, -5.2691, -43.1929, -164.121, 84.89, -64.5923, 
-67.1607, -55.0439, -7.77995, -46.0615, -164.339, 83.603, -66.3675, 
-66.5446, -54.7814, -9.18169, -45.9162, -163.888, 84.3111, -67.5399, 
-65.692, -56.0508, -10.9962, -42.7933, -164.165, 85.6689, -68.2133, 
-64.9061, -57.9899, -12.3817, -39.7983, -163.983, 86.1781, -69.4175, 
-63.4349, -57.6097, -14.1788, -42.2776, -164.075, 83.9174, -69.996, 
-62.8358, -55.5046, -15.3436, -46.5024, -164.114, 81.7103, -71.8425, 
-61.1329, -55.5531, -17.0833, -46.9407, -164.31, 81.6264, -72.2956, 
-59.9283, -54.8526, -19.0004, -48.0557, -164.406, 79.8172, -74.2172, 
-59.3854, -53.9334, -20.8618, -48.899, -164.137, 79.0207, -75.8483, 
-57.513, -54.1887, -22.4806, -49.8715, -164.305, 78.0948, -76.2993, 
-56.9063, -52.7958, -24.0184, -50.8786, -164.078, 77.5471, -77.7038, 
-56.187, -54.8056, -24.65, -48.9533, -164.004, 77.8798, -77.4077, 
-55.5424, -55.4951, -26.5702, -46.6087, -164.025, 78.6034, -78.2861, 
-53.4787, -54.1479, -27.6876, -50.6633, -164.226, 75.3399, -79.2025, 
-53.7489, -55.2317, -28.9974, -49.1488, -164.007, 74.6921, -80.8646, 
0, 0, 0, 0, 0, 0, 0, 
-51.122, -54.6544, -32.6258, -50.2775, -164.115, 73.3142, -82.0011, 
-50.089, -55.2701, -33.413, -50.714, -163.69, 72.4743, -82.9309, 
-48.3691, -53.4361, -35.2897, -55.1104, -164.24, 69.2367, -84.1353, 
-46.8757, -54.1887, -36.4648, -56.1205, -164.235, 67.2336, -83.7309, 
-47.6186, -54.2101, -37.0725, -55.4483, -163.775, 66.6814, -85.4072, 
-46.2115, -53.8788, -37.6942, -57.5858, -163.909, 65.344, -85.3717, 
-43.8572, -52.8749, -39.8553, -60.2679, -163.918, 63.0227, -86.0119, 
-42.7095, -52.7627, -41.1237, -60.3299, -163.916, 61.4461, -86.2436, 
-42.4359, -52.7518, -42.0801, -61.9706, -163.794, 59.5146, -87.5088, 
-42.9612, -53.9245, -42.6755, -59.9203, -164.37, 59.0221, -87.739, 
-41.8895, -53.7309, -43.3423, -62.0015, -164.387, 57.2781, -88.2146, 
-41.1308, -53.4254, -44.5815, -62.3567, -163.872, 55.9629, -89.2748, 
-38.4653, -52.155, -46.1491, -66.5585, -164.213, 52.7797, -89.8799, 
-38.0804, -52.5357, -46.5657, -67.6102, -163.983, 50.5672, -90.6479, 
-38.226, -53.7076, -47.1016, -66.1489, -164.011, 49.3962, -89.8091, 
-34.6348, -53.1425, -49.1123, -68.4186, -164.222, 47.9853, -89.5022, 
-35.3727, -53.3676, -50.1672, -67.8841, -164.033, 46.9117, -90.15, 
-32.927, -52.6217, -51.2404, -71.5548, -164.366, 44.1578, -89.8537, 
-33.2597, -53.0321, -51.6124, -70.7284, -164.401, 42.8787, -90.4033, 
-31.385, -52.7014, -52.5102, -72.4037, -164.027, 41.5182, -91.0445, 
-31.3878, -52.7002, -52.9042, -73.142, -163.916, 40.1949, -91.1901, 
-30.5312, -53.8523, -53.7298, -72.523, -164.06, 38.7291, -89.9874, 
-28.3237, -53.5924, -55.4511, -75.5803, -164.41, 35.8216, -89.8819, 
-29.0606, -54.8399, -54.6892, -75.704, -163.565, 33.7555, -90.2564, 
-27.4, -54.6892, -56.2285, -75.9726, -164.079, 33.1144, -89.3045, 
-26.849, -54.6288, -56.35, -77.8099, -164.077, 31.393, -89.4904, 
-27.508, -54.2519, -56.071, -79.1378, -163.839, 28.4615, -90.6579, 
-25.9713, -55.4374, -57.2011, -79.5765, -163.797, 26.1098, -89.394, 
-25.9184, -54.3739, -57.8739, -81.4529, -164.028, 24.1358, -89.972, 
-25.7774, -54.993, -58.1617, -81.1153, -163.637, 22.929, -89.5163, 
-24.4644, -56.0974, -59.1304, -80.5564, -163.665, 23.0526, -88.2999, 
-25.3628, -56.3475, -59.0713, -80.8738, -163.668, 19.9919, -89.2698, 
-23.4396, -57.3168, -60.6069, -81.6787, -163.02, 18.792, -87.3442, 
-24.6221, -55.5859, -59.6558, -83.6653, -163.597, 16.3422, -89.5821, 
-22.2946, -56.0911, -60.7049, -85.6392, -163.086, 15.102, -88.2215, 
-21.5869, -59.1327, -62.381, -83.9544, -161.954, 13.8761, -85.7909, 
-20.6171, -58.5025, -62.7159, -85.6344, -162.101, 12.3024, -85.9999, 
-20.0832, -59.2964, -63.5947, -86.1784, -161.38, 10.1937, -85.3856, 
-21.5854, -59.2213, -63.3093, -85.4233, -161.483, 9.86114, -86.1537, 
-20.1597, -60.2181, -63.3447, -88.4266, -160.61, 5.78673, -85.1264, 
-19.9864, -58.6155, -62.5973, -90.3766, -160.865, 3.66816, -85.948, 
-21.1345, -60.0965, -63.3256, -88.0998, -160.661, 3.07731, -85.6186, 
-19.1728, -61.1776, -65.3104, -88.2258, -159.313, 3.82252, -84.2188, 
-19.3718, -61.7394, -64.3229, -89.2281, -159.063, 1.23226, -84.0324, 
-19.6774, -60.9605, -63.5346, -90.8112, -159.252, -0.895003, -84.6103, 
-18.8356, -62.9974, -65.7711, -89.5201, -157.472, -0.955565, -82.9163, 
-19.412, -62.0676, -64.4545, -91.5631, -158.006, -4.38054, -83.4738, 
-17.2985, -61.6606, -65.6232, -93.6881, -157.072, -6.25428, -83.0143, 
-19.0869, -63.6526, -65.2537, -90.8975, -156.004, -5.97899, -82.3921, 
-19.0609, -64.7946, -65.7025, -90.4577, -154.986, -6.55743, -81.4238, 
-17.4107, -64.5225, -67.0588, -91.5575, -154.541, -6.8537, -81.619, 
-17.6423, -64.2077, -66.6364, -91.8551, -154.075, -8.42536, -81.6429, 
-16.9701, -63.2912, -67.0994, -93.1524, -153.747, -9.65442, -81.5537, 
-19.6896, -64.2564, -65.4004, -92.0682, -153.889, -12.4778, -80.9224, 
-17.5847, -66.1158, -66.7922, -92.7538, -151.63, -12.049, -80.3789, 
-16.5762, -67.742, -67.8181, -92.605, -149.435, -13.3522, -79.4639, 
-17.1053, -65.2944, -66.2044, -94.587, -151.811, -15.2364, -79.5769, 
-17.9135, -67.4026, -66.9072, -92.3468, -149.553, -14.8068, -78.7171, 
-18.2766, -65.8531, -65.7239, -93.5872, -150.528, -17.3463, -78.3221, 
-18.0585, -66.2408, -66.3979, -92.9094, -149.618, -17.3768, -77.9934, 
