<library path="lib/libtorobo_gripper_action_controller">

  <class name="position_controllers/ToroboGripperActionController"
         type="position_controllers::ToroboGripperActionController"
         base_class_type="controller_interface::ControllerBase">
    <description>
    </description>
  </class>

  <class name="effort_controllers/ToroboGripperActionController"
         type="effort_controllers::ToroboGripperActionController"
         base_class_type="controller_interface::ControllerBase">
    <description>
    </description>
  </class>

</library>
