50.532,-9.751,14.313,29.3,59.97,318.203
50.533,-9.745,14.301,29.055,60.206,318.039
50.541,-9.732,14.279,29.055,60.231,318.214
50.538,-9.723,14.281,29.07,60.172,318.05
50.537,-9.726,14.277,29.002,60.196,317.907
50.537,-9.752,14.232,29.127,60.228,318.389
50.538,-9.763,14.204,28.878,60.64,317.979
50.542,-9.778,14.185,28.724,60.632,317.936
50.538,-9.785,14.175,28.823,60.58,317.742
50.536,-9.783,14.17,28.911,60.648,317.668
50.533,-9.795,14.159,28.96,60.489,317.779
50.54,-9.761,14.175,29.141,60.328,317.446
50.541,-9.768,14.17,29.122,60.206,317.642
50.549,-9.739,14.135,29.115,60.271,317.65
50.553,-9.729,14.134,29.077,60.311,317.52
50.547,-9.746,14.111,29.108,60.403,317.789
50.534,-9.798,14.099,28.812,60.689,317.808
50.523,-9.811,14.075,28.835,60.853,317.652
50.535,-9.81,14.063,28.731,60.981,317.692
50.501,-9.888,14.048,28.872,60.903,317.706
50.505,-9.924,14.021,28.888,61.064,317.406
50.52,-10.001,13.955,28.558,61.322,317.963
50.527,-10.022,13.848,28.314,61.932,317.871
50.542,-10.02,13.787,28.37,61.819,317.793
50.495,-10.045,13.764,27.969,62.138,317.491
50.483,-10.052,13.755,27.736,62.381,317.082
50.481,-10.045,13.754,27.719,62.326,317.098
50.474,-10.055,13.728,27.838,62.421,316.895
50.507,-10.075,13.598,27.136,63.076,317.253
50.528,-10.054,13.527,27.6,62.669,317.213
50.529,-10.023,13.527,27.611,62.549,317.079
50.546,-10.015,13.531,27.832,62.44,316.921
50.556,-10.035,13.509,27.772,62.535,317.225
50.557,-10.066,13.486,27.599,62.747,317.077
50.568,-10.058,13.493,27.672,62.769,317.299
50.57,-10.049,13.528,28.018,62.291,317.021
50.566,-10.064,13.495,27.73,62.73,317.25
50.561,-10.066,13.522,27.794,62.779,316.986
50.551,-10.07,13.56,27.225,63.184,317.002
50.56,-10.059,13.58,27.154,63.272,317.027
50.566,-10.058,13.583,27.077,63.294,317.063
50.566,-10.062,13.626,27.572,62.769,317.207
50.588,-10.002,13.691,28.336,61.885,317.182
50.593,-9.99,13.725,27.898,62.165,316.881
50.594,-9.994,13.806,28.351,61.769,317.374
50.596,-9.967,13.883,28.341,61.689,317.016
50.577,-9.94,13.965,28.611,61.463,316.978
50.56,-9.902,14.072,28.797,61.141,317.222
50.534,-9.872,14.232,28.883,61.019,317.234
50.53,-9.853,14.373,29.23,60.483,317.337
50.518,-9.859,14.466,29.536,60.159,317.278
50.538,-9.846,14.551,29.872,59.669,317.572
50.533,-9.839,14.668,29.4,60.173,317.662
50.533,-9.816,14.878,30.133,59.192,317.633
50.52,-9.809,15.075,30.676,58.605,318.04
50.535,-9.833,15.201,30.755,58.497,318.005
50.587,-9.836,15.343,29.972,59.374,318.959
50.647,-9.747,15.49,31.147,57.432,318.225
50.66,-9.711,15.6,31.185,57.383,317.969
50.701,-9.706,15.63,31.466,57.049,317.809
50.746,-9.709,15.631,31.07,57.325,317.608
50.759,-9.706,15.672,31.644,56.809,317.823
50.781,-9.71,15.715,31.535,57.073,318.004
50.78,-9.724,15.802,31.624,56.854,317.446
50.757,-9.764,15.896,31.785,56.703,317.853
50.734,-9.784,16.056,31.614,56.812,317.645
50.717,-9.788,16.198,31.76,56.681,317.964
50.72,-9.799,16.341,31.571,56.964,318.568
50.723,-9.78,16.373,32.32,56.115,318.011
50.729,-9.796,16.428,31.478,56.986,317.754
50.716,-9.806,16.558,31.892,56.756,318.774
50.703,-9.776,16.625,32.072,56.24,317.818
50.714,-9.762,16.727,32.435,55.972,318.035
50.709,-9.791,16.831,32.459,55.874,317.942
50.677,-9.851,16.927,32.839,55.559,317.872
50.656,-9.901,17.003,32.282,56.287,318.074
50.646,-9.912,17.169,32.557,55.863,317.715
50.634,-9.923,17.304,32.733,55.687,318.203
50.613,-9.956,17.468,32.759,55.631,318.072
50.581,-10.007,17.675,32.904,55.513,318.555
50.545,-10.044,17.862,33.165,55.269,318.474
50.527,-10.099,17.997,32.833,55.681,318.834
50.503,-10.175,18.199,33.026,55.491,318.842
50.504,-10.19,18.388,33.007,55.494,319.026
50.505,-10.204,18.6,33.077,55.37,319.052
50.486,-10.242,18.823,33.293,55.095,319.185
50.479,-10.219,19.066,33.212,55.068,319.064
50.429,-10.201,19.324,33.193,55.094,319.034
50.427,-10.169,19.586,33.505,54.713,319.423
50.398,-10.1,19.864,33.335,54.572,319.026
50.344,-10.043,20.218,33.314,54.406,319.089
50.283,-10,20.588,33.4,54.001,319.465
50.229,-9.941,20.911,33.777,53.465,319.474
50.155,-9.883,21.285,33.695,53.319,319.556
50.072,-9.77,21.676,34.626,52.466,319.972
50.067,-9.642,21.975,35.57,51.392,320.058
50.095,-9.55,22.173,35.562,51.315,320.07
50.124,-9.486,22.396,35.685,51.03,319.945
50.14,-9.419,22.652,36.046,50.573,319.874
50.138,-9.401,22.875,36.275,50.232,319.889
50.144,-9.327,23.102,36.056,50.278,320.139
50.098,-9.219,23.423,36.456,49.76,319.72
50.047,-9.07,23.751,36.812,49.203,319.759
49.966,-8.977,24.071,37.064,48.71,320.109
49.875,-8.904,24.318,37.324,48.471,320.414
49.768,-8.8,24.579,37.768,48.118,320.046
49.679,-8.658,24.897,37.791,48.004,319.81
49.609,-8.536,25.218,38.038,47.615,320.477
49.584,-8.5,25.513,37.064,48.611,321.679
49.515,-8.428,25.808,38.011,47.446,320.726
49.445,-8.361,26.135,38.068,47.43,320.237
49.37,-8.301,26.52,37.836,47.415,320.437
49.263,-8.234,26.931,38.142,47.055,320.745
49.166,-8.182,27.352,38.238,47.144,322.173
49.058,-8.13,27.747,38.064,47.369,322.244
48.948,-8.082,28.131,38.134,47.322,322.49
48.859,-7.988,28.484,38.192,47.132,322.769
48.753,-7.865,28.905,38.304,46.837,322.861
48.616,-7.713,29.333,39.039,45.944,323.391
48.452,-7.543,29.696,38.659,46.433,324.046
48.278,-7.336,30.071,38.429,46.39,323.672
48.073,-7.068,30.522,38.8,45.843,324.225
47.899,-6.819,30.938,39.193,45.227,324.514
47.782,-6.602,31.24,38.996,45.23,324.58
47.673,-6.429,31.522,38.585,45.34,324.675
47.565,-6.244,31.827,38.631,45.064,325.046
47.503,-5.996,32.117,38.491,44.903,324.955
47.451,-5.707,32.442,38.776,44.261,325.049
47.387,-5.382,32.794,38.928,43.847,325.111
47.332,-5.13,33.138,39.404,42.731,325.471
47.291,-4.948,33.379,39.489,42.311,325.521
47.239,-4.76,33.568,39.532,42.069,325.605
47.133,-4.496,33.805,39.457,41.987,325.593
47,-4.131,34.121,39.868,41.059,325.743
46.896,-3.716,34.408,40.247,40.08,326.523
46.821,-3.368,34.629,40.158,39.718,326.417
46.735,-3.059,34.838,40.7,38.925,326.402
46.659,-2.8,35.05,40.685,38.785,326.465
46.612,-2.582,35.239,40.773,38.355,326.254
46.556,-2.395,35.403,41.035,37.905,326.068
46.538,-2.247,35.539,41.15,37.618,326.474
46.596,-2.091,35.604,40.992,37.511,326.602
46.681,-2.007,35.641,41.44,36.984,327.023
46.724,-1.928,35.69,41.406,36.947,326.374
46.721,-1.861,35.801,41.663,36.627,326.562
46.722,-1.758,35.892,41.466,36.544,326.84
46.708,-1.698,35.982,42.007,36.034,326.303
46.738,-1.625,36.029,41.973,35.895,326.687
46.751,-1.564,36.064,42.105,35.811,326.519
46.707,-1.399,36.161,42.308,35.447,326.847
46.628,-1.221,36.316,42.65,34.993,326.348
46.568,-1.115,36.422,43.009,34.711,326.694
46.567,-1.032,36.489,43.031,34.606,327.272
46.552,-0.975,36.556,43.135,34.35,326.792
46.549,-0.886,36.635,43.036,34.338,326.809
46.518,-0.784,36.708,43.27,34.176,326.899
46.509,-0.654,36.798,43.449,33.719,327.31
46.477,-0.541,36.884,43.911,33.337,327.036
46.458,-0.434,36.962,44.146,32.994,327.253
46.406,-0.344,37.058,44.085,32.916,327.459
46.348,-0.268,37.157,44.528,32.495,327.552
46.332,-0.178,37.233,44.599,32.389,327.601
46.302,-0.117,37.321,45.017,31.957,327.766
46.214,0.004,37.411,45.531,31.556,327.666
46.127,0.183,37.564,45.93,31.015,328.129
46.018,0.293,37.685,46.319,30.554,328.277
45.947,0.321,37.742,46.18,30.826,328.496
45.858,0.406,37.856,46.64,30.516,328.365
45.749,0.517,38.02,46.752,30.165,328.702
45.66,0.564,38.131,46.868,30.02,328.614
45.581,0.687,38.251,46.671,30.033,328.582
45.457,0.825,38.402,46.99,29.687,329.198
45.319,0.961,38.571,47.574,29.108,329.121
45.227,1.083,38.728,47.822,28.848,329.584
45.135,1.289,38.899,48.511,28.103,329.743
45.124,1.487,39.066,49.533,27.068,329.299
45.413,1.584,39.065,50.332,26.307,328.996
45.651,1.667,39.074,50.346,25.947,328.359
45.607,1.762,39.247,51.781,24.689,327.814
45.638,1.99,39.428,52.494,23.827,328.038
45.714,2.099,39.493,52.666,23.546,327.993
45.707,2.125,39.569,52.915,23.469,327.787
45.686,2.24,39.652,53.234,23.131,327.781
45.642,2.411,39.79,53.821,22.651,327.888
45.576,2.574,39.904,53.853,22.353,328.211
45.517,2.729,39.986,54.879,21.884,327.584
45.513,2.868,40.048,55.989,20.61,327.587
45.516,2.987,40.075,55.289,21.395,327.637
45.517,3.148,40.097,54.932,21.346,327.69
45.498,3.339,40.144,55.177,20.876,328.001
45.461,3.467,40.174,55.306,20.658,327.831
45.378,3.621,40.27,55.589,20.341,327.965
45.363,3.759,40.341,55.602,20.284,328.401
45.342,3.812,40.382,55.099,20.394,328.15
45.267,3.902,40.441,56.456,19.564,327.813
45.215,4.098,40.561,56.386,19.557,328.184
45.182,4.168,40.605,55.435,19.938,328.755
45.177,4.18,40.608,55.018,20.369,328.683
45.148,4.308,40.648,56.135,19.401,328.269
45.162,4.457,40.681,56.538,18.839,328.298
45.195,4.521,40.658,55.573,19.59,328.543
45.153,4.582,40.715,55.535,19.534,328.717
45.136,4.68,40.793,55.379,19.601,328.932
45.135,4.751,40.837,55.644,19.346,329.157
45.095,4.882,40.923,55.87,19.038,329.211
45.014,5.043,41.008,55.797,19.038,329.499
44.944,5.186,41.095,56.167,18.555,329.499
44.906,5.294,41.122,55.989,18.56,330.009
44.836,5.439,41.171,56.285,18.267,329.941
44.8,5.532,41.205,56.258,18.087,329.83
44.745,5.616,41.273,56.562,17.639,329.714
44.778,5.646,41.28,56.975,17.501,329.348
44.81,5.562,41.241,56.698,18.022,330.079
45.346,5.609,40.934,51.121,337.491,7.95
44.799,5.597,41.317,56.703,17.709,329.542
44.818,5.491,41.26,56.892,17.909,329.754
44.833,5.421,41.244,56.736,18.051,329.703
45.423,5.447,40.922,51.32,337.483,7.619
44.956,5.337,41.197,56.45,18.146,329.974
45.051,5.184,41.107,56.53,18.246,329.788
45.117,5.058,40.996,57.108,18.18,329.559
45.214,4.932,40.91,56.066,18.7,329.682
45.275,4.742,40.812,55.882,19.086,329.599
45.349,4.454,40.709,55.375,19.676,329.132
45.406,4.09,40.558,55.142,20.529,328.758
45.499,3.738,40.407,54.404,21.314,328.088
45.521,3.348,40.223,53.494,22.549,327.908
45.454,2.981,40.021,52.33,23.873,328.107
45.449,2.734,39.816,52.1,24.466,327.894
45.357,2.443,39.585,51.761,25.406,327.459
45.231,2.098,39.318,51.395,26.447,327.038
45.179,1.769,39.056,50.826,27.338,326.712
45.047,1.522,38.846,50.506,28.221,326.514
44.975,1.309,38.675,50.669,28.499,326.27
44.912,1.071,38.477,50.357,29.301,326.172
44.93,0.887,38.329,49.996,29.642,325.988
44.975,0.654,38.181,49.934,29.882,325.631
45,0.412,38.009,49.814,30.459,325.227
45.092,0.165,37.825,50.208,30.232,324.474
45.173,-0.082,37.582,49.955,30.911,323.754
45.25,-0.282,37.399,49.939,31.081,323.591
45.308,-0.477,37.25,49.844,31.215,323.797
45.358,-0.702,37.059,49.903,31.529,323.571
45.478,-0.948,36.81,49.196,32.278,323.435
45.601,-1.177,36.588,49.198,32.497,323.003
45.729,-1.434,36.348,48.827,32.959,323.382
45.824,-1.678,36.113,48.729,33.392,323.128
45.952,-1.86,35.935,48.354,33.649,323.386
46.069,-2.129,35.736,48.319,33.922,323.241
46.214,-2.412,35.45,48.084,34.437,322.387
46.39,-2.684,35.151,47.774,35.111,322.16
46.492,-2.906,34.942,47.719,35.492,322.213
46.575,-3.063,34.801,48.147,34.982,322.542
46.641,-3.188,34.665,48.018,35.374,322.879
46.696,-3.337,34.523,47.903,35.609,322.705
46.784,-3.487,34.317,47.715,36.063,322.179
46.859,-3.635,34.11,47.368,36.572,321.828
46.941,-3.711,33.982,47.569,36.222,321.82
46.983,-3.809,33.838,47.674,36.209,321.638
47.038,-4.007,33.663,47.077,36.952,321.493
47.113,-4.152,33.461,47.003,37.155,321.308
47.137,-4.309,33.301,46.515,37.798,321.367
47.178,-4.44,33.137,46.833,37.617,321.263
47.242,-4.573,32.909,46.394,38.428,321.031
47.319,-4.705,32.714,45.771,38.945,320.96
47.403,-4.835,32.517,45.594,39.083,320.668
47.419,-5.005,32.388,45.362,39.735,321.03
47.436,-5.116,32.273,45.48,39.719,320.7
47.437,-5.32,32.122,45.024,40.27,321.007
47.458,-5.486,31.957,45.094,40.498,321.003
47.501,-5.651,31.825,44.712,41.072,320.387
47.521,-5.79,31.71,44.899,41.178,320.421
47.565,-5.963,31.544,44.839,41.469,320.27
47.61,-6.179,31.327,44.383,42.152,320.155
47.679,-6.399,31.098,43.857,42.786,320.236
47.698,-6.592,30.882,43.717,43.338,320.018
47.717,-6.715,30.705,43.856,43.445,319.628
47.765,-6.838,30.564,43.681,43.738,319.469
47.799,-7.008,30.335,43.563,44.14,319.208
47.819,-7.18,30.117,43.498,44.497,319.02
47.866,-7.365,29.893,43.202,44.839,318.887
47.889,-7.543,29.606,43.093,45.402,318.627
47.941,-7.666,29.334,43.872,44.525,317.956
48.013,-7.82,28.983,43.472,44.994,317.961
48.08,-7.994,28.628,43.461,45.325,317.168
48.194,-8.155,28.253,43.028,45.83,317.088
48.283,-8.282,27.887,42.917,46.199,316.962
48.376,-8.405,27.619,42.468,46.663,316.569
48.466,-8.497,27.396,43.029,46.123,316.574
48.535,-8.595,27.149,42.568,46.653,316.238
48.598,-8.637,26.936,42.239,46.972,316.341
48.663,-8.689,26.733,41.948,47.277,316.647
48.686,-8.767,26.521,41.822,47.565,316.387
48.723,-8.856,26.247,41.309,48.209,316.238
48.774,-8.942,25.939,40.48,49.214,316.213
48.784,-9.064,25.595,39.73,50.231,315.697
48.813,-9.183,25.247,39.377,50.761,315.806
48.863,-9.279,24.917,38.563,51.672,315.687
48.913,-9.378,24.528,37.95,52.471,315.434
48.992,-9.497,24.113,37.145,53.762,315.357
49.079,-9.631,23.707,36.563,54.465,315.298
49.167,-9.719,23.386,35.527,55.263,314.466
49.26,-9.796,23.113,35.063,55.769,314.425
49.323,-9.871,22.823,34.447,56.341,314.072
49.353,-9.962,22.579,34.767,56.389,314.318
49.368,-10.016,22.349,34.597,56.753,313.608
49.393,-10.077,22.077,34.161,57.142,313.36
49.419,-10.107,21.797,33.898,57.481,313.755
49.457,-10.112,21.557,33.949,57.532,313.313
49.522,-10.118,21.268,33.44,57.997,313.326
49.563,-10.161,20.935,31.985,59.323,312.881
49.56,-10.207,20.671,32.1,59.418,312.853
49.559,-10.228,20.477,31.887,59.731,312.538
49.574,-10.231,20.248,31.882,59.706,312.357
49.595,-10.265,19.874,31.647,60.199,312.82
49.599,-10.314,19.434,30.083,61.906,311.994
49.635,-10.358,19.025,29.019,63.172,311.766
49.693,-10.364,18.634,28.649,63.607,311.538
49.753,-10.392,18.217,27.861,64.553,311.665
49.86,-10.443,17.774,27.011,65.615,311.485
49.961,-10.512,17.325,25.841,66.937,311.085
50.044,-10.606,16.984,24.596,68.093,310.545
50.102,-10.697,16.664,24.24,68.865,310.708
50.171,-10.779,16.338,23.059,70.248,310.409
50.269,-10.846,15.99,21.885,71.553,310.426
50.328,-10.887,15.663,20.578,72.98,310.126
50.327,-10.978,15.392,20.467,73.386,310.507
50.338,-11.018,15.111,19.795,74.378,310.331
50.387,-11.013,14.861,18.766,75.383,310.225
50.402,-11.058,14.655,18.28,75.992,310.011
50.412,-11.135,14.426,19.2,75.368,310.65
50.44,-11.16,14.175,19.104,75.577,310.333
50.495,-11.162,13.915,18.245,76.542,310.39
50.52,-11.185,13.731,17.101,77.567,310.217
50.532,-11.198,13.538,16.055,78.659,309.809
50.554,-11.216,13.269,14.859,80.106,310.326
50.569,-11.197,13.079,13.956,81.102,310.07
50.547,-11.216,12.99,13.116,81.988,310.016
50.511,-11.25,12.887,13.759,81.472,310.322
50.536,-11.243,12.642,12.902,82.505,310.311
50.518,-11.269,12.437,12.534,83.089,310.483
50.478,-11.283,12.257,11.443,84.126,309.942
50.448,-11.263,12.073,10.483,85.217,309.644
50.44,-11.238,11.898,11.544,84.208,309.84
50.421,-11.233,11.686,10.811,85.129,309.752
50.41,-11.238,11.479,10.934,85.136,309.575
50.437,-11.229,11.239,9.823,86.327,309.549
50.449,-11.227,11.033,9.266,86.923,309.383
50.472,-11.216,10.858,8.904,87.376,309.674
50.552,-11.166,10.752,8.746,87.582,309.65
50.597,-11.151,10.612,9.197,87.307,309.991
50.618,-11.164,10.419,8.616,87.788,309.759
50.584,-11.175,10.227,7.523,88.994,309.07
50.531,-11.159,10.102,7.806,88.694,309.023
50.453,-11.105,10.004,7.077,89.755,309.042
50.334,-11.081,9.989,7.824,89.207,309.421
50.201,-11.079,10.002,7.61,89.448,308.988
50.108,-11.057,9.952,7.239,89.821,308.98
50.046,-11.059,9.91,8.334,89.095,309.26
50.003,-11.066,9.735,7.543,90.098,308.782
49.991,-11.08,9.494,7.171,90.737,309.165
50.013,-11.091,9.319,5.914,92.106,309.169
49.99,-11.083,9.224,5.891,92.044,309.034
49.936,-11.113,9.113,5.008,93.03,309.052
49.906,-11.084,8.971,5.981,92.313,309.056
49.91,-11.074,8.886,4.929,93.511,308.74
49.9,-11.075,8.816,4.313,94.049,308.599
49.869,-11.075,8.754,4.968,93.423,308.672
49.902,-11.015,8.642,3.974,94.224,308.671
49.92,-10.942,8.454,3.358,94.823,308.464
49.945,-10.864,8.191,2.009,96.225,308.758
49.963,-10.824,7.982,2.416,95.929,308.863
49.972,-10.792,7.834,359.808,98.39,308.828
49.98,-10.783,7.778,0.429,97.745,308.377
49.983,-10.757,7.583,359.76,98.507,308.742
49.956,-10.741,7.328,358.613,99.908,308.903
49.968,-10.717,7.07,357.377,101.056,308.92
50.003,-10.672,6.92,357.82,100.718,308.915
50.026,-10.61,6.873,357.876,100.546,308.612
50.032,-10.578,6.79,356.853,101.516,308.493
50.009,-10.533,6.63,355.802,102.578,308.547
50.016,-10.494,6.546,355.72,102.678,308.763
50.019,-10.505,6.552,356.026,102.395,308.657
50.01,-10.538,6.541,356.098,102.384,308.765
49.996,-10.571,6.546,355.433,103.125,308.711
49.982,-10.621,6.578,356.368,102.25,308.927
50.005,-10.61,6.617,357.18,101.476,308.643
50.007,-10.591,6.59,356.134,102.485,308.725
50.005,-10.595,6.605,356.479,102.189,308.645
50.018,-10.613,6.701,355.717,102.75,308.655
50.033,-10.623,6.807,357.035,101.571,308.658
50.051,-10.626,6.951,356.121,102.258,308.663
50.046,-10.674,7.091,357.831,100.686,309.074
49.986,-10.733,7.264,358.022,100.688,309.062
49.991,-10.785,7.499,359.373,99.221,308.824
49.99,-10.799,7.714,359.818,98.718,308.698
49.988,-10.81,7.825,359.628,98.877,308.781
49.967,-10.869,7.997,0.307,98.084,308.595
49.975,-10.896,8.126,2.2,96.26,308.623
49.971,-10.922,8.284,1.122,97.232,308.704
49.956,-10.971,8.494,2.559,95.824,308.359
49.953,-10.969,8.657,3.121,95.204,308.236
49.946,-10.955,8.909,4.219,94.064,308.542
49.984,-10.939,9.133,4.941,93.054,308.915
49.967,-10.961,9.3,4.594,93.168,308.199
49.959,-10.988,9.307,4.604,93.387,308.711
49.983,-10.985,9.41,3.853,94.149,308.71
50.03,-11.009,9.713,4.718,92.927,308.571
50.019,-11.009,9.938,5.034,92.544,308.746
50.037,-11.011,10.07,5.047,92.625,308.988
50.038,-11.045,10.231,5.873,91.863,309.193
50.039,-11.087,10.432,5.476,92.245,309.066
50.025,-11.17,10.706,6.114,91.503,309.32
50.006,-11.242,11.011,8.067,89.666,309.226
49.975,-11.368,11.306,8.776,88.921,309.581
49.973,-11.438,11.545,8.079,89.71,309.237
50.008,-11.541,11.902,9.129,88.266,309.451
49.985,-11.602,12.281,10.599,86.914,309.822
49.976,-11.643,12.693,11.569,85.933,310.119
49.953,-11.691,13.138,12.017,85.185,309.946
49.901,-11.751,13.552,13.582,83.726,310.155
49.87,-11.768,13.967,13.946,83.222,310.24
49.852,-11.775,14.421,14.369,82.645,310.191
49.816,-11.785,14.881,15.627,81.324,310.434
49.816,-11.83,15.27,16.898,79.748,310.461
49.811,-11.827,15.551,16.48,80.041,310.411
49.8,-11.848,15.919,17.728,78.871,310.952
49.803,-11.856,16.301,17.949,78.373,311.138
49.802,-11.858,16.702,19.441,76.727,311.197
49.827,-11.833,17.112,19.643,76.002,310.72
49.835,-11.771,17.496,20.283,75.31,310.993
49.872,-11.695,17.849,20.846,74.474,311.127
49.973,-11.583,18.205,20.709,73.919,311.083
50.043,-11.509,18.562,20.297,73.921,311.591
50.084,-11.46,18.901,21.278,72.564,311.657
50.104,-11.419,19.263,22.07,71.592,311.935
50.13,-11.372,19.558,21.701,71.718,311.605
50.145,-11.317,19.863,22.256,71.113,311.507
50.164,-11.277,20.209,22.798,70.389,311.635
50.208,-11.193,20.517,24.089,68.745,311.777
50.232,-11.14,20.751,23.983,68.675,311.846
50.269,-11.082,20.915,24.019,68.587,311.859
50.329,-11.03,21.123,24.52,67.651,311.614
50.365,-10.951,21.388,24.856,66.944,311.511
50.391,-10.822,21.657,25.702,65.909,311.438
50.389,-10.751,21.973,26.681,64.631,311.776
50.354,-10.672,22.228,27.067,64.227,311.359
50.352,-10.617,22.497,27.927,63.272,311.363
50.382,-10.538,22.654,27.754,63.442,311.321
50.399,-10.493,22.921,28.556,62.333,311.445
50.367,-10.414,23.228,29.194,61.508,311.225
50.333,-10.384,23.526,29.941,60.672,311.811
50.339,-10.32,23.723,29.638,60.704,311.654
50.289,-10.23,24.034,29.815,60.466,311.431
50.206,-10.092,24.417,30.698,59.318,311.239
50.158,-9.985,24.73,31.602,58.258,312.392
50.099,-9.87,24.937,31.232,58.606,312.305
49.997,-9.797,25.271,31.871,57.671,312.313
49.872,-9.664,25.586,32.242,57.409,312.212
49.781,-9.558,25.86,32.249,57.19,312.48
49.686,-9.419,26.165,33.402,55.891,313.19
49.603,-9.217,26.49,33.977,55.214,312.872
49.521,-9.033,26.902,35.446,53.461,313.225
49.458,-8.885,27.22,36.418,52.247,313.208
49.396,-8.795,27.447,36.784,51.863,314.027
49.322,-8.655,27.748,36.684,51.713,313.478
49.22,-8.491,28.145,37.798,50.408,313.508
49.12,-8.3,28.497,39.171,49.201,313.879
49.077,-8.101,28.791,39.652,48.434,314.22
49.063,-7.865,29.103,40.263,47.303,314.565
49.009,-7.639,29.415,40.658,46.684,314.661
48.926,-7.428,29.756,41.392,45.676,314.378
48.845,-7.232,30.062,42.033,44.982,315.02
48.772,-7.014,30.332,42.909,44.095,315.058
48.689,-6.774,30.653,43.749,42.991,315.168
48.632,-6.555,30.938,44.355,42.259,315.598
48.591,-6.384,31.154,44.5,41.857,315.7
48.547,-6.19,31.383,44.793,41.399,315.945
48.483,-5.966,31.698,45.669,40.234,316.164
48.431,-5.704,32.026,46.288,39.284,316.388
48.417,-5.437,32.287,46.841,38.546,316.734
48.372,-5.242,32.489,46.838,38.265,317.1
48.366,-5.005,32.671,46.624,38.559,317.696
48.39,-4.71,32.831,47.421,37.434,317.699
48.336,-4.465,33.006,48.561,35.92,317.121
48.234,-4.261,33.248,48.928,35.428,317.737
48.146,-4.064,33.518,48.832,35.507,318.359
48.094,-3.845,33.744,48.634,35.372,318.894
48.01,-3.548,33.998,49.305,34.439,318.628
47.896,-3.273,34.257,49.877,33.638,318.957
47.792,-3.026,34.519,50.461,32.841,319.756
47.702,-2.816,34.731,51.098,32.136,319.721
47.584,-2.627,34.962,51.881,31.337,319.833
47.416,-2.418,35.242,52.828,30.32,320.024
47.27,-2.18,35.532,54.12,28.771,320.658
47.118,-2.043,35.744,54.207,28.455,320.946
47.033,-1.903,35.912,55.006,27.756,321.024
46.936,-1.755,36.091,55.753,27.12,321.792
46.803,-1.597,36.318,56.492,26.457,321.94
46.668,-1.448,36.567,56.921,25.965,322.462
46.596,-1.315,36.759,57.498,25.332,322.379
46.603,-1.209,36.89,57.255,25.369,322.601
46.612,-1.021,37.022,57.837,24.624,322.468
46.632,-0.812,37.183,58.059,24.169,322.92
46.619,-0.643,37.327,58.254,23.759,323.02
46.601,-0.45,37.488,58.71,23.315,323.085
46.569,-0.265,37.679,59.721,22.201,323.268
46.546,-0.085,37.856,59.921,21.787,323.264
46.513,0.112,38.039,60.357,21.218,323.648
46.472,0.304,38.201,60.33,20.968,323.981
46.408,0.506,38.382,61.391,19.958,324.002
46.372,0.672,38.528,61.423,19.866,324.696
46.342,0.785,38.604,61.578,19.593,324.766
46.304,0.883,38.725,61.767,19.255,325.007
46.29,1.047,38.831,62.943,18.538,324.586
46.238,1.138,38.943,62.708,18.55,325.157
46.23,1.217,39.068,63.385,17.898,325.165
46.141,1.287,39.224,63.087,18.152,325.642
46.042,1.417,39.385,63.548,17.934,325.615
46.013,1.627,39.548,63.893,17.385,325.896
45.961,1.764,39.701,63.717,17.393,326.342
45.895,1.871,39.804,64.098,17.289,326.028
45.795,1.999,39.959,63.778,17.403,326.46
45.714,2.149,40.098,64.261,16.747,326.4
45.638,2.216,40.193,63.936,17.165,326.474
45.53,2.304,40.339,64.058,16.895,326.886
45.411,2.458,40.502,64.956,16.376,326.646
45.317,2.566,40.64,64.934,16.352,326.638
45.214,2.684,40.8,65.399,15.804,326.08
45.086,2.904,40.944,65.952,15.479,325.111
45.015,3.152,41.07,66.362,14.807,325.092
45.004,3.416,41.097,66.346,14.608,325.324
44.946,3.749,41.157,67.163,14.035,324.965
45.54,4.059,40.852,58.262,340.459,7.856
45.52,4.172,40.928,58.624,340.853,7.683
45.441,4.101,40.975,58.665,340.439,8.631
44.757,4.245,41.485,68.089,12.797,324.861
45.424,4.345,41.102,58.506,340.859,6.923
44.765,4.581,41.607,68.497,12.192,325.068
45.422,4.523,41.193,58.599,341.277,8.48
45.424,4.439,41.192,58.78,341.094,8.395
45.448,4.408,41.186,58.629,340.969,8.149
45.481,4.357,41.158,58.756,341.117,8.867
45.528,4.205,41.057,58.712,340.721,8.558
45.593,4.105,41.002,58.599,340.569,8.157
45.645,3.993,40.947,58.722,340.624,9.075
45.696,3.814,40.865,58.575,340.255,9.01
45.204,3.697,41.17,66.973,13.842,325.022
45.26,3.424,41,66.217,14.504,325.081
45.254,3.208,40.854,66.15,14.99,325.388
45.305,3.092,40.704,65.673,15.055,325.497
45.331,2.925,40.535,64.947,15.767,326.365
45.351,2.721,40.364,63.981,16.748,327.291
45.36,2.49,40.181,63.695,17.294,326.977
45.432,2.173,39.939,63.184,17.795,326.912
45.43,1.687,39.642,62.644,18.87,326.387
45.402,1.305,39.366,62.225,19.831,325.896
45.481,1.067,39.119,61.729,20.369,325.545
45.594,0.739,38.879,60.349,21.501,325.278
45.698,0.303,38.596,59.334,22.785,324.232
45.726,-0.025,38.395,57.978,24.349,324.667
45.742,-0.244,38.267,58.5,23.947,324.421
45.797,-0.459,38.05,58.042,24.582,324.033
45.87,-0.684,37.82,57.237,25.547,323.555
45.924,-0.819,37.635,57.022,25.827,323.259
45.946,-0.961,37.503,56.94,26.066,323.249
45.934,-1.1,37.397,56.802,26.396,322.981
45.931,-1.186,37.321,56.612,26.786,322.471
45.983,-1.285,37.162,56.324,27.158,322.021
46.012,-1.415,37.009,55.683,27.766,321.525
46.016,-1.547,36.85,55.858,27.657,321.358
46.03,-1.673,36.639,55.294,28.668,321.471
46.118,-1.765,36.481,55.124,28.704,321.638
46.16,-1.893,36.322,55.054,28.693,320.854
46.163,-2.04,36.184,54.848,29.422,320.452
46.229,-2.113,36.114,54.641,29.36,320.523
46.255,-2.193,36.032,54.252,29.883,320.558
46.29,-2.327,35.933,54.117,30.155,319.829
46.366,-2.45,35.811,53.655,30.499,319.972
46.375,-2.539,35.692,53.621,30.704,319.492
46.419,-2.632,35.583,53.469,30.803,319.869
46.433,-2.701,35.457,53.343,31.063,319.373
46.456,-2.792,35.386,53.442,31.048,319.5
46.481,-2.876,35.281,53.174,31.41,319.62
46.495,-3.005,35.207,52.762,31.864,319.804
46.527,-3.068,35.131,52.975,31.692,319.815
46.562,-3.161,35.051,52.969,31.746,319.882
46.586,-3.291,34.954,52.836,32.124,319.402
46.609,-3.375,34.859,52.584,32.47,319.652
46.604,-3.445,34.812,52.795,32.26,319.503
46.593,-3.498,34.758,52.631,32.557,319.282
46.605,-3.558,34.682,52.535,32.686,319.113
46.606,-3.628,34.592,52.531,32.784,318.824
46.595,-3.667,34.53,52.494,32.949,318.816
46.601,-3.734,34.484,52.454,32.954,319.106
46.63,-3.825,34.382,52.351,33.192,318.592
46.673,-3.944,34.255,52.058,33.533,318.513
46.702,-4.11,34.106,51.706,34.026,318.602
46.75,-4.317,33.873,51.537,34.592,318.325
46.837,-4.465,33.618,51.471,34.61,318.09
46.892,-4.591,33.443,51.052,35.164,317.928
46.92,-4.718,33.307,50.978,35.496,318.088
46.94,-4.856,33.136,51.522,34.793,317.143
46.957,-5.11,32.945,50.5,36.482,317.788
46.963,-5.255,32.75,50.442,36.636,317.644
46.982,-5.385,32.614,50.052,37.249,317.432
47.003,-5.529,32.435,50.018,37.329,317.208
47.035,-5.751,32.195,49.65,37.918,316.937
47.021,-5.977,31.964,50.004,38.127,316.58
47.025,-6.168,31.737,50.319,38.107,316.31
47.076,-6.343,31.5,50.2,38.215,316.134
47.101,-6.549,31.196,49.869,38.98,316.565
47.135,-6.694,30.931,50.876,38.159,315.616
47.179,-6.87,30.672,50.923,38.223,315.494
47.213,-7.089,30.363,50.231,39.235,315.455
47.23,-7.275,30.015,50.326,39.364,315.057
47.261,-7.495,29.703,50.513,39.57,314.767
47.317,-7.725,29.317,49.539,40.763,314.847
47.376,-7.897,28.939,49.783,40.686,313.617
47.438,-8.069,28.556,49.887,40.908,313.909
47.508,-8.255,28.141,49.696,41.235,313.518
47.564,-8.463,27.731,48.57,42.503,313.364
47.585,-8.604,27.356,48.281,43.127,312.921
47.612,-8.749,26.988,47.407,44.293,312.781
47.678,-8.915,26.582,46.541,45.352,312.435
47.72,-9.088,26.189,45.809,46.244,312.181
47.769,-9.148,25.83,45.728,46.661,311.566
47.849,-9.192,25.52,45.625,46.695,311.84
47.941,-9.281,25.125,44.788,47.477,311.781
48.043,-9.419,24.675,43.346,48.987,311.455
48.126,-9.523,24.279,42.93,49.544,311.135
48.179,-9.59,23.908,41.948,50.675,310.653
48.278,-9.635,23.454,40.94,51.648,310.377
48.346,-9.69,23.029,40.201,52.501,309.733
48.375,-9.775,22.675,39.238,53.642,309.828
48.421,-9.856,22.375,39.137,53.891,309.81
48.458,-9.967,22.036,37.996,55.107,309.291
48.496,-10.092,21.767,37.653,55.698,309.458
48.537,-10.199,21.531,36.465,56.74,308.969
48.546,-10.335,21.25,36.176,57.375,308.661
48.608,-10.437,20.938,35.934,57.675,308.498
48.699,-10.545,20.54,35.18,58.704,308.888
48.788,-10.652,20.083,33.492,60.35,308.024
48.885,-10.761,19.648,31.966,62.007,307.731
48.977,-10.886,19.284,31.422,62.492,307.317
49.022,-10.993,18.931,29.974,63.987,307.492
49.087,-11.044,18.647,30.04,64.095,307.304
49.143,-11.078,18.303,28.501,65.773,307.284
49.22,-11.149,17.983,27.574,66.574,307.19
49.243,-11.233,17.639,25.225,69.045,306.784
49.249,-11.305,17.337,25.017,69.448,306.742
49.286,-11.292,17.025,23.912,70.569,306.492
49.365,-11.233,16.745,24.293,70.298,306.412
49.446,-11.123,16.375,24.251,70.364,306.502
49.515,-11.046,15.934,22.091,72.441,306.356
49.531,-11.05,15.603,20.168,74.326,305.643
49.549,-11.05,15.282,20.83,73.829,305.697
49.614,-11.037,14.887,18.338,76.332,305.653
49.66,-11.05,14.44,17.662,77.206,306.05
49.705,-11.074,13.985,16.586,78.624,305.689
49.742,-11.08,13.657,15.693,79.586,305.553
49.788,-11.02,13.368,14.882,80.347,305.478
49.84,-10.973,13.064,14.694,80.815,305.611
49.917,-10.987,12.769,13.901,81.418,305.131
49.963,-10.975,12.433,11.707,83.834,305.132
50.04,-10.962,12.189,10.363,85.017,305.259
50.056,-10.994,12.046,12.188,83.278,305.465
50.074,-10.978,11.867,10.025,85.554,305.165
50.127,-10.927,11.724,9.711,85.733,304.802
50.169,-10.895,11.545,10.57,85.017,305.111
50.22,-10.877,11.293,9.826,85.859,304.966
50.267,-10.865,11.088,8.143,87.443,304.756
50.293,-10.821,10.936,6.597,89.044,304.417
50.337,-10.801,10.838,7.151,88.414,304.58
50.375,-10.726,10.694,7.18,88.269,304.459
50.389,-10.689,10.568,7.064,88.417,304.346
50.4,-10.655,10.426,5.923,89.601,304.226
50.411,-10.664,10.331,6.153,89.429,304.35
50.399,-10.68,10.252,5.537,90.115,304.122
50.412,-10.695,10.189,5.614,90.12,304.261
50.39,-10.711,10.166,5.671,90.111,304.228
50.385,-10.685,10.19,5.557,90.111,304.238
50.37,-10.663,10.193,5.485,90.194,303.97
50.365,-10.658,10.149,6.339,89.432,304.534
50.376,-10.64,10.145,6.092,89.62,304.367
50.386,-10.65,10.124,5.995,89.746,304.16
50.383,-10.647,9.997,4.054,91.703,304.271
50.382,-10.669,9.97,3.727,91.945,303.953
50.377,-10.664,9.974,3.935,91.796,304.001
50.385,-10.65,9.984,4.728,91.024,304.043
50.381,-10.617,9.992,4.344,91.55,304.242
50.38,-10.627,10.066,4.711,91.033,304.182
50.372,-10.641,10.124,5.627,90.163,304.112
50.37,-10.649,10.131,5.919,89.9,304.247
50.356,-10.667,10.141,5.026,90.799,304.03
50.352,-10.701,10.145,5.962,89.853,304.342
50.337,-10.73,10.151,6.523,89.491,304.549
50.318,-10.778,10.158,5.983,90.03,304.602
50.315,-10.794,10.177,5.874,90.152,304.276
50.322,-10.782,10.164,5.306,90.746,304.252
50.332,-10.781,10.177,5.356,90.733,304.458
50.328,-10.785,10.185,5.739,90.383,304.486
50.313,-10.825,10.189,5.448,90.495,304.241
50.307,-10.83,10.197,5.426,90.667,304.463
50.302,-10.838,10.235,5.295,90.812,304.49
50.287,-10.886,10.238,5.252,90.865,304.674
50.272,-10.919,10.209,5.384,90.902,304.898
50.263,-10.96,10.207,5.216,91.011,304.678
50.257,-10.968,10.226,5.562,90.655,304.636
50.266,-10.946,10.226,5.208,91.025,304.794
50.272,-10.925,10.224,5.256,90.919,304.817
50.272,-10.911,10.237,5.394,90.743,304.952
50.277,-10.907,10.258,4.793,91.263,305.013
50.271,-10.917,10.249,5.771,90.373,304.93
50.266,-10.91,10.226,4.939,91.237,304.869
50.27,-10.906,10.227,5.074,91.098,304.939
50.284,-10.897,10.231,5.575,90.47,304.985
50.283,-10.886,10.237,5.469,90.574,304.8
50.301,-10.864,10.232,5.017,90.93,304.586
50.297,-10.853,10.228,5.027,90.997,304.639
50.299,-10.838,10.227,5.179,90.798,304.596
50.302,-10.837,10.217,5.646,90.34,304.49
50.313,-10.836,10.167,5.038,90.909,304.51
50.32,-10.847,10.157,5.465,90.563,304.364
50.315,-10.867,10.129,6.069,90.096,304.49
50.322,-10.84,10.037,4.331,92.032,304.606
50.353,-10.811,10.028,3.631,92.451,304.181
50.338,-10.8,9.993,3.817,92.328,304.312
50.341,-10.786,9.973,3.525,92.616,304.214
50.353,-10.792,9.968,3.583,92.552,304.459
50.338,-10.831,10.003,4.177,91.952,304.261
50.333,-10.858,10.001,4.462,91.708,304.468
50.333,-10.88,9.985,4.962,91.247,304.565
50.347,-10.897,9.952,5.452,90.788,304.879
50.362,-10.899,9.909,5.412,90.858,305.016
50.366,-10.881,9.798,3.064,93.215,304.929
50.389,-10.88,9.762,3.869,92.442,305.178
50.395,-10.889,9.749,3.867,92.375,305.135
50.386,-10.91,9.766,4.231,92.076,305.112
50.388,-10.921,9.774,3.463,92.779,304.821
50.372,-10.937,9.786,3.199,93.019,304.896
50.374,-10.92,9.791,2.686,93.576,305.088
50.365,-10.937,9.835,3.547,92.74,305.029
50.37,-10.932,9.823,3.164,93.04,304.857
50.373,-10.931,9.783,3.111,93.093,305.028
50.373,-10.937,9.782,3.347,92.893,304.823
50.38,-10.935,9.757,3.506,92.797,304.859
50.392,-10.946,9.743,3.657,92.58,305.023
50.383,-10.963,9.752,3.234,92.935,304.849
50.374,-10.964,9.73,2.857,93.35,304.717
50.39,-10.965,9.735,3.588,92.571,304.906
50.401,-10.94,9.732,3.354,92.747,304.774
50.409,-10.931,9.722,3.785,92.325,304.995
50.413,-10.922,9.723,3.729,92.353,304.933
50.411,-10.933,9.751,3.861,92.222,304.891
50.41,-10.912,9.761,2.634,93.467,304.897
50.403,-10.929,9.879,4.551,91.417,304.803
50.396,-10.831,9.975,3.556,92.36,304.28
50.494,-10.549,10.259,5.913,89.173,304.015
50.573,-10.124,10.59,7.837,86.425,303.391
50.634,-9.737,10.702,8.222,85.733,302.95
50.665,-9.598,10.689,9.155,84.877,302.877
50.646,-9.706,10.659,9.565,84.78,303.238
50.639,-9.939,10.701,8.211,86.255,303.471
50.584,-10.223,10.784,7.89,86.749,303.475
50.539,-10.402,10.814,8.707,86.218,303.351
50.55,-10.471,10.8,8.31,86.648,303.391
50.562,-10.464,10.755,7.862,87.209,303.306
50.577,-10.41,10.769,7.486,87.468,303.065
50.629,-10.301,10.875,7.974,86.863,303.453
50.661,-10.243,11.058,10.106,84.518,303.551
50.617,-10.271,11.146,9.704,85.073,303.399
50.584,-10.412,11.214,9.419,85.486,303.72
50.567,-10.631,11.3,10.827,84.205,304.046
50.549,-10.839,11.298,10.706,84.584,303.761
50.563,-10.963,11.316,11.37,84.171,304.254
50.626,-10.929,11.401,10.173,85.104,304.011
50.669,-10.879,11.645,11.687,83.25,303.762
50.648,-10.841,11.82,11.86,83.066,303.999
50.626,-10.848,12.011,12.523,82.331,303.782
50.625,-10.88,12.153,13.281,81.713,304.09
50.613,-10.896,12.268,14.006,80.993,304.142
50.611,-10.91,12.452,14.928,79.951,304.244
50.611,-10.871,12.639,13.921,80.747,304.212
50.607,-10.83,12.9,15.108,79.432,304.425
50.589,-10.81,13.227,17.21,77.178,304.226
50.56,-10.783,13.472,17.246,77.107,304.431
50.53,-10.781,13.75,17.817,76.292,304.435
50.51,-10.796,14.057,18.799,75.035,304.686
50.452,-10.811,14.448,19.402,74.323,304.556
50.375,-10.822,14.981,21.842,71.785,304.769
50.34,-10.799,15.499,23.124,70.377,304.864
50.33,-10.732,16.006,24.514,68.546,305.142
50.347,-10.597,16.549,25.365,67.083,305.301
50.365,-10.362,17.138,26.419,65.503,306.056
50.414,-10.003,17.858,29.189,61.978,306.707
50.443,-9.597,18.56,30.001,60.233,306.329
50.417,-9.383,19.143,31.959,57.839,307.163
50.287,-9.448,19.684,33.875,56.008,307.785
50.169,-9.676,20.078,35.314,54.944,307.081
50.102,-10.019,20.315,35.614,55.114,307.779
50.151,-10.209,20.501,35.134,55.697,308.11
50.322,-10.136,20.889,36.153,54.308,307.61
50.497,-9.934,21.386,37.93,51.816,308.111
50.541,-9.765,21.929,38.903,50.586,308.083
50.543,-9.617,22.44,40.444,48.717,308.666
50.54,-9.47,22.865,41.875,47.229,308.931
50.536,-9.271,23.309,42.574,46.215,308.78
50.504,-9.084,23.801,43.858,44.575,309.313
50.39,-9.101,24.247,45.41,43.015,310.145
50.229,-9.335,24.515,46.473,42.469,310.252
50.174,-9.513,24.622,46.295,43.283,310.731
50.222,-9.506,24.878,45.793,43.456,310.749
50.253,-9.328,25.271,45.886,42.863,310.245
50.252,-9.117,25.741,47.662,40.811,310.296
50.223,-8.959,26.081,48.116,40.179,311.095
50.196,-8.846,26.371,48.333,39.598,311.453
50.141,-8.712,26.671,48.701,39.398,310.78
50.094,-8.577,26.972,49.178,38.625,311.344
50.043,-8.474,27.242,49.641,37.953,311.488
49.976,-8.316,27.581,50.051,37.505,311.8
49.931,-8.108,27.967,51.044,36.166,312.19
49.909,-7.92,28.274,51.447,35.511,312.018
49.866,-7.802,28.598,51.974,34.748,311.948
49.805,-7.693,28.919,52.163,34.435,312.836
49.805,-7.586,29.242,52.533,33.737,313.257
49.798,-7.452,29.518,52.338,33.578,313.196
49.812,-7.186,29.833,52.838,32.651,313.481
49.791,-6.832,30.223,53.97,31.071,313.488
49.717,-6.433,30.663,54.848,29.512,313.73
49.621,-6.075,31.026,56.125,27.786,314.142
49.538,-5.874,31.305,56.262,27.411,314.302
49.476,-5.717,31.563,56.679,26.811,315.037
49.419,-5.517,31.809,57.198,26.27,315.655
49.379,-5.302,32.032,58.762,24.385,315.712
49.328,-5.152,32.235,58.391,24.494,316.211
49.284,-4.905,32.461,59.745,22.864,316.268
49.214,-4.686,32.744,61.008,21.653,316.222
49.16,-4.541,32.97,60.886,21.758,316.625
49.172,-4.322,33.123,61.462,20.86,317.094
49.201,-4.065,33.358,61.714,20.217,317.453
49.172,-3.846,33.605,62.478,19.342,318.011
49.116,-3.671,33.824,63.78,18.121,317.661
49.128,-3.556,34.01,63.856,17.701,317.958
49.131,-3.451,34.162,63.713,18.096,318.221
49.109,-3.212,34.406,64.447,17.059,318.46
49.078,-2.865,34.745,65.3,15.867,318.501
49.034,-2.61,35.024,65.096,16.063,319.418
49.02,-2.341,35.202,65.763,15.157,319.585
49.026,-2.159,35.399,66.071,14.91,319.79
49.044,-1.924,35.503,67.078,13.727,319.766
49.05,-1.697,35.662,68.825,12.01,319.524
48.966,-1.456,35.894,69.592,11.507,320.05
48.888,-1.124,36.162,70.548,10.603,320.397
48.836,-0.857,36.415,70.972,10.185,320.89
48.79,-0.661,36.627,72.394,9.457,320.954
48.808,-0.382,36.821,72.668,8.888,321.271
48.939,0.048,36.986,72.912,8.124,321.395
49.498,0.258,36.7,63.386,343.971,17.186
48.975,0.357,37.393,74.775,6.737,320.558
48.906,0.269,37.641,75.492,6.67,320.402
48.868,0.286,37.841,75.449,6.902,320.687
49.421,0.421,37.525,64.355,344.33,15.779
49.584,0.697,37.623,65.101,345.304,17.315
49.695,0.813,37.659,65.051,345.716,16.392
49.628,0.937,37.803,64.914,345.6,15.163
49.012,1.154,38.408,78.807,4.537,320.463
48.919,1.147,38.377,78.327,5.105,320.507
48.768,1.242,38.365,78.676,5.072,320.465
48.707,1.403,38.383,78.974,4.921,320.61
49.133,1.36,37.973,65.377,345.738,14.079
48.998,1.48,38.116,65.641,346.032,14.418
48.969,1.597,38.261,65.372,345.892,14.437
48.89,1.76,38.414,65.256,346.037,13.49
48.805,1.99,38.654,65.178,346.22,12.261
48.692,2.191,38.811,65.474,346.81,11.848
48.449,2.251,38.841,66.61,11.618,340.923
48.36,2.374,38.958,66.091,11.602,343.268
48.226,2.408,39.035,67.135,10.494,339.925
48.361,2.625,39.383,65.467,346.844,12.627
48.26,2.825,39.354,66.945,10.821,340.909
48.229,3.03,39.472,66.616,10.55,342.786
48.281,3.187,39.799,65.512,347.561,11.338
48.111,3.32,39.761,66.755,10.373,342.593
47.996,3.471,39.936,65.358,11.043,345.249
48.064,3.474,40.16,65.366,347.693,10.254
47.934,3.471,40.094,67.024,10.727,340.995
47.905,3.482,40.117,66.837,10.724,341.799
48,3.509,40.312,65.649,347.736,10.827
47.891,3.495,40.254,67.554,10.329,339.887
47.911,3.543,40.301,67.579,10.151,340.342
48.07,3.603,40.494,65.797,348.154,10.404
47.967,3.601,40.399,67.631,9.939,341.334
47.926,3.669,40.515,67.459,9.997,342.059
48.064,3.832,40.701,66.29,348.896,9.902
47.95,3.979,40.647,68.074,9.019,341.559
47.926,4.096,40.722,68.104,8.829,341.819
47.994,4.265,40.948,66.241,349.782,9.907
47.857,4.45,40.932,69.554,7.567,339.15
47.819,4.651,41.048,69.487,7.352,339.769
47.797,4.815,41.256,66.475,350.805,10.039
47.658,4.983,41.291,69.698,7.145,339.124
47.546,5.216,41.387,69.735,6.917,339.344
46.947,5.422,41.891,65.705,350.73,19.664
47.377,5.659,41.685,66.133,351.321,8.877
47.203,5.736,41.603,70.845,6.016,336.899
47.119,5.786,41.616,70.106,6.58,338.245
47.188,5.873,41.64,65.786,351.159,8.423
47.078,5.866,41.545,70.502,6.184,337.524
47.082,5.773,41.511,70.34,6.337,337.727
47.21,5.653,41.551,65.951,350.988,8.696
47.201,5.527,41.367,70.536,6.277,336.855
47.29,5.435,41.351,70.5,6.44,335.954
47.448,5.404,41.429,65.439,350.585,7.918
47.439,5.348,41.283,69.574,6.871,338.535
47.462,5.297,41.293,69.478,7.127,338.461
47.597,5.274,41.384,65.547,350.352,8.701
47.566,5.226,41.227,69.008,7.517,339.089
47.616,5.176,41.167,69.264,7.563,338.322
47.759,5.147,41.177,65.222,350.043,7.979
47.763,5.116,41.013,68.358,8.166,340.076
47.85,5.081,40.964,68.592,8.151,339.034
47.956,5.006,41.035,65.11,349.525,8.485
47.896,4.902,40.907,67.932,8.854,340.026
47.91,4.87,40.839,68.173,8.761,339.227
48.032,4.891,40.941,64.9,349.217,8.804
48.029,4.786,40.819,67.741,9.171,339.878
48.094,4.629,40.742,67.942,9.337,338.326
47.672,4.427,40.96,63.086,348.577,17.128
47.679,4.348,40.848,63.018,349.003,18.657
47.745,4.218,40.758,62.628,348.821,18.448
47.753,4.176,40.745,62.585,348.662,18.159
47.789,4.188,40.728,62.52,348.722,18.083
47.811,4.173,40.697,62.458,348.688,17.903
47.791,4.199,40.699,62.445,348.693,17.911
47.778,4.217,40.706,62.426,348.666,17.947
47.766,4.212,40.696,62.3,348.624,17.746
47.759,4.205,40.672,62.211,348.457,17.558
47.739,4.198,40.656,62.095,348.37,17.432
47.748,4.227,40.619,62.122,348.476,17.389
47.765,4.179,40.58,62.224,348.546,17.56
47.787,4.109,40.526,62.287,348.529,17.583
47.825,4.074,40.484,62.163,348.262,17.348
47.882,4.06,40.448,62.221,348.249,17.101
47.919,4.026,40.425,62.209,348.253,16.824
47.92,4.027,40.416,62.112,348.288,16.863
47.921,4.02,40.414,61.979,348.193,16.655
47.913,3.994,40.387,61.986,348.199,16.667
47.898,3.967,40.334,61.988,348.214,16.65
47.862,3.978,40.296,61.838,348.158,16.455
47.812,3.976,40.251,61.702,348.097,16.279
47.769,3.971,40.221,61.769,348.033,16.449
47.731,3.976,40.232,61.941,348.091,16.76
47.724,3.954,40.177,61.887,348.071,16.644
47.753,3.893,40.127,61.814,347.941,16.5
