-3.4906586697860414e-05, -8.726646064915904e-05, -0.0007853981946063673, -0.00010471975602991991, 6.981317339572083e-05, 0.00012217305141068078, 3.4906586697860414e-05, 0.05002399826049805
-3.4906586697860414e-05, -0.00010471975602991991, -0.0007853981946063673, -0.00012217305141068078, 6.981317339572083e-05, 0.00012217305141068078, 3.4906586697860414e-05, 0.05002399826049805
-1.7453293348930207e-05, -8.726646064915904e-05, -0.0007853981946063673, -0.00012217305141068078, 6.981317339572083e-05, 0.00013962634679144165, 3.4906586697860414e-05, 0.05002399826049805
-3.4906586697860414e-05, -0.00010471975602991991, -0.0007853981946063673, -0.00012217305141068078, 6.981317339572083e-05, 0.00012217305141068078, 3.4906586697860414e-05, 0.05002399826049805
-3.4906586697860414e-05, -0.00010471975602991991, -0.0008028514574778376, -0.00012217305141068078, 6.981317339572083e-05, 0.00012217305141068078, 3.4906586697860414e-05, 0.05002399826049805
-1.7453293348930207e-05, -0.00010471975602991991, -0.0007853981946063673, -0.00012217305141068078, 6.981317339572083e-05, 0.00012217305141068078, 3.4906586697860414e-05, 0.05002399826049805
-3.4906586697860414e-05, -8.726646064915904e-05, -0.0007853981946063673, -0.00012217305141068078, 6.981317339572083e-05, 0.00012217305141068078, 3.4906586697860414e-05, 0.05002399826049805
-3.4906586697860414e-05, -0.00010471975602991991, -0.0007853981946063673, -0.00012217305141068078, 6.981317339572083e-05, 0.00012217305141068078, 3.4906586697860414e-05, 0.05002399826049805
-3.4906586697860414e-05, -8.726646064915904e-05, -0.0007853981946063673, -0.00012217305141068078, 6.981317339572083e-05, 0.00012217305141068078, 3.4906586697860414e-05, 0.05002399826049805
-3.4906586697860414e-05, -0.00010471975602991991, -0.0007853981946063673, -0.00012217305141068078, 6.981317339572083e-05, 0.00012217305141068078, 3.4906586697860414e-05, 0.05002399826049805
-1.7453293348930207e-05, -0.00010471975602991991, -0.0007853981946063673, -0.00012217305141068078, 6.981317339572083e-05, 0.00012217305141068078, 3.4906586697860414e-05, 0.05002399826049805
-1.7453293348930207e-05, -8.726646064915904e-05, -0.0008028514574778376, -0.00012217305141068078, 6.981317339572083e-05, 0.00012217305141068078, 3.4906586697860414e-05, 0.05002399826049805
-3.4906586697860414e-05, -0.00010471975602991991, -0.0007853981946063673, -0.00012217305141068078, 6.981317339572083e-05, 0.00012217305141068078, 3.4906586697860414e-05, 0.05002399826049805
-3.4906586697860414e-05, -8.726646064915904e-05, -0.0007853981946063673, -0.00012217305141068078, 6.981317339572083e-05, 0.00012217305141068078, 3.4906586697860414e-05, 0.05002399826049805
-1.7453293348930207e-05, -0.00010471975602991991, -0.0007853981946063673, -0.00012217305141068078, 6.981317339572083e-05, 0.00012217305141068078, 3.4906586697860414e-05, 0.05002399826049805
-3.4906586697860414e-05, -0.00010471975602991991, -0.0007853981946063673, -0.00012217305141068078, 6.981317339572083e-05, 0.00013962634679144165, 3.4906586697860414e-05, 0.05002399826049805
-3.4906586697860414e-05, -8.726646064915904e-05, -0.0007853981946063673, -0.00012217305141068078, 6.981317339572083e-05, 0.00013962634679144165, 3.4906586697860414e-05, 0.05002399826049805
-3.4906586697860414e-05, -0.00010471975602991991, -0.0007853981946063673, -0.00010471975602991991, 6.981317339572083e-05, 0.00013962634679144165, 3.4906586697860414e-05, 0.05002399826049805
-5.235987801495996e-05, -0.00010471975602991991, -0.0007853981946063673, -0.00012217305141068078, 6.981317339572083e-05, 0.00013962634679144165, 3.4906586697860414e-05, 0.05002399826049805
-0.00013962634679144165, -0.00013962634679144165, -0.0008028514574778376, -0.00012217305141068078, 6.981317339572083e-05, 0.00019198621667907895, 3.4906586697860414e-05, 0.05002399826049805
-0.000366519137977397, -0.00019198621667907895, -0.0007853981946063673, -0.00012217305141068078, 8.726646064915904e-05, 0.0002792526935828833, 5.235987801495996e-05, 0.05002399826049805
-0.0010471975277899085, -0.0003141592518351144, -0.0007679448667163158, -0.00010471975602991991, 8.726646064915904e-05, 0.0004886922056427231, 6.981317339572083e-05, 0.05002399826049805
-0.0016755160964787186, -0.0005235987638949542, -0.0006981316851932723, -0.00010471975602991991, 0.00012217305141068078, 0.0008028514574778376, 8.726646064915904e-05, 0.05002399826049805
-0.0025481806704610185, -0.0008726646390008811, -0.0004886922056427231, -3.4906586697860414e-05, 0.0002268928074406007, 0.00169296942436877, 0.00017453292129831807, 0.05002399826049805
-0.003874630989361682, -0.0014486232240195367, 0.0002268928074406007, 0.0002617993819474771, 0.0004886922056427231, 0.0027052603613971567, 0.0002967059889636442, 0.05002399826049805
-0.005358160999198484, -0.0022514746164787928, 0.0016057029149556751, 0.0009948376741569164, 0.0009075712297624028, 0.0038920843172517336, 0.0005585053871657666, 0.05002399826049805
-0.007243116250134845, -0.0030019664153793824, 0.0031415927784254694, 0.0016231562428457265, 0.0014486232240195367, 0.005532693757950349, 0.0010122909370283866, 0.05002399826049805
-0.009442231403092135, -0.003961897368737614, 0.005532693757950349, 0.0030368728110851603, 0.002356194583819102, 0.007749261978723364, 0.0014835298797996395, 0.05002399826049805
-0.01185078597058139, -0.004974188305766001, 0.007976154461071059, 0.00443313644154603, 0.0032986722092872827, 0.009948376611532002, 0.002094395055579817, 0.05002399826049805
-0.014905111329333627, -0.006614798006538942, 0.01110029365153215, 0.006649704662319045, 0.0045029492329575855, 0.01254891700558885, 0.0024434609631950343, 0.05002399826049805
-0.018203783798695236, -0.008220500531383129, 0.01424188642995762, 0.008936086194652266, 0.006300638624666665, 0.015777776163390253, 0.002809980068663141, 0.05002399826049805
-0.02190388202930505, -0.010070550166836688, 0.018343410421815646, 0.011798425726836911, 0.007871435013879399, 0.019338248811176958, 0.0036302849190496113, 0.05002399826049805
-0.0259530457774186, -0.011955505417773049, 0.022671827416170017, 0.014608406055574378, 0.009669124405588479, 0.023247785936170093, 0.004764748891234034, 0.05002399826049805
-0.031049408158637937, -0.014433873296822513, 0.028029986854922553, 0.018116517419319304, 0.012025318729333255, 0.028361600344907856, 0.005654866793106385, 0.05002399826049805
-0.036477379868653376, -0.016964600379319152, 0.034033921246127266, 0.02216568116743285, 0.014259339497773346, 0.033580135241134575, 0.006300638624666665, 0.05002299880981446
-0.04234168971733228, -0.01973967457242517, 0.04043927723739099, 0.02638937767429826, 0.01703441369087936, 0.039269908169872414, 0.007906341669659502, 0.05002399826049805
-0.04850270067858123, -0.022636921280538565, 0.04715879469112159, 0.030560716018013794, 0.019565141813673304, 0.04478514833985839, 0.008936086194652266, 0.05002299880981446
-0.05565854794859689, -0.0259530457774186, 0.054942964886071005, 0.03560471607489405, 0.02260201306431251, 0.05166174652482243, 0.009965829679347728, 0.05002199935913086
-0.06335545384476499, -0.02968805014365987, 0.06326818538479445, 0.04108505218984317, 0.0259530457774186, 0.059463368747290274, 0.01200786566151753, 0.050020999908447265
-0.07133160466479549, -0.0335277749973901, 0.0711396240397144, 0.04687954560606997, 0.029251718246780207, 0.06710791023852468, 0.013124875525588924, 0.05002299880981446
-0.08080874636470828, -0.03778637763988696, 0.08124508034218254, 0.0539481285773043, 0.03333578813052521, 0.07632325071971506, 0.015358897334326316, 0.05002799987792969
-0.09098401077725012, -0.04225442125736174, 0.09234536879222818, 0.060737458302297806, 0.03789109812737592, 0.08564330752720521, 0.017051866758695085, 0.05002799987792969
-0.10103711099716298, -0.04703662217611421, 0.10306169599211167, 0.06759660029855422, 0.04213224874235436, 0.0954520543947249, 0.018849556670552815, 0.05002299880981446
-0.11328932480958719, -0.053040556567318924, 0.11590731202967595, 0.07567747576726289, 0.047193702907347646, 0.10688396465713426, 0.021729349270553186, 0.05002299880981446
-0.1256287987596035, -0.05900958274229758, 0.12866567625202652, 0.08459611097469402, 0.052656582833589136, 0.11852530757214313, 0.023736478076794233, 0.050020000457763676
-0.1384569710920278, -0.06450737088476513, 0.14238396024453934, 0.09323548877469513, 0.05808455870479378, 0.13096951033202683, 0.02604031215679453, 0.050020999908447265
-0.1524370604644522, -0.0714712292073213, 0.15720180519449706, 0.10307914801963008, 0.06396631641980191, 0.14418164391461327, 0.028902652729276477, 0.05001699829101563
-0.16605062396947606, -0.078120934389789, 0.1718625735744105, 0.11299261537463873, 0.0703542245447364, 0.15779522406439395, 0.03193952606051029, 0.05002399826049805
-0.18306759083432353, -0.08580038409724945, 0.18985692055931702, 0.12428489277214387, 0.07742280335478154, 0.17360789283955075, 0.034993853499857126, 0.05002199935913086
-0.1991246212842519, -0.09295623968964352, 0.20682152301923076, 0.13559463051954584, 0.08429940153974558, 0.1887922719792874, 0.03801327064238331, 0.050014999389648436
-0.2161939359092762, -0.10122909994462248, 0.22481585335938048, 0.1477421238444811, 0.09173450621719126, 0.20514599521940743, 0.04118976851614293, 0.05002500152587891
-0.23474678106428595, -0.10985102571710516, 0.24408428989929454, 0.16067501666439432, 0.09943140795217015, 0.22289599717429917, 0.044802600367376814, 0.05001399993896485
-0.25363123970928103, -0.11887437308964686, 0.2645395475342456, 0.1736428135393444, 0.10772172023466753, 0.24073326758916144, 0.04818853921611435, 0.05001399993896485
-0.27309167351903296, -0.128194429897137, 0.28520424614417456, 0.1874832617244862, 0.11641346243960232, 0.26001914783421554, 0.0522377050448225, 0.050014999389648436
-0.29389600499386614, -0.1376715715970498, 0.3075095518541332, 0.2018298769643112, 0.12475613080465499, 0.2786941821489895, 0.05628686671234145, 0.050018001556396484
-0.3136880190040898, -0.14700908875443677, 0.32836623108914326, 0.21598449493429828, 0.1333955169270345, 0.298119678614191, 0.06014404775477931, 0.050014999389648436
-0.3359409603091148, -0.1571669011394602, 0.3515093006990136, 0.23040091828419698, 0.14276793813945834, 0.31878437722411995, 0.06426302169356116, 0.050011001586914065
-0.3578274173586312, -0.16774359547443946, 0.3745301977938766, 0.24621360370411058, 0.15207054291943006, 0.3400774154037395, 0.06853908052476565, 0.050008998870849614
-0.3806388568337594, -0.1783202898094187, 0.39950585512885767, 0.26242771072408316, 0.16208872243954925, 0.3610213464539633, 0.07285003924981778, 0.0500099983215332
-0.40435786831887305, -0.18914132917441273, 0.4237833980735881, 0.27822293579409996, 0.17214182265946212, 0.3840247998436862, 0.07754497586978892, 0.0500099983215332
-0.42683771094877276, -0.19989256042933307, 0.44790384780351755, 0.29401817750887355, 0.1818633093893897, 0.4053178047337921, 0.08189084697225632, 0.050020999908447265
-0.452965285323754, -0.21188297718422405, 0.47523570362343265, 0.31168089435903795, 0.19249236812930262, 0.4299269445237511, 0.08658578359222745, 0.050014999389648436
-0.47748717329849927, -0.22364649261424033, 0.5016774311385024, 0.32908182247404755, 0.2035577525243114, 0.453733241113592, 0.09142034475472438, 0.050018001556396484
-0.5014680068082813, -0.23472933735914595, 0.5275083293680488, 0.3460638686391013, 0.2137504689643717, 0.4765970449936539, 0.09595820480465127, 0.05003499984741211
-0.526949797908432, -0.24670229376414013, 0.5545085550532218, 0.363621889968912, 0.22437952770428463, 0.5003858978783549, 0.10100220694212614, 0.050020000457763676
-0.5514891295883172, -0.2585530776541269, 0.5805488776129893, 0.38060393613396576, 0.23513075895920496, 0.5245761557183579, 0.10554005866967461, 0.05002399826049805
-0.578925680928586, -0.2717303155040549, 0.6096958441633615, 0.4004483478386367, 0.24694663879415488, 0.5514018777731035, 0.11100294275710532, 0.05002799987792969
-0.6042155246931692, -0.283144757094189, 0.6364517581080333, 0.4175700102238379, 0.2578374862692226, 0.5753826779933718, 0.11595967643460964, 0.05002500152587891
-0.6330134839826865, -0.29658380032402865, 0.6666285024729119, 0.4372049643087741, 0.2700547877042316, 0.6021385919380436, 0.12144001254955876, 0.050014999389648436
-0.6600137429573731, -0.3092025233590966, 0.6954613491727094, 0.4562988639287471, 0.2813296130742183, 0.6278123969527891, 0.1265538227971073, 0.05003900146484375
-0.685914382717966, -0.3216467427637371, 0.7225837806624034, 0.47448522482824834, 0.29277897536414604, 0.6529102268027775, 0.13152800850213006, 0.05004700088500977
-0.7142410956525939, -0.33431783020373873, 0.7519227611273703, 0.49361401185850134, 0.30489156463404443, 0.6785141904179356, 0.13671164350450915, 0.05005500030517578
-0.7418522172023174, -0.3477568401440647, 0.7816457028424993, 0.5131267934284302, 0.316585271953987, 0.7054970056874822, 0.14205234675455405, 0.05004100036621094
-0.7700916450322178, -0.36075955771880847, 0.8115781021773633, 0.5324301506681379, 0.32836623108914326, 0.731991064317972, 0.14739305000459896, 0.050042999267578124
-0.796655545062295, -0.37332591634894274, 0.8398349737124037, 0.5503546895429707, 0.33944907583404893, 0.7570191193474004, 0.152698849199607, 0.0500530014038086
-0.8247902440823282, -0.38611917630395176, 0.8691913978825107, 0.5699023585231796, 0.35168383761895466, 0.7843858958671092, 0.1580221087445119, 0.05003200149536133
-0.8532565732371034, -0.3993138745037766, 0.8989841809972271, 0.5895024251978357, 0.36388371199358044, 0.8107054508671715, 0.16341517639949046, 0.050035999298095706
-0.8805186209469447, -0.4127529177336162, 0.9283581154515014, 0.609503896827794, 0.3759439368585451, 0.8380722273868803, 0.16879078370457223, 0.050036998748779295
-0.909334023941602, -0.42598250334372106, 0.9583777333120653, 0.6281614707926713, 0.3877074522885614, 0.8640775959573406, 0.17427111981952134, 0.05004800033569336
-0.9371719802371731, -0.4388804921085975, 0.9880309002066343, 0.6485469036727918, 0.40020400280862195, 0.8909382387118797, 0.17973401222933044, 0.05005500030517578
-0.9652369044366461, -0.4522322502337097, 1.0171953104621465, 0.6678676713281259, 0.412229306973793, 0.9176417549621042, 0.1851096195344122, 0.050033000946044924
-0.9938254061064288, -0.4656712934635493, 1.0466390197369808, 0.6872582803830473, 0.42427208813361766, 0.9444325563170561, 0.19025834215937604, 0.050042999267578124
-1.0194991445421469, -0.4774348088935656, 1.074442155201299, 0.7047814143025779, 0.4352851247684496, 0.9694954987567646, 0.1954419688393767, 0.050051998138427735
-1.0478084137716346, -0.49076912331353784, 1.1041825406215682, 0.7242069107677794, 0.4467170100637237, 0.9957103249469595, 0.20062559551937736, 0.05003799819946289
-1.0757511654561003, -0.5039812652185027, 1.1321776900004812, 0.7435800761175608, 0.4591263087685706, 1.022361510081764, 0.20600121946921593, 0.050020000457763676
-1.1023325091913174, -0.516687273358298, 1.1614816498971137, 0.7626041676274601, 0.4706629228737121, 1.0487160190711338, 0.2112546542592903, 0.050042999267578124
-1.1300832469611883, -0.5292361882832922, 1.1907857429518005, 0.7811395690773298, 0.48233918648851465, 1.0745294403060264, 0.2165255493992615, 0.050018001556396484
-1.1571707910406024, -0.542081812643235, 1.2186586532366788, 0.7997273016426196, 0.4938059924835824, 1.0998017737864423, 0.2215870035642548, 0.05003400039672851
-1.1837171807865121, -0.5544213032380081, 1.2463745701752968, 0.818175417987762, 0.5052029903685765, 1.1247251000060035, 0.22682299464918915, 0.050011001586914065
-1.209844788451007, -0.5670051055732823, 1.27456160031075, 0.8361872419673222, 0.5165301801434969, 1.1499799897812795, 0.23170991189424137, 0.05002799987792969
-1.2362341848506566, -0.578890793518306, 1.3015094615909895, 0.8544259672717571, 0.5275781374781225, 1.1744146259408108, 0.23664919354422725, 0.050018001556396484
-1.2602150183604388, -0.5901481751831527, 1.3276021818452042, 0.870901813092614, 0.5374915881883744, 1.197226065415939, 0.24125686170422786, 0.050020999908447265
-1.284038725365906, -0.6016847892882942, 1.3515481279447061, 0.8870287182316434, 0.5481904716831179, 1.2198106035661926, 0.24595179832419897, 0.050011001586914065
-1.310218664145821, -0.6136752060431852, 1.3796129189861248, 0.9054244368823385, 0.5589766069930749, 1.2449259437003484, 0.25087361962428806, 0.050012001037597655
-1.3325588572660596, -0.624374056248415, 1.403262188940192, 0.9209404128673037, 0.5689948198027078, 1.2669694606751523, 0.25530676750910436, 0.050011001586914065
-1.3565745781861218, -0.6350031316330847, 1.4291280078695319, 0.9371894239423131, 0.5793097087577754, 1.2896412173511058, 0.259931879374245, 0.05000600051879883
-1.3797526017852995, -0.6461208970777841, 1.4528993837595792, 0.9532988187971752, 0.5888391649283515, 1.3115451846847894, 0.26426029844919396, 0.050002998352050784
-1.4023022525252729, -0.6568023035778738, 1.4770895417310415, 0.9686402911517129, 0.5988399340328443, 1.333239561240684, 0.26853635311920926, 0.05000699996948242
-1.425183466820961, -0.667553551477551, 1.4996742130393494, 0.9840515383268107, 0.6080901577631255, 1.3542184795697287, 0.27307421316913616, 0.04999100112915039
-1.4464241738851606, -0.677083007648127, 1.5230964485104874, 0.9990439368414662, 0.6173753354827141, 1.37428965944122, 0.2772629993791809, 0.050020000457763676
-1.467141170320996, -0.6868219880174651, 1.5450178595493111, 1.0124829800713058, 0.625927411533231, 1.393854838705596, 0.2811376324491372, 0.04999300003051758
-1.4861827721150624, -0.6959674829378789, 1.5644433560145126, 1.0262186994465803, 0.6342003217224804, 1.4118840398112689, 0.2848028411888724, 0.05
-1.5060620712300135, -0.7048861431124452, 1.5855269365743974, 1.039413397646405, 0.6427349540678573, 1.4308907541950555, 0.2884505729339539, 0.05000400161743164
-1.5240214975151263, -0.7137524055925644, 1.6047778628301441, 1.0527128246560973, 0.6507808963532047, 1.448256695031244, 0.2921332253788291, 0.04999700164794922
-1.542260156240534, -0.7219903617925064, 1.6242732672739602, 1.0641447099513714, 0.6579192999180804, 1.4653435365851926, 0.29558897649882954, 0.050002998352050784
-1.5594342163201824, -0.7299490855521538, 1.6420232359393383, 1.0767983203967195, 0.6653369359232508, 1.4814878854293618, 0.29883526999909527, 0.04999399948120117
-1.5760323678141013, -0.7377332391023463, 1.6591099443352322, 1.0877764696212713, 0.6727546385074485, 1.4973528686751818, 0.3020990404940146, 0.04999399948120117
-1.591391217294752, -0.7451683188126568, 1.6759698845643058, 1.098405478426914, 0.6796137430530022, 1.511978683065788, 0.3050835452591255, 0.05000600051879883
-1.6063661721042675, -0.7519227611273703, 1.6911367201303615, 1.1084062475314067, 0.6854256926579365, 1.5262380464903993, 0.307893546393809, 0.04999200057983399
-1.6192641275796302, -0.7581186719824669, 1.7044535908451939, 1.1172899537166656, 0.6910805823375835, 1.5382110861191776, 0.31021482417894936, 0.05
-1.6320574208241527, -0.7640179066921287, 1.7183290595986702, 1.1264529589212469, 0.6966656306176432, 1.5506726826499309, 0.31243137315422226, 0.04999599838256836
-1.6433147359099722, -0.7692887685425862, 1.7307208813088635, 1.1344465700911741, 0.7016398163226659, 1.5616158778851754, 0.31466539912414887, 0.04999499893188477
-1.6546245152692662, -0.7742978416578891, 1.7423622242238723, 1.1420387097267721, 0.706683843427276, 1.5720878267655305, 0.31707396201401655, 0.050002998352050784
-1.6650964641496213, -0.7793418687624991, 1.7532182009334167, 1.149212067280955, 0.7110471665572619, 1.5821061061541906, 0.319098563653722, 0.05000199890136719
-1.6750448355596668, -0.7839495369224997, 1.7637250372240518, 1.1559665095956684, 0.7148868456379108, 1.591460992115312, 0.3204424613188033, 0.04999499893188477
-1.684207840764248, -0.7880859587276108, 1.7730975000483677, 1.161900565136583, 0.7185695313722996, 1.5997688562938686, 0.32281610350887724, 0.050002998352050784
-1.6921665645238952, -0.7919605917975671, 1.7819811396545995, 1.1675729651003972, 0.7223743230426686, 1.607814798579216, 0.32377603992379633, 0.050011001586914065
-1.6999158306638078, -0.795695608647376, 1.7898875322988268, 1.1728437603718276, 0.7254635899071605, 1.6147611216504696, 0.3258704163840619, 0.050002998352050784
-1.7069843928290962, -0.7988372066272879, 1.7970607566949552, 1.1777482378353175, 0.7284480613827579, 1.6217773527003378, 0.3267256239891136, 0.050014999389648436
-1.7133722510197602, -0.8018042343977452, 1.8037628678942486, 1.1822511106064235, 0.7310660818923602, 1.6275893023052723, 0.3281044423539885, 0.04999499893188477
-1.718730397974945, -0.8042826386872002, 1.8094875989734829, 1.1860385251506798, 0.7334746447822279, 1.6326682168201625, 0.32930872379892234, 0.05001300048828125
-1.7237744250795553, -0.8066213601774805, 1.8152470843049429, 1.1894942429811666, 0.7359355387875156, 1.6375202300101779, 0.32993703007909925, 0.050012001037597655
-1.7286962130901307, -0.8087506906270534, 1.8205180127344276, 1.1923566085207837, 0.7379601404272211, 1.6423024683796332, 0.33089696649401834, 0.05002399826049805
-1.7328326348952416, -0.8107228945723115, 1.8248290047489935, 1.195323636291241, 0.7398625029728919, 1.6460724392187494, 0.3322583411537532, 0.050012001037597655
-1.736428035524903, -0.8123984223721349, 1.8287559689343698, 1.1977845302965286, 0.7413285731529806, 1.649720170963831, 0.33267722310370906, 0.050020000457763676
-1.739517302389395, -0.8143007849178058, 1.8320372497134565, 1.2001233183658362, 0.7423757946726269, 1.652948987469443, 0.33290409113907016, 0.05002500152587891
-1.7423098931084522, -0.8153828938477322, 1.8349345026633537, 1.2020431911956744, 0.7434753473076935, 1.6554098814747307, 0.33346262259868703, 0.05001900100708008
-1.74482311822916, -0.816517400472106, 1.8373953966686414, 1.2039456203203724, 0.7445923436479, 1.6576613178602837, 0.33402112076879026, 0.050018001556396484
-1.746952448678733, -0.8173900517822976, 1.8394722628447395, 1.2054640216158812, 0.7452556039173842, 1.659336845660107, 0.33473671215369455, 0.050018001556396484
-1.7486105327734163, -0.8183499881972167, 1.841200121759983, 1.2064588454410803, 0.7460235264177085, 1.6612218310796651, 0.3351032296987167, 0.050011001586914065
-1.750198708889485, -0.8188561219623863, 1.8428233184443863, 1.2073664507405792, 0.7468089592022001, 1.6623388939988988, 0.33533009773407785, 0.05003099822998047
-1.751141201599264, -0.8193099246121358, 1.84399271247904, 1.2083787182709185, 0.747140522757915, 1.6635780628541126, 0.3354173828388052, 0.050018001556396484
-1.752362926749338, -0.8197811709670253, 1.8448828740733991, 1.208884852036088, 0.7476467231021118, 1.6645728866793117, 0.3354871909488789, 0.050018001556396484
-1.753008743313682, -0.8204618083626223, 1.8453366767231487, 1.209233859296943, 0.7480132406471339, 1.6650266893290613, 0.3355569990589526, 0.05001900100708008
-1.753340306869397, -0.8204618083626223, 1.8460346912448584, 1.2096702182415524, 0.7481528568672814, 1.6654105840001963, 0.3356268071690263, 0.05001900100708008
-1.7540558982543013, -0.8206189348669369, 1.8470120713649174, 1.2100891334810218, 0.7482400753929814, 1.665672372735351, 0.3356966152791, 0.050020000457763676
-1.754317686989456, -0.8206538222772171, 1.847186641574372, 1.210176352006722, 0.7482750293822887, 1.666230970773995, 0.33573153597889366, 0.050020000457763676
-1.754404905515156, -0.8206887096874971, 1.8472564163949323, 1.210211239417002, 0.7483273604977088, 1.6666671965605502, 0.33574897968403367, 0.050020000457763676
-1.7545097009040507, -0.8207585510870844, 1.8472914369632667, 1.2102462599853365, 0.7483448042028489, 1.6667371045391646, 0.3357839003838273, 0.050020000457763676
-1.7544922571989108, -0.8207585510870844, 1.8472914369632667, 1.2102462599853365, 0.7483797581921561, 1.6668068793597248, 0.3358013440889674, 0.050020000457763676
-1.7545620320194708, -0.8207585510870844, 1.8472914369632667, 1.2102985911007564, 0.7483972018972962, 1.6668243230648647, 0.3358187877941074, 0.050020000457763676
-1.7545445883143307, -0.8207585510870844, 1.8472914369632667, 1.2103334785110367, 0.7484320893075762, 1.6668592104751447, 0.3358187877941074, 0.050020000457763676
-1.7545794757246107, -0.8208108822025044, 1.8472914369632667, 1.2104206970367366, 0.7484495330127162, 1.6668592104751447, 0.33583626478876105, 0.050020000457763676
-1.7545794757246107, -0.8208108822025044, 1.8472914369632667, 1.2105603798359112, 0.7484844204229962, 1.6668940978854248, 0.33585370849390106, 0.050020000457763676
-1.7545969194297508, -0.8208108822025044, 1.8472914369632667, 1.2105952672461913, 0.7485193744123035, 1.6668940978854248, 0.33585370849390106, 0.050020000457763676
-1.7545969194297508, -0.8208108822025044, 1.8472914369632667, 1.2106301546564715, 0.7485542618225836, 1.6669291184537594, 0.33587115219904107, 0.050020000457763676
-1.7545969194297508, -0.8208108822025044, 1.8472914369632667, 1.2106475983616114, 0.7485542618225836, 1.6669291184537594, 0.33587115219904107, 0.050020000457763676
-1.7546143631348907, -0.8208283259076444, 1.8472914369632667, 1.2106650420667515, 0.7485891492328636, 1.6669465621588995, 0.3358886291936947, 0.050020000457763676
-1.7546318068400308, -0.8208283259076444, 1.8472914369632667, 1.2106650420667515, 0.7486065929380036, 1.6669814495691795, 0.3358886291936947, 0.050020000457763676
-1.7548238207546256, -0.8210028961170992, 1.8472914369632667, 1.2106475983616114, 0.749025508177473, 1.667417808513789, 0.3360108017087021, 0.050020000457763676
-1.7550158346692202, -0.8212122871578066, 1.8473088806684068, 1.210717506340226, 0.7493571383122152, 1.6676970409540837, 0.33613297422370947, 0.05002299880981446
-1.7550158346692202, -0.8212472411471139, 1.8473437680786868, 1.210717506340226, 0.7494094694276353, 1.6677842594797838, 0.33615041792884953, 0.050020999908447265
-1.7551030531949203, -0.8212646848522539, 1.8473263243735467, 1.2107349500453661, 0.7494443568379153, 1.667801703184924, 0.33616786163398954, 0.050020999908447265
-1.755190404878675, -0.821317015967674, 1.8473088806684068, 1.210752393750506, 0.7494618671220825, 1.6678191468900638, 0.33616786163398954, 0.050020000457763676
-1.755242735994095, -0.821334459672814, 1.8473088806684068, 1.210752393750506, 0.7494793108272226, 1.6678540343003438, 0.33616786163398954, 0.050020999908447265
-1.7554347499086898, -0.8213694136621214, 1.8473263243735467, 1.2107349500453661, 0.7494967545323626, 1.6678890548686784, 0.3362027823337832, 0.050020999908447265
-1.7556442075284244, -0.8214043010724014, 1.8473263243735467, 1.2107349500453661, 0.7495141982375026, 1.6679239422789585, 0.3362202260389232, 0.050020999908447265
-1.7558885525584391, -0.8214741424719887, 1.8473263243735467, 1.210752393750506, 0.7495141982375026, 1.6679413859840986, 0.33625514673871687, 0.050020000457763676
-1.7559059962635792, -0.8215613609976887, 1.8473263243735467, 1.2107349500453661, 0.7495141982375026, 1.6679762733943786, 0.33632495484879055, 0.050020999908447265
-1.7559234399687194, -0.821631202397276, 1.8473437680786868, 1.210752393750506, 0.7495141982375026, 1.6680111608046586, 0.3363947629588643, 0.050020999908447265
-1.7559583273789994, -0.8217010437968635, 1.8473437680786868, 1.210752393750506, 0.7495141982375026, 1.6680286045097985, 0.336482014774078, 0.050020999908447265
-1.7564644611441689, -0.8219802762371582, 1.8473786554889668, 1.2106475983616114, 0.7497934306777975, 1.6686918647792828, 0.336621664283739, 0.050029998779296876
-1.7590125736751567, -0.82287037125249, 1.8484782747030606, 1.210752393750506, 0.7505090220627018, 1.6716414488446, 0.33702306923904124, 0.05002199935913086
-1.7610372418938893, -0.8230449414619446, 1.8508518170245938, 1.2109093870967662, 0.7511897260373259, 1.6733693077598435, 0.3374768718887907, 0.0500099983215332
-1.7610546855990294, -0.82287037125249, 1.8512532885589232, 1.210787281160786, 0.7514340710673407, 1.6737882229993128, 0.3376862962190118, 0.050012001037597655
-1.7612118121033442, -0.8230798288722248, 1.8522655560892622, 1.210857055981346, 0.7516609723922155, 1.6737882229993128, 0.33773866062394553, 0.05002199935913086
-1.7609674670733293, -0.8236208500476743, 1.8527019150338717, 1.210822168571066, 0.7516958598024955, 1.673823110409593, 0.33773866062394553, 0.050020999908447265
-1.7602342988252304, -0.8248600854819155, 1.8527368024441517, 1.2110839573062209, 0.7516958598024955, 1.673805666704453, 0.33702306923904124, 0.05002299880981446
-1.7596060591240807, -0.8255931205719598, 1.8532603799144614, 1.21200900631086, 0.7516958598024955, 1.673840554114733, 0.33618530533912955, 0.050011001586914065
-1.758419221384287, -0.826046856642682, 1.853504724944476, 1.212654822875204, 0.7517481909179156, 1.673875441525013, 0.3358886291936947, 0.05003799819946289
-1.7583145591534468, -0.8260119692324019, 1.8535221686496162, 1.2139986539612582, 0.7517307472127756, 1.673735891883893, 0.3357664566786873, 0.05003099822998047
-1.7578433127985573, -0.8266402755125789, 1.8537316262693508, 1.2157090691713615, 0.751852919727783, 1.6721824700200496, 0.33519048151393044, 0.05000099945068359
-1.757354622738528, -0.82793184206224, 1.85462178786371, 1.2178035122106543, 0.7543313240172379, 1.6664578720988699, 0.33459706264403355, 0.05004000091552734
-1.7573021584650532, -0.8318064751321963, 1.856576548103828, 1.2213290048617012, 0.7565304292873709, 1.6604190211690606, 0.3331833568688786, 0.05004600143432617
-1.7575116160847881, -0.8369028333522265, 1.8589153361731356, 1.225570222055707, 0.7586946471472238, 1.6555145437055707, 0.33142057725384155, 0.0500629997253418
-1.7589602425597366, -0.84369216307722, 1.8634182089442417, 1.2323595517807004, 0.7605097911671945, 1.6526174239137281, 0.32916910757877493, 0.04999700164794922
-1.7607055451801201, -0.8476715249570437, 1.866385236714699, 1.2331623616913048, 0.7624471077021727, 1.6502960795495605, 0.32803463424391477, 0.05003499984741211
-1.7628174319245529, -0.8510923553772505, 1.8689509261088812, 1.2331274742810248, 0.7642272977328362, 1.6498771643100911, 0.32717942663886307, 0.050057998657226564
-1.7655575583701355, -0.8548797033424793, 1.8707835804130193, 1.2344189742516587, 0.7645065967521582, 1.6490394669892066, 0.32677798839404726, 0.04999800109863281
-1.76578445969501, -0.8560839847874132, 1.8717609605330783, 1.2345063259354132, 0.7651697904426151, 1.6479747351853928, 0.32635910644409144, 0.05002199935913086
-1.7660462484301649, -0.8570439212023323, 1.871987861857953, 1.2345586570508333, 0.7656933679129247, 1.6437859822648617, 0.325416647023826, 0.050042999267578124
-1.7662905934601798, -0.857934016217664, 1.8720401929733732, 1.234733227260288, 0.7656584805026447, 1.6387944194337263, 0.3232873498637668, 0.05003799819946289
-1.7662033749344797, -0.8581260301322587, 1.8722670942982478, 1.2346807629868135, 0.7656933679129247, 1.635897166483829, 0.32288591161895097, 0.050041999816894535
-1.7662208186396195, -0.8589289066218904, 1.8727208969479974, 1.2348553331962682, 0.7656759242077847, 1.634012181064271, 0.32162926576908346, 0.050033000946044924
-1.7661510438190595, -0.858876508927443, 1.8728430028839775, 1.234733227260288, 0.7656933679129247, 1.6315861744692632, 0.32037265320872954, 0.05004999923706055
-1.7662557060498998, -0.8597317165324947, 1.8728953339993977, 1.2348378894911283, 0.7656759242077847, 1.6293171612205157, 0.3201457518838548, 0.05003799819946289
-1.7661859312293395, -0.8600807903723768, 1.8729127777045376, 1.234803002080848, 0.7656759242077847, 1.6251109645948447, 0.319726869933899, 0.050036998748779295
-1.7661859312293395, -0.8603251354023916, 1.8729302214096777, 1.2348204457859882, 0.7656933679129247, 1.6188103249298806, 0.31892402673378095, 0.05003799819946289
-1.7662382623447597, -0.8605694804324064, 1.8728430028839775, 1.234803002080848, 0.7660075543425269, 1.6112530727045629, 0.3176150164789798, 0.05002399826049805
-1.7662382623447597, -0.8613723569220381, 1.8727732280634175, 1.234768114670568, 0.7671595046720406, 1.601880609880247, 0.3167074444689944, 0.050036998748779295
-1.7661859312293395, -0.8626115257772519, 1.8726509889693828, 1.2348902206065482, 0.7675609096273428, 1.5908850835295822, 0.31534610309877315, 0.050029998779296876
-1.7658194802633447, -0.8639554234423331, 1.871027925443034, 1.234733227260288, 0.7680495996873724, 1.5782140293790943, 0.3121695844190675, 0.05006499862670898
-1.765959029904465, -0.8657356800520238, 1.8678513068947875, 1.234768114670568, 0.767944870877505, 1.566171214929756, 0.3088709265138681, 0.05002299880981446
-1.7651038888784405, -0.8673937641467072, 1.8655824268040946, 1.2348727769014083, 0.7679972019929251, 1.5568686600840547, 0.30576421594423614, 0.0500260009765625
-1.7642486146943615, -0.8690866690726433, 1.8616380189135782, 1.234803002080848, 0.7679099834672249, 1.5483687819909033, 0.3033905737541622, 0.050002998352050784
-1.7639344948437867, -0.8702909505175771, 1.8595261321691452, 1.2348378894911283, 0.7679099834672249, 1.5416319165393844, 0.3008947590490808, 0.05002899932861328
-1.7633235656897224, -0.8710065419024814, 1.8572746957835924, 1.234733227260288, 0.7678401420676376, 1.537128910610224, 0.2996032257889332, 0.050041999816894535
-1.7629222273134475, -0.87242028096715, 1.8544123302439752, 1.2348902206065482, 0.7676656384372101, 1.5313518484155695, 0.2975437367389477, 0.04999700164794922
-1.7622240796336832, -0.8734675024867964, 1.8522655560892622, 1.2348553331962682, 0.7677179695526303, 1.5221016246852883, 0.2957984008290506, 0.05003900146484375
-1.7620320657190884, -0.8742005375768407, 1.8500490071139892, 1.234715783555148, 0.7677528569629103, 1.5116471195100731, 0.29363418296919774, 0.05005599975585938
-1.7617179458685137, -0.876486927951701, 1.846191817749173, 1.2349251080168282, 0.767299120892188, 1.4998312063856096, 0.288642553559035, 0.05
-1.7607928968638746, -0.8785813044119666, 1.842997888653841, 1.234768114670568, 0.7670547758621733, 1.4859209833799079, 0.2850297092242335, 0.05002199935913086
-1.7607580094535946, -0.881234212331849, 1.8410256847085829, 1.234733227260288, 0.7670547758621733, 1.4707016835403774, 0.2818357801289015, 0.050036998748779295
-1.7608626716844347, -0.8853182364425127, 1.838547346998155, 1.2346633192816734, 0.7671071069775933, 1.4558664115300366, 0.27780405384414414, 0.05003499984741211
-1.7625730868945382, -0.8912174711521745, 1.8374302840789214, 1.234733227260288, 0.7675957970376228, 1.439687175275587, 0.2731963856841435, 0.05005099868774414
-1.7642311709892216, -0.8967850757270942, 1.8368718191983318, 1.2351870299100376, 0.7676132407427629, 1.4271382270610793, 0.2690250431792388, 0.04999300003051758
-1.7642660583995016, -0.9001710187370209, 1.8360165450142527, 1.2348204457859882, 0.7677005258474903, 1.414362510679751, 0.26426029844919396, 0.05004800033569336
-1.7657670159898702, -0.9042201554374046, 1.8350740523044737, 1.2349251080168282, 0.7677528569629103, 1.4036460836113267, 0.25970499469412706, 0.050057998657226564
-1.7662731497550397, -0.9079551722872136, 1.8331716231797757, 1.2349601285851628, 0.7676481947320701, 1.3949544579196897, 0.2560398025991487, 0.05
-1.7659764736096049, -0.9096132563818968, 1.8319847854399818, 1.2348902206065482, 0.7677179695526303, 1.386646593741133, 0.25298547307920727, 0.050035999298095706
-1.7664128325542143, -0.9108873126473908, 1.830571179533368, 1.2349950159954428, 0.7676481947320701, 1.3775709402203065, 0.2504198336192954, 0.050012001037597655
-1.7662208186396195, -0.9110793265619855, 1.8293320106781539, 1.2348378894911283, 0.7677179695526303, 1.371828765435932, 0.2491283003591478, 0.05003499984741211
-1.7664477199644943, -0.9113236715920002, 1.8286338629983896, 1.2349950159954428, 0.7678226983624976, 1.3668197588996567, 0.24769713423409603, 0.050008998870849614
-1.7662905934601798, -0.9113236715920002, 1.828441849083795, 1.2348902206065482, 0.7688175221876967, 1.3637653794454447, 0.2476098657741255, 0.05002199935913086
-1.7663081703233743, -0.9113760027074204, 1.8284069616735148, 1.2348727769014083, 0.7696378423824684, 1.361374260260717, 0.24752259731415496, 0.05004899978637695
-1.7663953888490744, -0.9113760027074204, 1.8282847225794803, 1.234942684880023, 0.7697600148974758, 1.3609553450212477, 0.24750513696425813, 0.05002799987792969
-1.7663256140285142, -0.9113236715920002, 1.8280578212546055, 1.2348902206065482, 0.770126532442498, 1.3609030139058276, 0.2474876932591181, 0.05003400039672851
-1.7662905934601798, -0.9113935129915876, 1.8279880464340454, 1.2349251080168282, 0.7702661486626453, 1.3608681264955476, 0.24750513696425813, 0.05003200149536133
-1.7661336001139196, -0.9112887841817202, 1.8277611451091706, 1.2348378894911283, 0.7712086413724244, 1.3617757317950465, 0.24790657520907394, 0.05004600143432617
-1.7662905934601798, -0.9110444391517054, 1.8273771172799813, 1.2349601285851628, 0.7718195039474612, 1.3648998860698185, 0.24965189447421418, 0.050029998779296876
-1.7660638252933594, -0.9093863550570221, 1.8268360961045316, 1.2349251080168282, 0.7720987363877561, 1.370799054200453, 0.25199063260925136, 0.050033000946044924
-1.766028804725025, -0.906506545812265, 1.8265394199590967, 1.2349251080168282, 0.7722034651976235, 1.3788275527806604, 0.2555162084840823, 0.05003499984741211
-1.76564491005389, -0.902736641552176, 1.8263474060445022, 1.2348902206065482, 0.7722034651976235, 1.3883046778358163, 0.2593733812041418, 0.05002799987792969
-1.7641962835789413, -0.8991237972173746, 1.826225300108522, 1.2348204457859882, 0.7721511340822034, 1.3983752883398965, 0.26139796619909045, 0.05002799987792969
-1.762660305420238, -0.8956680793868877, 1.826225300108522, 1.2349251080168282, 0.7717671728320412, 1.4090043637245662, 0.2645395475342456, 0.05003099822998047
-1.7614036928598844, -0.8921774075670936, 1.826207856403382, 1.234733227260288, 0.7715402715071665, 1.4207503688704153, 0.2679254905441723, 0.05006100082397461
-1.7614736008384988, -0.8899783022969606, 1.826190412698242, 1.2348727769014083, 0.7714355426972991, 1.433561105820078, 0.2718699317242023, 0.05003499984741211
-1.7613688054496042, -0.8877966407319677, 1.826295074929082, 1.2348902206065482, 0.7714355426972991, 1.444870885179372, 0.27597146611903334, 0.05000400161743164
-1.7612815869239042, -0.8856324228721149, 1.8268360961045316, 1.2348902206065482, 0.7716100463277266, 1.4552554823759725, 0.28021261673401177, 0.050014999389648436
-1.7614385802701644, -0.8843408563224536, 1.8281975040537801, 1.2349251080168282, 0.7717147751375939, 1.4664780432095663, 0.2837730966638796, 0.050029998779296876
-1.761525931953919, -0.8826478848174903, 1.8295413351398342, 1.234803002080848, 0.7717322188427339, 1.4777353582953856, 0.2859896456391525, 0.050036998748779295
-1.7618923829199138, -0.8810421984172543, 1.8320372497134565, 1.234768114670568, 0.7717322188427339, 1.4912965740402326, 0.2895850129793004, 0.0500530014038086
-1.7622764107491034, -0.8790525507668561, 1.8352486225139284, 1.2347855583757081, 0.7717496625478739, 1.5057653950845786, 0.29258699473906497, 0.050035999298095706
-1.762660305420238, -0.8773071815674454, 1.838006192664651, 1.2348902206065482, 0.7714180989921591, 1.5216129346252587, 0.2964965485088149, 0.050044998168945316
-1.7633584531000024, -0.8760680127122316, 1.8405718820588333, 1.234942684880023, 0.770161419852778, 1.5362563258790594, 0.29906217132397, 0.050005001068115236
-1.763812255749752, -0.8745146574274155, 1.8433993601881704, 1.2349950159954428, 0.7690444235125715, 1.5505854641242307, 0.30225613370881566, 0.05002299880981446
-1.7640042696643468, -0.8729264147323196, 1.8464536064843278, 1.234803002080848, 0.7678052546573576, 1.5626455891206545, 0.3042632583538675, 0.05005099868774414
-1.764423184903816, -0.8720363197169878, 1.8487400634382154, 1.2348553331962682, 0.7668802056527185, 1.5728907698341894, 0.3057118848288161, 0.050035999298095706
-1.7650165371946858, -0.8709542107870614, 1.851166070033223, 1.2349076643116883, 0.7662344556674016, 1.582001310765296, 0.30810297072403015, 0.05002500152587891
-1.76571468487445, -0.8695754257117001, 1.8539061964788055, 1.2348204457859882, 0.7658853818275195, 1.590169492144678, 0.30997047914893455, 0.05004600143432617
-1.7660812689984995, -0.8682140177624516, 1.8570652381638575, 1.2348902206065482, 0.765710878197092, 1.5998560748195687, 0.3117681794637653, 0.05003799819946289
-1.7664477199644943, -0.8664687151420681, 1.8602940546694697, 1.2349076643116883, 0.7657283219022321, 1.6096473197252996, 0.3153111823989795, 0.05003499984741211
-1.7673029941485734, -0.8649676909726722, 1.8630517579782466, 1.2348902206065482, 0.7657457656073721, 1.6175711560746668, 0.31726594263909763, 0.0500530014038086
-1.7679835649651432, -0.8641299936517879, 1.8653729691843597, 1.2348553331962682, 0.7656933679129247, 1.623522788478776, 0.31838297226881773, 0.0500530014038086
-1.767948677554863, -0.8638681383376058, 1.865931567223004, 1.234803002080848, 0.7655887056820846, 1.6280256612498818, 0.31925562357900944, 0.05003200149536133
-1.767913790144583, -0.8637459658225984, 1.8672056234884977, 1.2349076643116883, 0.7655537516927774, 1.6310275764306192, 0.31939523979915685, 0.050044998168945316
-1.7680360292386177, -0.8631875009420088, 1.8683575738180116, 1.2348902206065482, 0.7654665331670772, 1.6329824698287918, 0.3194301604989505, 0.050041999816894535
-1.7680185855334776, -0.862943155911994, 1.8685494545745518, 1.2348902206065482, 0.7654315791777699, 1.633715504918836, 0.3194476042040905, 0.050044998168945316
-1.7684722550251726, -0.862646413187532, 1.8686716936685863, 1.2348204457859882, 0.7653966917674899, 1.6338376108548163, 0.31963958482917165, 0.05004999923706055
-1.7701828033933305, -0.8622973393476498, 1.8687763558994266, 1.2337208265718944, 0.7653094066627626, 1.6339422730856563, 0.3202679243988622, 0.050041999816894535
-1.7726436973986182, -0.8617737618773402, 1.8687589121942865, 1.230020763711393, 0.7651349030323351, 1.634012181064271, 0.32224012834412036, 0.05001399993896485
-1.775436154959621, -0.8608836668620085, 1.8687589121942865, 1.2225681737169152, 0.7650825053378878, 1.633959849948851, 0.3230080841339584, 0.050027000427246095
-1.7772862529688989, -0.860447307917399, 1.8686368062583063, 1.2170181460051899, 0.7650127305173278, 1.6326158857047424, 0.3231128129438257, 0.05004700088500977
-1.7781938582683978, -0.8604997056118463, 1.8686019188480263, 1.2145921394101824, 0.7636688328522465, 1.6289507102545209, 0.32304300483375203, 0.05004600143432617
-1.7785079781189728, -0.8609011105671485, 1.8685668982796917, 1.2125500274863095, 0.7617664037275484, 1.6225628520638569, 0.3227113746990099, 0.05004999923706055
-1.7785777529395328, -0.862018106907355, 1.868322553249677, 1.2113283023362358, 0.760684294797622, 1.6143423395690548, 0.3207216937590981, 0.05001900100708008
-1.7785603092343927, -0.8630653284270015, 1.867903771168262, 1.2104032533315967, 0.7605621222826145, 1.6035038065646503, 0.31908108665906837, 0.05004800033569336
-1.7787872105592675, -0.8650549760773996, 1.8676943135485273, 1.210211239417002, 0.7605621222826145, 1.592054477564236, 0.316602715659127, 0.05004100036621094
-1.7796773721536265, -0.8681092889525842, 1.8675546307493527, 1.210141464596442, 0.761330044782939, 1.5814951770001264, 0.31588715756373636, 0.050018001556396484
-1.78150989329971, -0.87243772467229, 1.8672928420141979, 1.2094084295063976, 0.7631103013926297, 1.5698189466748376, 0.3136182108940161, 0.050057998657226564
-1.7843024840187671, -0.8794016246067382, 1.866943834753343, 1.2091815281815228, 0.7645240404572983, 1.5604290401453815, 0.3111049524837947, 0.050057998657226564
-1.7875836316397993, -0.887569739407093, 1.866106004274404, 1.208849964625808, 0.7657283219022321, 1.5509868025005058, 0.3086614688941334, 0.05
-1.790044525645087, -0.8936260340420422, 1.8657569970135492, 1.2074536692662794, 0.7673514520076081, 1.5427488463005636, 0.30628782670405935, 0.05000199890136719
-1.7927148772701094, -0.8959473118271826, 1.8653904128894998, 1.204818205051537, 0.7690618672177115, 1.5374780510291333, 0.304612298904236, 0.05004600143432617
-1.794966446813717, -0.8982511459071828, 1.8654428771629743, 1.2020780786059544, 0.7703185463570926, 1.5342316576603268, 0.30457741149395595, 0.05002199935913086
-1.797881143468754, -0.9002583038417483, 1.8652159758380995, 1.197435523035674, 0.7709991837526896, 1.5304792636844051, 0.30457741149395595, 0.05001900100708008
-1.8016858685600958, -0.9023352365968739, 1.865198398974905, 1.1908556509304151, 0.7716274900328666, 1.5277740246491025, 0.304594855199096, 0.05001599884033203
-1.8071488109041753, -0.9039234792919698, 1.8649017228294702, 1.1801566675671307, 0.7717671728320412, 1.5248591948360108, 0.30469958400896335, 0.050011001586914065
-1.8110408876792716, -0.9053372183566384, 1.8644653638848607, 1.1721281689869234, 0.7718718350628814, 1.5215257160995586, 0.30483920022911076, 0.05004100036621094
-1.813990471744589, -0.9094910838668895, 1.863767349363151, 1.1669445922411932, 0.7719242327573287, 1.5164642452898085, 0.30483920022911076, 0.05004999923706055
-1.8173415273442357, -0.9135227768621332, 1.8625456242130771, 1.1616038889911482, 0.7719067890521887, 1.5100938308042844, 0.3046297758988897, 0.050033000946044924
-1.818912392913219, -0.9163851424017504, 1.8623361665933424, 1.158741523451531, 0.7719242327573287, 1.5035488461093058, 0.3041934502437938, 0.050042999267578124
-1.8205703438498477, -0.9196489128966697, 1.8613936738835635, 1.1575546857117371, 0.7718893453470486, 1.4957821362642532, 0.3024830017441768, 0.0500530014038086
-1.8214430617390667, -0.9229650145070092, 1.861027089759514, 1.1573626717971426, 0.7719242327573287, 1.4877535045259913, 0.3003188171738375, 0.05002299880981446
-1.8218445332733961, -0.9256528098371716, 1.8601893924386295, 1.1567169883908528, 0.7721161800928961, 1.4768802172693614, 0.29700268227398446, 0.050042999267578124
-1.82304881471833, -0.9287246329965235, 1.8593865825280251, 1.1563852916770834, 0.7728841691722477, 1.46267318496017, 0.29387852799921255, 0.05004100036621094
-1.82320580806459, -0.9316393296515607, 1.8583218507242114, 1.1561060592367887, 0.7741582254377416, 1.4493388705401977, 0.2908416588291679, 0.050035999298095706
-1.8231883643594502, -0.9334369633873643, 1.8564368653046535, 1.155512706945919, 0.7745771406772111, 1.4404899851861914, 0.2882585923088728, 0.05004600143432617
-1.82311858953889, -0.9355837375420771, 1.8544297739491151, 1.1553206930313242, 0.7747342006024985, 1.431414331665365, 0.2854485911741893, 0.05003799819946289
-1.82324069547487, -0.9365262302518561, 1.8518291971446528, 1.1549891294756094, 0.7748040420020859, 1.4237697277562926, 0.2834240228239975, 0.05004899978637695
-1.8232757160432047, -0.9374163252671879, 1.850171246208024, 1.1547971155610146, 0.7748738168226459, 1.4179753550145526, 0.2815914350988867, 0.05003799819946289
-1.82313603324403, -0.938707891816849, 1.8486003806390408, 1.1540640804709703, 0.7749262145170932, 1.4139087080300017, 0.27951446905424754, 0.05003499984741211
-1.82311858953889, -0.9388823954472765, 1.8478847892541364, 1.1539767287872158, 0.7750658307372407, 1.4112383564049793, 0.27923521996919587, 0.05004000091552734
-1.82306625842347, -0.9389522368468638, 1.847151754164092, 1.1538546228512356, 0.7751007181475207, 1.4096674908359959, 0.2787639902590632, 0.05004399871826172
-1.8230137941499955, -0.9392489129922986, 1.8466456203989225, 1.1538022917358155, 0.7751007181475207, 1.4085854484850968, 0.2781880317390631, 0.05003900146484375
-1.8228916882140154, -0.939371085507306, 1.8466107329886425, 1.153575390410941, 0.7751356055578007, 1.4084806530962022, 0.27796113041418835, 0.05004100036621094
-1.8225950120685805, -0.939353641802166, 1.8465584018732224, 1.1535405030006607, 0.775188003252248, 1.4084457656859222, 0.2779262263591515, 0.05004100036621094
-1.822193540534251, -0.939371085507306, 1.8465758455783625, 1.1535405030006607, 0.775222890662528, 1.408428321980782, 0.2779262263591515, 0.05004100036621094
-1.8217571815896416, -0.939353641802166, 1.8464710501894679, 1.1534357076117663, 0.7753625068826755, 1.4092311318913864, 0.27834510830910736, 0.0500530014038086
-1.8217571815896416, -0.9392838669816059, 1.8463663879586278, 1.1534182639066262, 0.7754846793976828, 1.4120062789053036, 0.27921777626405586, 0.05005599975585938
-1.8217571815896416, -0.9389871242571438, 1.846191817749173, 1.1534531513169062, 0.7755719645024102, 1.417835672215378, 0.2807013067940413, 0.050036998748779295
-1.8217920689999216, -0.9381843143465395, 1.8453541204282886, 1.1534880387271862, 0.7757115807225576, 1.4260736284153201, 0.28316223408884267, 0.05003499984741211
-1.8217048504742215, -0.9365611176621361, 1.8450224237145192, 1.1533484890860661, 0.775833753237565, 1.4360917746459256, 0.2863736401788283, 0.050051998138427735
-1.8217222941793616, -0.934658688537438, 1.8450398674196593, 1.153365932791206, 0.7758861509320123, 1.446040146055971, 0.28918360802399823, 0.05005099868774414
-1.8217397378845015, -0.9323374107522977, 1.8450747548299393, 1.1534182639066262, 0.7759035946371523, 1.4597759320102728, 0.2924124578191239, 0.050036998748779295
-1.8213732869185066, -0.9286547915969362, 1.8450747548299393, 1.153261270560366, 0.7759035946371523, 1.4723772113402007, 0.2961998390738665, 0.0500260009765625
-1.8199944352641182, -0.9217258456517953, 1.8450923316931338, 1.1527026725217218, 0.7759384820474323, 1.4894989403044292, 0.30016172395903645, 0.050033000946044924
-1.8183537948745747, -0.9162978572970231, 1.8456333528685835, 1.1525805665857418, 0.7759559257525723, 1.5059922964094534, 0.30489156463404443, 0.05005500030517578
-1.8175684286691105, -0.9108349815319707, 1.8477626833181562, 1.1526154539960218, 0.7759908131628523, 1.5241611803143011, 0.3097784985238535, 0.05005500030517578
-1.8166433796644714, -0.9062622007822502, 1.8506074719945789, 1.152423440081427, 0.7759908131628523, 1.5432200926554531, 0.3137229397038835, 0.05004999923706055
-1.817114626019361, -0.902754085257316, 1.8550232593980394, 1.1526503414063018, 0.7759210383422923, 1.563116835475544, 0.31911600735886203, 0.050014999389648436
-1.8172543088185356, -0.8996648849718514, 1.8599101599983348, 1.1525456791754618, 0.7759384820474323, 1.5798545366105832, 0.32367131111392894, 0.05002399826049805
-1.8176730908999505, -0.897046864462249, 1.8657395533084091, 1.1526503414063018, 0.7762526684770344, 1.5982852092505855, 0.32789501802376736, 0.05003099822998047
-1.8186504710200095, -0.8952666078525583, 1.8712198061995742, 1.152755003637142, 0.7767238482528968, 1.612178121709202, 0.330966774604092, 0.050029998779296876
-1.8186155836097295, -0.8928581115417179, 1.8754435796884399, 1.1527725805003364, 0.777736182362263, 1.6256519857702942, 0.3339687563638566, 0.05004800033569336
-1.818999611438919, -0.8914967035924694, 1.8792308610746415, 1.1528249116157565, 0.7782772035377127, 1.637153779044183, 0.33604568911898214, 0.05004600143432617
-1.819296287584354, -0.8904844360621302, 1.8820932266142587, 1.1528772427311766, 0.7782946472428527, 1.6480446431640075, 0.33742450748385705, 0.050035999298095706
-1.8196104074349286, -0.8884772781275647, 1.8848858173333158, 1.1528423553208966, 0.7784866611574474, 1.657050521864274, 0.3391872870988941, 0.05005599975585938
-1.8206053644181823, -0.8878140844371077, 1.8871546974240088, 1.153331045380926, 0.7785041048625875, 1.664014421798722, 0.3407929734991301, 0.050042999267578124
-1.8207623577644425, -0.8871857781569308, 1.8886556550143776, 1.1533484890860661, 0.7785389922728675, 1.669773907130182, 0.3414736774737544, 0.05003900146484375
-1.8208146888798624, -0.8861036692270043, 1.8908547602845105, 1.153610277821221, 0.7786088336724548, 1.6744689269739372, 0.34173546620890916, 0.0500530014038086
-1.8210590339098773, -0.886051271532557, 1.89136089404968, 1.1540640804709703, 0.7785739462621748, 1.6772264971246598, 0.3417878306138429, 0.050042999267578124
-1.8210067027944572, -0.885981496711997, 1.8915703516694147, 1.154238650680425, 0.7786088336724548, 1.6787274547150284, 0.3418227180241229, 0.050042999267578124
-1.8211114981833518, -0.8858418804918496, 1.8915703516694147, 1.154238650680425, 0.7786088336724548, 1.6798096302239822, 0.34187508242905656, 0.05005400085449219
-1.8213383995082266, -0.8854753629468274, 1.8916577033531694, 1.1545004394155798, 0.7785739462621748, 1.6830210030244541, 0.3422067125637987, 0.05004100036621094
-1.8216001882433814, -0.8826304411123503, 1.8916925907634494, 1.1544829957104399, 0.7785913899673148, 1.684591735435383, 0.34384731966382837, 0.05004800033569336
-1.8217048504742215, -0.8782496742772244, 1.8917449218788693, 1.1544305314369652, 0.7785739462621748, 1.6856913546494767, 0.3450690448139022, 0.050033000946044924
-1.8216525193588013, -0.8731009849417742, 1.8915529079642748, 1.153645165231501, 0.7785389922728675, 1.6860054745000514, 0.34723326267375515, 0.05003900146484375
-1.8209892590893173, -0.8704829644321719, 1.8916052390796947, 1.1529295738465966, 0.7786262773775948, 1.6861277135940862, 0.34798374146893946, 0.05005699920654297
-1.8210241464995973, -0.8705352955475919, 1.8920067106140241, 1.1530692566457712, 0.7785739462621748, 1.6862847069403464, 0.34800118517407946, 0.05004600143432617
-1.820308555114693, -0.8704306333167519, 1.8920764854345842, 1.1531041440560512, 0.7781899850120125, 1.6863371712138209, 0.34798374146893946, 0.05004100036621094
-1.8196454280032632, -0.8700990031820097, 1.8916925907634494, 1.1529993486671566, 0.7750658307372407, 1.6863197275086808, 0.34737287889390256, 0.05005899810791016
-1.819296287584354, -0.8702735068124371, 1.8909944430836851, 1.1531390314663315, 0.7714529864024391, 1.686180044709506, 0.3450690448139022, 0.05005500030517578
-1.8170971823142208, -0.8698546581519949, 1.8882543166381025, 1.1531215877611913, 0.7677878109522176, 1.6861626010043662, 0.34424875790864423, 0.04999900054931641
-1.815892900869287, -0.8674984263775473, 1.8856711835387803, 1.152283890440307, 0.7669151596420258, 1.6859182559743513, 0.3441789165090569, 0.0500260009765625
-1.8147409505397734, -0.8640427085470604, 1.884100317969797, 1.1517252924016628, 0.7667405894325712, 1.6857960168803168, 0.3443534534289979, 0.050029998779296876
-1.8135541127999795, -0.8600284592569568, 1.8808366140539048, 1.1494738560161097, 0.7658679381223794, 1.6857960168803168, 0.34480725607874746, 0.05004100036621094
-1.81301309162453, -0.8553160622870889, 1.877346008813138, 1.1450930891809838, 0.7639480652925413, 1.686406946034381, 0.3460115375236813, 0.05002799987792969
-1.8123848519233803, -0.8502894788876187, 1.873384024059427, 1.1399093792771993, 0.7616616749176811, 1.688693269830214, 0.34798374146893946, 0.05005699920654297
-1.8119659366839107, -0.8473050074120215, 1.8708533552335793, 1.1383909779816905, 0.7588517070725112, 1.6930740366653398, 0.3482106427938142, 0.050057998657226564
-1.811721591653896, -0.8467464759524046, 1.8694570598740508, 1.137919731626801, 0.7556402676930118, 1.6980657326545299, 0.3483677027191016, 0.05001300048828125
-1.810831430059537, -0.8458214935267928, 1.868322553249677, 1.136541013130467, 0.753458606128019, 1.7018531471987859, 0.3483677027191016, 0.05005500030517578
-1.810430091683262, -0.8454549759817707, 1.8680956519248022, 1.136593344245887, 0.7522019935676652, 1.705099407409538, 0.3483677027191016, 0.050020999908447265
-1.8104125148200676, -0.8455073070971908, 1.867868883757982, 1.1366805627715872, 0.7515387998772081, 1.7054834352387276, 0.34838517971375527, 0.05002799987792969
-1.8102380777686673, -0.8454374656976035, 1.8677640883690874, 1.136558456835607, 0.7514340710673407, 1.7055008789438675, 0.34838517971375527, 0.05003900146484375
-1.8102729651789473, -0.8454898633920507, 1.8677466446639475, 1.136558456835607, 0.7513816733728934, 1.7055183226490076, 0.3484026234188953, 0.050044998168945316
-1.8101857466532472, -0.8454549759817707, 1.8677466446639475, 1.136558456835607, 0.7512420571527461, 1.7055532100592876, 0.3484026234188953, 0.050042999267578124
-1.8102729651789473, -0.8454898633920507, 1.8676419824331072, 1.136610787951027, 0.7510675535223186, 1.7055706537644275, 0.3484026234188953, 0.05003799819946289
-1.8101857466532472, -0.8454724196869107, 1.8676419824331072, 1.136558456835607, 0.7509977121227313, 1.7055706537644275, 0.3484026234188953, 0.05004100036621094
-1.8101681697900527, -0.8454898633920507, 1.8676419824331072, 1.136558456835607, 0.7509279373021712, 1.7056055411747075, 0.348437544118689, 0.050042999267578124
-1.8101857466532472, -0.8454724196869107, 1.8676069618647728, 1.136575900540747, 0.7508232084923038, 1.7056229848798476, 0.348437544118689, 0.05004000091552734
-1.8101681697900527, -0.8454724196869107, 1.8675022996339325, 1.136541013130467, 0.7507359233875764, 1.7056753159952678, 0.348454987823829, 0.05004100036621094
-1.8101681697900527, -0.8455073070971908, 1.867380060539898, 1.136541013130467, 0.7506311945777091, 1.7057103365636022, 0.348454987823829, 0.05004100036621094
-1.8101158386746328, -0.8454898633920507, 1.866926391048203, 1.1365234362672725, 0.7504915783575618, 1.7057626676790223, 0.348472431528969, 0.050041999816894535
-1.8101332823797727, -0.8455247508023308, 1.866071116864124, 1.1365234362672725, 0.750264677032687, 1.7057975550893023, 0.348489875234109, 0.05004100036621094
-1.8100809512643525, -0.8455073070971908, 1.8654078565946397, 1.1364187740364324, 0.7500727296971195, 1.7058498862047224, 0.34850735222876267, 0.05004100036621094
-1.8100809512643525, -0.8455421945074708, 1.8653206380689398, 1.1364187740364324, 0.7499330468979448, 1.7059371047304226, 0.3485247959339027, 0.05004000091552734
-1.8100460638540725, -0.8455421945074708, 1.8652508632483795, 1.1363664429210123, 0.7498807157825248, 1.706024456414177, 0.34855971663369634, 0.05004000091552734
-1.8100460638540725, -0.8455421945074708, 1.8651809552697651, 1.1361744290064175, 0.7498458283722448, 1.7060942312347371, 0.34855971663369634, 0.05004100036621094
-1.8100460638540725, -0.8455945922019181, 1.865128624154345, 1.1361744290064175, 0.7497759869726575, 1.7061465623501573, 0.34862952474377007, 0.05004100036621094
-1.8100460638540725, -0.8455945922019181, 1.8650065182183648, 1.1361395415961375, 0.7497410995623773, 1.7062164703287719, 0.3486644121540501, 0.05004100036621094
-1.8100460638540725, -0.8456120359070581, 1.8648842791243303, 1.1361395415961375, 0.74967125816279, 1.706251357739052, 0.34868188914870374, 0.05004100036621094
-1.8100460638540725, -0.8456294796121981, 1.8648668354191902, 1.1361046541858575, 0.74961892704737, 1.7063036888544718, 0.34871677655898375, 0.05004100036621094
-1.8100460638540725, -0.8456818107276182, 1.8648842791243303, 1.1361395415961375, 0.7495490856477827, 1.706338576264752, 0.34871677655898375, 0.05004100036621094
-1.8100460638540725, -0.8456993210117855, 1.8648493917140503, 1.1361046541858575, 0.7495141982375026, 1.706373463675032, 0.3487342535536374, 0.05004100036621094
-1.8100460638540725, -0.8457167647169255, 1.86481450430377, 1.1361046541858575, 0.7494618671220825, 1.706390907380172, 0.3487691409639175, 0.05004100036621094
-1.8100460638540725, -0.8457516521272055, 1.8647272857780701, 1.1361046541858575, 0.7494269131327753, 1.706408351085312, 0.3487865846690575, 0.05004100036621094
-1.8100460638540725, -0.8457865395374855, 1.8646050466840354, 1.1360872104807176, 0.7493571383122152, 1.7064433716536465, 0.34882150536885115, 0.05004100036621094
-1.8100460638540725, -0.8458389372319328, 1.8644130327694406, 1.1360697667755775, 0.7492872969126279, 1.7064433716536465, 0.34882150536885115, 0.05004100036621094
-1.8100460638540725, -0.845891268347353, 1.8640814692137258, 1.1360523230704374, 0.7491651243976205, 1.7064782590639267, 0.34883894907399116, 0.05004100036621094
-1.8100460638540725, -0.8459436660418003, 1.863872011593991, 1.136017302502103, 0.7490603955877532, 1.7065131464742067, 0.3488564260686448, 0.05004100036621094
-1.8100460638540725, -0.8459785534520803, 1.863837124183711, 1.135947527681543, 0.7489556667778857, 1.7065480338844867, 0.3488564260686448, 0.05004100036621094
-1.8100286201489326, -0.8460308845675003, 1.863819680478571, 1.1359126402712627, 0.7488684482521857, 1.7065829212947667, 0.3488913134789248, 0.05004100036621094
-1.8100460638540725, -0.8460483282726403, 1.863819680478571, 1.1358603091558428, 0.7487986068525984, 1.7066352524101869, 0.3488913134789248, 0.05004100036621094
-1.8100460638540725, -0.8460483282726403, 1.863784793068291, 1.1358254217455628, 0.7487462757371782, 1.7067051603888013, 0.34890875718406483, 0.05004100036621094
-1.8100286201489326, -0.8460832822619476, 1.8636974413845364, 1.1358254217455628, 0.748711321747871, 1.7067749352093615, 0.3489262341787185, 0.05004100036621094
-1.8100286201489326, -0.8461007259670876, 1.8636625539742564, 1.1358079780404227, 0.7486415469273109, 1.7068272663247814, 0.34894367788385855, 0.05004100036621094
-1.8100286201489326, -0.8461181696722276, 1.8634530963545217, 1.1357904011772282, 0.7486065929380036, 1.7068621537350614, 0.34894367788385855, 0.05004100036621094
-1.8100111764437925, -0.8461181696722276, 1.863226195029647, 1.135772957472088, 0.7485542618225836, 1.7068621537350614, 0.34896112158899856, 0.05004100036621094
-1.8099762890335125, -0.8461181696722276, 1.8631389765039468, 1.135772957472088, 0.7485193744123035, 1.7068621537350614, 0.34896112158899856, 0.05004100036621094
-1.809819162529198, -0.8461181696722276, 1.8629992937047721, 1.1355810767155479, 0.7485019307071635, 1.7068795974402016, 0.34896112158899856, 0.05004100036621094
-1.8096271486146032, -0.8461007259670876, 1.862894631473932, 1.1352668237069186, 0.7484669767178562, 1.7068795974402016, 0.34896112158899856, 0.050041999816894535
-1.8093479161743082, -0.8461007259670876, 1.8626851738541972, 1.1351796051812184, 0.7483972018972962, 1.7068795974402016, 0.34896112158899856, 0.050041999816894535
-1.8090163526185934, -0.8460832822619476, 1.8623187228882023, 1.134725802531469, 0.7482575856771487, 1.7068795974402016, 0.34896112158899856, 0.05004100036621094
-1.8082134095499345, -0.845926155757633, 1.8615682440930181, 1.1339229926208647, 0.7480655717625541, 1.7068098226196415, 0.34894367788385855, 0.050042999267578124
-1.8070615923784752, -0.8456643670224782, 1.8596133506948453, 1.132788485996491, 0.7476641668072518, 1.7066352524101869, 0.3489262341787185, 0.05004000091552734
-1.805804846660067, -0.8450186170371612, 1.8587233222585409, 1.1318459932867118, 0.747123079052775, 1.7059022173201424, 0.3487865846690575, 0.050044998168945316
-1.8044610155740128, -0.8443030256522569, 1.8570129070484376, 1.1311652893120876, 0.7463900439627307, 1.705029632588978, 0.34855971663369634, 0.05004000091552734
-1.8024713679236146, -0.8436747193720799, 1.85476133750483, 1.1300134721406283, 0.7454650615371189, 1.7034762107251347, 0.3482630071987479, 0.050035999298095706
-1.800097692444027, -0.842103920382124, 1.8526844713287318, 1.1286695078965199, 0.7445400125324799, 1.7015040067798766, 0.3480186621687331, 0.050051998138427735
-1.7976891295541595, -0.8411614276723449, 1.8499267680199547, 1.1269067615709965, 0.743388062202966, 1.6988685425651342, 0.3477219527337847, 0.05003900146484375
-1.7947918766042623, -0.8397302449025363, 1.8468027469032373, 1.125301008591733, 0.7419045483177374, 1.6960760850041317, 0.3473379581941089, 0.05003499984741211
-1.7913187150686354, -0.8377754846624182, 1.8436611489233252, 1.1232066987104947, 0.740787551977531, 1.6927075856993448, 0.3464478631787771, 0.05004399871826172
-1.787758201849254, -0.8360999568625949, 1.8400134171782436, 1.1207631152522926, 0.7393040380923024, 1.689304198984278, 0.34552284746365175, 0.050036998748779295
-1.7833948787192682, -0.8339706929920493, 1.8354057490182432, 1.1182673338367248, 0.737628510292479, 1.6849583195594322, 0.3447897790840938, 0.050042999267578124
-1.7785603092343927, -0.8317715877219163, 1.8305886232385078, 1.1150559610362527, 0.7354468487274861, 1.6805426653140265, 0.3439869358839758, 0.050042999267578124
-1.7732370496894878, -0.8289441095925791, 1.8251605683047083, 1.1118620319409207, 0.7333175182779132, 1.6752717368845416, 0.34250342199874717, 0.05002799987792969
-1.767023628550224, -0.8262214268521367, 1.8191567379432336, 1.108179346206532, 0.7310835255975002, 1.669355125048767, 0.3416307373990418, 0.05002799987792969
-1.7600249743635503, -0.8230623851670846, 1.8119833803890508, 1.1036938505615388, 0.728168828942463, 1.6622515423151443, 0.34025195232368055, 0.05005500030517578
-1.753340306869397, -0.8198683894927254, 1.8050020367494626, 1.0994178125362801, 0.7250446746676911, 1.6557764655987801, 0.33868115333372456, 0.0500260009765625
-1.7453292519943295, -0.8160984852326365, 1.7969212070538352, 1.09432145431625, 0.7218333018672191, 1.6481144179845675, 0.33742450748385705, 0.050029998779296876
-1.7369516129952127, -0.8122588061519875, 1.7886309197384729, 1.0892425398013599, 0.7184822462675723, 1.6405222783489697, 0.3353650184338715, 0.050035999298095706
-1.7275967270340915, -0.8077733105069943, 1.7792933443244372, 1.0835004315960128, 0.7146774545972033, 1.6314464916700886, 0.33421310139387134, 0.05003099822998047
-1.7174912291197313, -0.8029387410221189, 1.7686293815294873, 1.077287010456749, 0.7102617337727702, 1.6218821480892325, 0.33203143982887845, 0.05002299880981446
-1.7067226040939414, -0.7976678125926341, 1.7572323836444932, 1.0701486068918733, 0.7059682520423717, 1.611392622345683, 0.32946581701372335, 0.05003099822998047
-1.694627458529183, -0.7922223805327219, 1.7449976884386147, 1.0626611960661427, 0.7012907424827838, 1.6000306450290234, 0.3279648261338411, 0.05002799987792969
-1.6824625381438645, -0.7864628286222347, 1.7324661839292468, 1.0551213209669377, 0.6957929793074514, 1.5882321756096998, 0.32518974569895126, 0.050020999908447265
-1.6686220899587227, -0.7799527313375361, 1.7180672708635154, 1.0467088611365682, 0.6900508045230771, 1.575543677754072, 0.3219608959038256, 0.05002299880981446
-1.653874036474082, -0.7730935602129552, 1.7031097597591398, 1.0375633662161543, 0.6841341926873026, 1.56172067327407, 0.31916837176379576, 0.050014999389648436
-1.639352884314316, -0.7665485755179765, 1.688658382419934, 1.0284003610115733, 0.6781127854626334, 1.5481069932557485, 0.31649802013877326, 0.050011001586914065
-1.6236448944147561, -0.7589738795875186, 1.6720603640840694, 1.0181378031719257, 0.6714456282526473, 1.5323641159459087, 0.3133215014590676, 0.05002299880981446
-1.6064010595145475, -0.7508929833128639, 1.6541707126195169, 1.0073516678619685, 0.6644992386023664, 1.5164293578795285, 0.3100053665592146, 0.050014999389648436
-1.5886162034388893, -0.7425678085872217, 1.6358621459154945, 0.9964608037421439, 0.6569943174924686, 1.4995345302401748, 0.3066194568388015, 0.050011001586914065
-1.569260481794248, -0.7334746447822279, 1.6160002905056836, 0.984819460827135, 0.6494719526774307, 1.4820289066048113, 0.3030938643192137, 0.05001699829101563
-1.5499396475598866, -0.7244512557977941, 1.5959465543393323, 0.9723229103070744, 0.6411467113727614, 1.4631444313150597, 0.2992541519490511, 0.050008998870849614
-1.5311598345009747, -0.7157420532429626, 1.576712938630671, 0.9602103210371761, 0.633170543907974, 1.445010434820492, 0.2956762283140433, 0.050011001586914065
-1.509709802975095, -0.7056715093179097, 1.5548439918653219, 0.9475392668866881, 0.6246882426780171, 1.4255151635347305, 0.2914176339939248, 0.05001399993896485
-1.4884690959108955, -0.6956184090979968, 1.5333939603394422, 0.9333147908723568, 0.615507793768296, 1.4045711326159658, 0.2871415626791527, 0.05001300048828125
-1.4656227690254873, -0.6852860764377892, 1.5094131268296602, 0.9197186877172298, 0.6065542461834496, 1.3838541361801304, 0.28295277646910794, 0.050002998352050784
-1.4434222587044232, -0.6743603249076845, 1.4863747860296572, 0.9048834157068889, 0.5968502198034188, 1.3618978377310267, 0.27846728082411476, 0.0500099983215332
-1.4206631503447151, -0.6642373832881844, 1.4625335021609953, 0.8912873125517619, 0.5875825523679976, 1.3409190525600365, 0.27440066712907735, 0.05000099945068359
-1.3968218664760532, -0.6528753393924975, 1.4382211050954985, 0.8756840514620694, 0.577599293547672, 1.318735852786058, 0.26953119358916516, 0.050018001556396484
-1.371724103205092, -0.6411292676676213, 1.4128265325210478, 0.8602728042869716, 0.5673192920028844, 1.29538339213548, 0.26483625696919405, 0.050002998352050784
-1.3467135584598309, -0.6294180833530251, 1.386646593741133, 0.8450883918577213, 0.5571440192679642, 1.271699234771133, 0.25986207126417127, 0.05001399993896485
-1.3211269719707857, -0.6174975079977214, 1.3603271053200978, 0.8282983596072623, 0.5467069245083755, 1.2470551409918667, 0.2549751540191191, 0.05002799987792969
-1.2950867159900452, -0.6054023624329631, 1.3336933638904334, 0.8121540773421201, 0.5354320991383889, 1.22209706052008, 0.24977406698922158, 0.050011001586914065
-1.268208629530366, -0.5929406993231825, 1.3064486933067048, 0.7958003374572433, 0.5248205007483727, 1.1970689389116245, 0.24474751687926513, 0.050033000946044924
-1.2416621066264018, -0.5801649163628272, 1.2784885644961264, 0.7787484498926022, 0.5138423848133344, 1.172267851786098, 0.23956389019926447, 0.05002299880981446
-1.2146095831153223, -0.5678777568834741, 1.2504061965915134, 0.7615220586975336, 0.502340658118473, 1.1466289341816327, 0.23420572659932273, 0.0500099983215332
-1.1887612078911223, -0.5554161270632072, 1.2239470253713036, 0.7453603327272516, 0.49150215840358213, 1.1219673966972263, 0.22931880935427051, 0.050035999298095706
-1.160958072426804, -0.5421690644584486, 1.194992072735526, 0.7278546425128609, 0.4801749686286617, 1.0961714857465008, 0.22385593358921824, 0.05001599884033203
-1.1332074012359603, -0.5294456126135133, 1.165897437300574, 0.7104886350976449, 0.46853362571365287, 1.0691537830666742, 0.21832323306933543, 0.05003799819946289
-1.1065387723960158, -0.5166523526585043, 1.1387401184005999, 0.6934193038278639, 0.45731116474859984, 1.0439512244068183, 0.2132268748493053, 0.050041999816894535
-1.076047841601535, -0.5027944607682225, 1.1072194097916128, 0.674552272243252, 0.4444480966835171, 1.0153103916216157, 0.20765927027438563, 0.050044998168945316
-1.0484018326415316, -0.4897568557831987, 1.0792941683913144, 0.6578495250975203, 0.4337317694836336, 0.9896365866068704, 0.2024232791894513, 0.05003900146484375
-1.019778443561469, -0.47637017695829276, 1.0499726316314875, 0.639453739867798, 0.4217588297233963, 0.9616240601018446, 0.19680332685435475, 0.05005899810791016
-0.991067769376679, -0.46301838554366687, 1.0200402322966238, 0.621215014563363, 0.40975093597385165, 0.9354266776167897, 0.19107864570939087, 0.05004700088500977
-0.9620254650571468, -0.44917793735852507, 0.9900555018463398, 0.6031858134576901, 0.39779543991875427, 0.9079900596974936, 0.18559830959444176, 0.050044998168945316
-0.932389808446745, -0.4357214504235455, 0.9600532611118886, 0.5855579507282921, 0.38585738756879695, 0.8798204732671804, 0.1799608969094484, 0.05005599975585938
-0.9051277607369037, -0.4228234616586691, 0.9320581783120029, 0.5674240208127518, 0.37456511849367025, 0.8542339533571623, 0.17470746211937402, 0.0500629997253418
-0.8761552978169589, -0.4093320540238958, 0.9022653951972865, 0.5503721332481107, 0.36252233733384553, 0.826937018237041, 0.1689653206245133, 0.0500530014038086
-0.8474446236321689, -0.39564869905355504, 0.8722806647470026, 0.5316447511731599, 0.3500083431086449, 0.7995353543070521, 0.1632930038844831, 0.05005599975585938
-0.8186816183319588, -0.3822096558237154, 0.8422435366022714, 0.5133187740535112, 0.33826227138376874, 0.7716450003170339, 0.15789993622950452, 0.05006499862670898
-0.7897614865274342, -0.36917205083869165, 0.8122412958678202, 0.49518481084845734, 0.3262892983340177, 0.7446621850474873, 0.15207054291943006, 0.05006499862670898
-0.7605621222826145, -0.3552093968490288, 0.7831292167277281, 0.4773999214832855, 0.31438616668385405, 0.7165972608480142, 0.14653784239954726, 0.05004999923706055
-0.7324274232625815, -0.34133402796409335, 0.7533888313074589, 0.4595451907185264, 0.3026575386641179, 0.6905046071728267, 0.14114477474456866, 0.05005500030517578
-0.7039436504026663, -0.328418595494077, 0.7239276783274846, 0.4411494054888041, 0.2905449493942195, 0.6632076720527053, 0.13583897554956062, 0.050066001892089845
-0.6764721450730902, -0.31597440937895005, 0.696892531942518, 0.4246386056786398, 0.2795842771643212, 0.6374640256383725, 0.13053317635455255, 0.05005899810791016
-0.6487039635980791, -0.30284951928919895, 0.6672568087530889, 0.40718531315869655, 0.26801275900414284, 0.6115633858777796, 0.12505284023960345, 0.05004600143432617
-0.6210928420483557, -0.28960248997395405, 0.6393838984682106, 0.3898891138535543, 0.2564412241992077, 0.5857848520531669, 0.11971213698955853, 0.050044998168945316
-0.5928709245026225, -0.2771582872140704, 0.6110222981233028, 0.3729593988039206, 0.24509659071914727, 0.5591336669183624, 0.11440632947217208, 0.05002899932861328
-0.5660451691583633, -0.26439993131409817, 0.583638077898454, 0.35555847068891094, 0.23401374597424165, 0.5331108213532485, 0.10910053027716403, 0.050027000427246095
-0.5395510772383598, -0.2519557285542145, 0.5561491621532515, 0.3389603857740194, 0.22273892060425493, 0.5081177203131274, 0.10410889254462284, 0.0500260009765625
-0.5127079114784743, -0.2393195451692497, 0.528695133818329, 0.3225892021840025, 0.21207495780930516, 0.48345621611823475, 0.09878563299971796, 0.05004399871826172
-0.4869817753483089, -0.22780037476924822, 0.5022184856034656, 0.3060260379689046, 0.20120155403937745, 0.45916122946836424, 0.09368927477968783, 0.050044998168945316
-0.46155231536357827, -0.21568778549934983, 0.47584656619846954, 0.290387889468932, 0.19067722410933186, 0.4345520896784053, 0.08895943410467985, 0.05004000091552734
-0.43797292009861205, -0.2044653245342968, 0.45146432773338535, 0.2748893571891069, 0.18085102521429375, 0.41273547402847616, 0.0845786589471756, 0.050035999298095706
-0.41306707087370464, -0.19312067440947955, 0.4261221528533821, 0.26028095321412714, 0.17083282904941774, 0.3893655030937311, 0.0798313579222708, 0.050018001556396484
-0.3893131386887974, -0.18195057784936022, 0.40137336355376213, 0.2454980123192063, 0.16081463288454173, 0.36688566046383136, 0.0751538816521965, 0.05003200149536133
-0.3658559159388386, -0.17104227002439565, 0.3778114119939359, 0.23019147730921904, 0.15083135741945938, 0.3443709304236516, 0.07038912859977325, 0.050012001037597655
-0.3428873832489093, -0.16041321128448272, 0.3542494937236234, 0.21650808904936467, 0.14168582920953188, 0.3231128129438257, 0.06614797798479481, 0.05002299880981446
-0.32128022521871497, -0.14964453632442237, 0.3313507691437678, 0.20179497290927434, 0.13219123548210068, 0.30237830622382306, 0.06174975079977214, 0.05001399993896485
-0.2993588807589185, -0.13974851267455374, 0.30897562203422185, 0.18867009946428, 0.12348204124964746, 0.28209756886405624, 0.05763077269980109, 0.05001900100708008
-0.27810076327909256, -0.12992230545713723, 0.28789207476385065, 0.17510888371943303, 0.11519172896715008, 0.26202627247926735, 0.05365141914235585, 0.05002299880981446
-0.2596526302891934, -0.12147491660459561, 0.26794295089406917, 0.16393877051455688, 0.10733775066212695, 0.24431119122416928, 0.049864058693559296, 0.05002399826049805
-0.24031438563920562, -0.11208504336465336, 0.24823817205430243, 0.15098843398950362, 0.09880308502723639, 0.22595032669424062, 0.0458498010810772, 0.050011001586914065
-0.22176154048419586, -0.10337584913220013, 0.22898719586428523, 0.1397136086195169, 0.09124581615716172, 0.2082875931993194, 0.042324233528624654, 0.050011001586914065
-0.20359265657934827, -0.09484119181968798, 0.21060888762921653, 0.12758356732210008, 0.08414232496970134, 0.19182914114933203, 0.03895575086859474, 0.050018001556396484
-0.18626153657441236, -0.08703956959722013, 0.19305086629940588, 0.11791444499710621, 0.07728317881225572, 0.1757546503495068, 0.03579670502235354, 0.050033000946044924
-0.17044885115449876, -0.07965682932470813, 0.17640043362433738, 0.10752973128720804, 0.07012733154224006, 0.1602735784195785, 0.0326725632311492, 0.050020999908447265
-0.1548805107645999, -0.0723264451347514, 0.1607971891794017, 0.09752899547222886, 0.06405358487977245, 0.1460491523395177, 0.029810222658667253, 0.05002799987792969
-0.14140658012448026, -0.06614797798479481, 0.14666001491455463, 0.08944812416470939, 0.058346355762326975, 0.13316862392453815, 0.027017696438042815, 0.050018001556396484
-0.12803735332709276, -0.05970771377730504, 0.13241812848459703, 0.0804945849022414, 0.052900927863603904, 0.12065461305458076, 0.024486969355546173, 0.050018001556396484
-0.11569787937707644, -0.05372123557480796, 0.12006120250706226, 0.07250097373231405, 0.04787438191483668, 0.1088212811921124, 0.0222005873030643, 0.050020000457763676
-0.10369001059466701, -0.04834561994734779, 0.10780898869463806, 0.06574655222354661, 0.04297000431988763, 0.09761626393219938, 0.0204203514993196, 0.050020000457763676
-0.09365437072465098, -0.0435459628398877, 0.09681341240970297, 0.059236475744793925, 0.038571777134864954, 0.08810421817724974, 0.017715091658071093, 0.05001900100708008
-0.08283332303727854, -0.038309975916142554, 0.08559094312227153, 0.051766467012311385, 0.03417354578865308, 0.07813839473968583, 0.01579522923120598, 0.05002399826049805
-0.07353071825730682, -0.03436553265551797, 0.07595673317469291, 0.04564036010609929, 0.03038618325926193, 0.0691673992885102, 0.014556045811829897, 0.05002399826049805
-0.06546729897730579, -0.03082251515614159, 0.06789330973350267, 0.041119956244880025, 0.027017696438042815, 0.06150540160856817, 0.012444197558397192, 0.05002299880981446
-0.05736897148107869, -0.026773351408028046, 0.05960299328981608, 0.036285395082383085, 0.02401573132303506, 0.05438445839358936, 0.011344639721844222, 0.0500260009765625
-0.05009094753486644, -0.023247785936170093, 0.05178391903982981, 0.03134611343239719, 0.020996310019319675, 0.04752531639733295, 0.009686577473404205, 0.0500260009765625
-0.04368559154360272, -0.020333085119943667, 0.044924772882384195, 0.026703537056170536, 0.018343410421815646, 0.04122467673236898, 0.008552113501219783, 0.050020999908447265
-0.03776892561236854, -0.017662731414326612, 0.038659041433646284, 0.02286381220244031, 0.015899949718694937, 0.035325462828653224, 0.007417649529035361, 0.05002199935913086
-0.03239330998490837, -0.014974924640893833, 0.033073988992397406, 0.019914207331177033, 0.013613567666213066, 0.030560716018013794, 0.005951572587014285, 0.05002399826049805
-0.027628561093674342, -0.012845623319645401, 0.02818706758615599, 0.01747074662805632, 0.01150171941278036, 0.026075218292425983, 0.005393067134829937, 0.05002299880981446
-0.02312561342116271, -0.010821041445588627, 0.02399827721492203, 0.014451326364638238, 0.009494591646836614, 0.02190388202930505, 0.004625122268113621, 0.050020999908447265
-0.01937315494680841, -0.009145525089035584, 0.020141100333673376, 0.012374384246836985, 0.007976154461071059, 0.018343410421815646, 0.0037699112820956983, 0.050020999908447265
-0.016057029409631076, -0.007278022905914948, 0.016702801241191355, 0.009738937717148686, 0.006614798006538942, 0.015062191020269766, 0.0028274333965531925, 0.0500260009765625
-0.01289798356338988, -0.005951572587014285, 0.013718288153702025, 0.007836528358099297, 0.005550146825766075, 0.012479103694028644, 0.0024783676189751376, 0.05002500152587891
-0.010367255440595939, -0.00472984223545393, 0.010262535993404279, 0.0058468531398226265, 0.00448549616514186, 0.009756390784964411, 0.0021467550392499715, 0.05002299880981446
-0.008307767430907711, -0.0037175512984255433, 0.008604473224815612, 0.004345869802095772, 0.0035430182795993534, 0.007784168634503467, 0.001902408838900738, 0.05002299880981446
-0.006492624971382906, -0.0028274333965531925, 0.006038838966390217, 0.0031590458462411957, 0.0028972464480390733, 0.006230825313106459, 0.0016057029149556751, 0.0500260009765625
-0.004921828582170172, -0.002181661564992912, 0.004310963146315669, 0.002216568220773015, 0.0023038346001489473, 0.004921828582170172, 0.0009599310833953948, 0.05002500152587891
-0.003560471607489405, -0.001658062768588667, 0.00338593884873754, 0.0013962633703865446, 0.0018675023131577975, 0.0034732052281134726, 0.0005585053871657666, 0.05002399826049805
-0.0028448867244432437, -0.0011693706279645253, 0.0019722220204237816, 0.0005934119779272884, 0.001326450188863501, 0.002652900377727002, 0.0003141592518351144, 0.05002299880981446
-0.0018675023131577975, -0.0007155850130833238, 0.001710422622221659, 0.00019198621667907895, 0.00106465085567996, 0.0021991148928829636, 0.0002268928074406007, 0.05002399826049805
-0.001326450188863501, -0.00041887902411967965, 0.0015707963892127347, -1.7453293348930207e-05, 0.0008028514574778376, 0.0019722220204237816, 0.00013962634679144165, 0.05002500152587891
-0.0011344639721844222, -0.00034906584259663615, 0.0013439035167535527, -8.726646064915904e-05, 0.0006806784223218021, 0.00169296942436877, 0.00010471975602991991, 0.05002399826049805
-0.0009773844112854462, -0.0002967059889636442, 0.0011693706279645253, -0.00010471975602991991, 0.0005585053871657666, 0.0010995574464414818, 8.726646064915904e-05, 0.05002399826049805
-0.0007853981946063673, -0.0002268928074406007, 0.0010995574464414818, -0.00010471975602991991, 0.0004886922056427231, 0.0006283185036702288, 6.981317339572083e-05, 0.05002399826049805
-0.00041887902411967965, -0.00020943951205983983, 0.0008377580482393593, -0.00010471975602991991, 0.00043633231950044053, 0.0004886922056427231, 6.981317339572083e-05, 0.05002399826049805
-0.00010471975602991991, -0.00017453292129831807, 0.0006108652407987586, -0.00010471975602991991, 0.00041887902411967965, 0.00041887902411967965, 5.235987801495996e-05, 0.05002399826049805
-6.981317339572083e-05, -0.0001570796259175572, 1.7453293348930207e-05, -0.00010471975602991991, 0.000366519137977397, 0.0003839724333581579, 3.4906586697860414e-05, 0.05002399826049805
-5.235987801495996e-05, -0.00013962634679144165, -3.4906586697860414e-05, -0.00010471975602991991, 0.00033161254721587527, 0.000366519137977397, 3.4906586697860414e-05, 0.05002399826049805
-3.4906586697860414e-05, -0.00013962634679144165, -6.981317339572083e-05, -0.00010471975602991991, 0.0003141592518351144, 0.00034906584259663615, 3.4906586697860414e-05, 0.05002399826049805
-3.4906586697860414e-05, -0.00012217305141068078, -0.00010471975602991991, -0.00010471975602991991, 0.0002967059889636442, 0.00033161254721587527, 3.4906586697860414e-05, 0.05002399826049805
-3.4906586697860414e-05, -0.00013962634679144165, -0.0001570796259175572, -0.00010471975602991991, 0.0002792526935828833, 0.00033161254721587527, 1.7453293348930207e-05, 0.05002399826049805
-3.4906586697860414e-05, -0.00012217305141068078, -0.0003141592518351144, -0.00010471975602991991, 0.0002617993819474771, 0.0002967059889636442, 3.4906586697860414e-05, 0.05002399826049805
-3.4906586697860414e-05, -0.00012217305141068078, -0.0006283185036702288, -0.00010471975602991991, 0.0002268928074406007, 0.0002792526935828833, 1.7453293348930207e-05, 0.05002399826049805
-3.4906586697860414e-05, -0.00012217305141068078, -0.0008028514574778376, -0.00010471975602991991, 0.0002268928074406007, 0.0002617993819474771, 1.7453293348930207e-05, 0.05002399826049805
-1.7453293348930207e-05, -0.00012217305141068078, -0.0008726646390008811, -0.00010471975602991991, 0.00019198621667907895, 0.0002617993819474771, 1.7453293348930207e-05, 0.05002399826049805
-3.4906586697860414e-05, -0.00012217305141068078, -0.0009075712297624028, -0.00010471975602991991, 0.00017453292129831807, 0.00024434610282136155, 1.7453293348930207e-05, 0.05002399826049805
-1.7453293348930207e-05, -0.00012217305141068078, -0.0009075712297624028, -0.00010471975602991991, 0.0001570796259175572, 0.0002268928074406007, 3.4906586697860414e-05, 0.05002399826049805
-3.4906586697860414e-05, -0.00012217305141068078, -0.0009075712297624028, -0.00010471975602991991, 0.00013962634679144165, 0.0002268928074406007, 1.7453293348930207e-05, 0.05002399826049805
-3.4906586697860414e-05, -0.00012217305141068078, -0.0009075712297624028, -0.00012217305141068078, 0.00013962634679144165, 0.00020943951205983983, 1.7453293348930207e-05, 0.05002399826049805
-1.7453293348930207e-05, -0.00012217305141068078, -0.0009075712297624028, -0.00010471975602991991, 0.00010471975602991991, 0.00020943951205983983, 1.7453293348930207e-05, 0.05002399826049805
-1.7453293348930207e-05, -0.00012217305141068078, -0.0009075712297624028, -0.00010471975602991991, 0.00010471975602991991, 0.00019198621667907895, 1.7453293348930207e-05, 0.05002399826049805
-1.7453293348930207e-05, -0.00012217305141068078, -0.0009075712297624028, -0.00010471975602991991, 8.726646064915904e-05, 0.00017453292129831807, 1.7453293348930207e-05, 0.05002399826049805
-1.7453293348930207e-05, -0.00012217305141068078, -0.0009075712297624028, -0.00010471975602991991, 8.726646064915904e-05, 0.00017453292129831807, 1.7453293348930207e-05, 0.05002399826049805
-1.7453293348930207e-05, -0.00012217305141068078, -0.0009075712297624028, -0.00010471975602991991, 6.981317339572083e-05, 0.00017453292129831807, 1.7453293348930207e-05, 0.05002399826049805
-1.7453293348930207e-05, -0.00012217305141068078, -0.0009075712297624028, -0.00010471975602991991, 6.981317339572083e-05, 0.00017453292129831807, 1.7453293348930207e-05, 0.05002399826049805
-1.7453293348930207e-05, -0.00012217305141068078, -0.0009075712297624028, -0.00010471975602991991, 6.981317339572083e-05, 0.0001570796259175572, 0.0, 0.05002399826049805
0.0, -0.00012217305141068078, -0.0009075712297624028, -0.00012217305141068078, 6.981317339572083e-05, 0.00013962634679144165, 1.7453293348930207e-05, 0.05002399826049805
-1.7453293348930207e-05, -0.00012217305141068078, -0.0009075712297624028, -0.00012217305141068078, 5.235987801495996e-05, 0.00013962634679144165, 1.7453293348930207e-05, 0.05002399826049805
-1.7453293348930207e-05, -0.00012217305141068078, -0.0009075712297624028, -0.00010471975602991991, 3.4906586697860414e-05, 0.00013962634679144165, 1.7453293348930207e-05, 0.05002399826049805
-1.7453293348930207e-05, -0.00012217305141068078, -0.0009075712297624028, -0.00010471975602991991, 3.4906586697860414e-05, 0.00013962634679144165, 1.7453293348930207e-05, 0.05002399826049805
0.0, -0.00012217305141068078, -0.0009075712297624028, -0.00012217305141068078, 3.4906586697860414e-05, 0.00013962634679144165, 1.7453293348930207e-05, 0.05002399826049805
-1.7453293348930207e-05, -0.00012217305141068078, -0.0009075712297624028, -0.00012217305141068078, 3.4906586697860414e-05, 0.00013962634679144165, 1.7453293348930207e-05, 0.05002399826049805
0.0, -0.00012217305141068078, -0.0009075712297624028, -0.00010471975602991991, 3.4906586697860414e-05, 0.00012217305141068078, 1.7453293348930207e-05, 0.05002399826049805
0.0, -0.00012217305141068078, -0.0009075712297624028, -0.00012217305141068078, 3.4906586697860414e-05, 0.00012217305141068078, 1.7453293348930207e-05, 0.05002399826049805
0.0, -0.00012217305141068078, -0.0009075712297624028, -0.00012217305141068078, 3.4906586697860414e-05, 0.00010471975602991991, 0.0, 0.05002399826049805
0.0, -0.00012217305141068078, -0.0009075712297624028, -0.00012217305141068078, 3.4906586697860414e-05, 0.00010471975602991991, 0.0, 0.05002399826049805
0.0, -0.00012217305141068078, -0.0009075712297624028, -0.00012217305141068078, 3.4906586697860414e-05, 0.00010471975602991991, 0.0, 0.05002399826049805
0.0, -0.00010471975602991991, -0.0009075712297624028, -0.00012217305141068078, 1.7453293348930207e-05, 0.00010471975602991991, 1.7453293348930207e-05, 0.05002399826049805
0.0, -0.00010471975602991991, -0.0009075712297624028, -0.00012217305141068078, 1.7453293348930207e-05, 0.00010471975602991991, 1.7453293348930207e-05, 0.05002399826049805
0.0, -0.00010471975602991991, -0.0009075712297624028, -0.00012217305141068078, 1.7453293348930207e-05, 0.00010471975602991991, 1.7453293348930207e-05, 0.05002399826049805
0.0, -0.00010471975602991991, -0.0009075712297624028, -0.00013962634679144165, 1.7453293348930207e-05, 0.00010471975602991991, 1.7453293348930207e-05, 0.05002399826049805
0.0, -0.00010471975602991991, -0.0009075712297624028, -0.00013962634679144165, 1.7453293348930207e-05, 0.00010471975602991991, 0.0, 0.05002399826049805
0.0, -0.00010471975602991991, -0.0009075712297624028, -0.00013962634679144165, 0.0, 0.00010471975602991991, 0.0, 0.05002399826049805
0.0, -0.00010471975602991991, -0.0009075712297624028, -0.00012217305141068078, 1.7453293348930207e-05, 0.00010471975602991991, 1.7453293348930207e-05, 0.05002399826049805
0.0, -0.00010471975602991991, -0.0009075712297624028, -0.00012217305141068078, 0.0, 8.726646064915904e-05, 0.0, 0.05002399826049805
0.0, -0.00010471975602991991, -0.0009075712297624028, -0.00010471975602991991, 6.981317339572083e-05, 8.726646064915904e-05, 3.4906586697860414e-05, 0.05002399826049805
0.0, -0.00010471975602991991, -0.0009075712297624028, -0.00010471975602991991, 6.981317339572083e-05, 6.981317339572083e-05, 3.4906586697860414e-05, 0.05002399826049805
0.0, -0.00010471975602991991, -0.0009075712297624028, -0.00010471975602991991, 6.981317339572083e-05, 6.981317339572083e-05, 3.4906586697860414e-05, 0.05002399826049805
0.0, -0.00012217305141068078, -0.0009075712297624028, -0.00010471975602991991, 6.981317339572083e-05, 8.726646064915904e-05, 3.4906586697860414e-05, 0.05002399826049805
0.0, -0.00010471975602991991, -0.0009075712297624028, -0.00010471975602991991, 6.981317339572083e-05, 6.981317339572083e-05, 3.4906586697860414e-05, 0.05002399826049805
0.0, -0.00010471975602991991, -0.0009075712297624028, -0.00010471975602991991, 6.981317339572083e-05, 6.981317339572083e-05, 3.4906586697860414e-05, 0.05002399826049805
0.0, -0.00010471975602991991, -0.0009075712297624028, -0.00010471975602991991, 6.981317339572083e-05, 8.726646064915904e-05, 3.4906586697860414e-05, 0.05002399826049805
0.0, -0.00010471975602991991, -0.0009075712297624028, -0.00010471975602991991, 6.981317339572083e-05, 8.726646064915904e-05, 3.4906586697860414e-05, 0.05002399826049805
0.0, -0.00010471975602991991, -0.0009075712297624028, -0.00010471975602991991, 6.981317339572083e-05, 6.981317339572083e-05, 3.4906586697860414e-05, 0.05002399826049805
